id,epoch,z0,z1,width,height,Ug,gp,thickness_roofA,thickness_construction_Structure,thickness_construction_Insulation,energy
0,100,1.7640524,0.4001572,3.485973,1.0,0.86867976,0.68475795,0.24756587,0.14000002,0.17599633,45927.297055334355
1,100,0.978738,2.2408931,2.5059135,1.0,1.2,0.60672784,0.24899101,0.14162184,0.15,47913.03257172941
2,100,1.867558,-0.9772779,3.4994125,1.376938,0.45007783,0.68899703,0.24329633,0.14,0.29999673,43665.89563526132
3,100,0.95008844,-0.1513572,3.4809246,1.0106363,0.47599107,0.66296303,0.22409251,0.14001012,0.292752,44701.77029466318
4,100,-0.10321885,0.41059852,3.050252,1.04322,1.1472234,0.5642775,0.18355177,0.16611293,0.15322594,47109.5185739435
5,100,0.14404356,1.4542735,2.536876,1.0,1.199995,0.5688497,0.23080993,0.17616719,0.15000014,48050.195619034406
6,100,0.7610377,0.121675014,3.443052,1.0006385,0.6267452,0.6411284,0.22035155,0.14004622,0.23354372,45211.94150704238
7,100,0.44386324,0.33367434,3.2607813,1.0004371,0.9676834,0.6035619,0.2098249,0.14105707,0.16514502,46505.48560047806
8,100,1.4940791,-0.20515826,3.4952,1.0003537,0.46219754,0.68537045,0.24134101,0.14000013,0.29735368,44701.97870543222
9,100,0.3130677,-0.85409576,3.4892156,1.4999402,0.45296335,0.5875952,0.17286918,0.14110859,0.299748,43349.421511380744
10,100,-2.5529897,0.6536186,3.4292283,1.498631,1.1999872,0.4690432,0.20772651,0.19995083,0.15000081,46134.385700444145
11,100,0.8644362,-0.742165,3.4922576,1.4971508,0.45118815,0.64380026,0.2050323,0.14001973,0.299896,43400.64500599031
12,100,2.2697546,-1.4543657,3.4999053,1.4960012,0.45000374,0.69248635,0.24586222,0.14,0.29999995,43475.0084906199
13,100,0.045758516,-0.18718386,3.3823867,1.4770652,0.5127495,0.57216036,0.17290074,0.14974585,0.2806837,43637.980530804634
14,100,1.5327792,1.4693588,2.8256252,1.0,1.1999424,0.65956295,0.24904162,0.14000285,0.15000087,47415.41807506613
15,100,0.15494743,0.37816253,3.0701244,1.0042083,1.0789521,0.5759366,0.19463894,0.1507451,0.15829301,46995.57001336824
16,100,-0.88778573,-1.9807965,3.499343,1.5,0.45024362,0.4642218,0.16297843,0.19392128,0.29999843,43578.84849220847
17,100,-0.34791216,0.15634897,3.2729998,1.4159814,0.93960613,0.55005056,0.17898548,0.1704362,0.17465828,45287.354658558135
18,100,1.2302907,1.2023798,2.8990424,1.0,1.1995862,0.64628834,0.24711686,0.14001733,0.15000871,47353.30940196969
19,100,-0.3873268,-0.30230275,3.4398565,1.4944707,0.54350185,0.52687824,0.17268372,0.16811308,0.27272007,43726.28312778322
20,100,-1.048553,-1.420018,3.4980216,1.4999998,0.4536076,0.46677694,0.16609512,0.19455284,0.29990256,43588.95188631532
21,100,-1.7062702,1.9507754,2.525754,1.0008253,1.2,0.48307985,0.2218746,0.19996613,0.15,48299.05623191101
22,100,-0.5096522,-0.4380743,3.4628973,1.4984978,0.5230101,0.5127429,0.17184919,0.1742663,0.2831508,43668.107329104925
23,100,-1.2527953,0.7774904,2.9801006,1.3443557,1.1997615,0.49755138,0.2009139,0.19853354,0.15001045,46733.29251941556
24,100,-1.6138978,-0.21274029,3.4908905,1.4997497,1.1381295,0.47695234,0.17998013,0.19713281,0.15893339,45775.118492717855
25,100,-0.89546657,0.3869025,3.2426777,1.4424384,1.1860491,0.5194957,0.18862912,0.19238108,0.15087669,46151.33789031551
26,100,-0.51080513,-1.1806322,3.4926639,1.4999974,0.45318803,0.48967668,0.16662794,0.18071273,0.29988343,43519.08668339771
27,100,-0.028182229,0.42833188,3.0119681,1.0156971,1.1491516,0.56678385,0.18660004,0.16418548,0.15323794,47241.16959586136
28,100,0.06651722,0.3024719,3.1114419,1.0248013,1.0206892,0.5717189,0.18703893,0.15533589,0.1641526,46731.09051608337
29,100,-0.6343221,-0.36274117,3.4666843,1.4979736,0.57950574,0.50768274,0.17329597,0.17601083,0.26205313,43842.25879164555
30,100,-0.67246044,-0.35955316,3.4689064,1.4981041,0.59454155,0.5056394,0.17338203,0.17702255,0.25788853,43887.80430280711
31,100,-0.8131463,-1.7262826,3.4986408,1.5,0.45059818,0.46874374,0.16412884,0.1919178,0.29999313,43569.01059339812
32,100,0.17742614,-0.40178093,3.447327,1.4963161,0.47131705,0.58317137,0.17447405,0.1436603,0.29533657,43431.57042860156
33,100,-1.6301984,0.46278226,3.372041,1.490928,1.1991324,0.49135208,0.19572075,0.19906764,0.1500565,46102.62828686007
34,100,-0.9072984,0.051945396,3.4327207,1.4915309,1.0815189,0.5177927,0.1804108,0.18869442,0.1623126,45537.53523536513
35,100,0.7290906,0.12898292,3.4371579,1.0007315,0.63764817,0.638198,0.21885976,0.14006014,0.22960871,45255.89364518626
36,100,1.1394007,-1.2348258,3.4988065,1.4999666,0.4500839,0.6581077,0.20662525,0.14000241,0.29999706,43404.20592010737
37,100,0.40234163,-0.6848101,3.4834378,1.4995779,0.45426798,0.60217416,0.17861734,0.14067353,0.29946154,43364.46770628105
38,100,-0.87079716,-0.5788497,3.486041,1.499758,0.54188097,0.4889362,0.1728592,0.18536767,0.27827314,43758.65917259918
39,100,-0.31155252,0.05616534,3.3353832,1.4439478,0.78666586,0.5539127,0.17657259,0.16682127,0.20018786,44659.34496233947
40,100,-1.1651498,0.9008265,2.8444283,1.1988157,1.1999041,0.5004313,0.20132956,0.19871368,0.15000378,47229.65425499741
41,100,0.46566245,-1.5362437,3.4989543,1.4999999,0.45016286,0.58925676,0.1694421,0.14026079,0.29999688,43332.81410341717
42,100,1.4882522,1.8958892,2.5634146,1.0,1.1999986,0.6498065,0.24943748,0.14001247,0.15000002,47760.232250273955
43,100,1.1787796,-0.17992483,3.4893985,1.0028057,0.46815985,0.6747377,0.23310661,0.14000167,0.29545596,44707.91630632576
44,100,-1.0707526,1.0544517,2.7237842,1.0555215,1.1999718,0.50871235,0.20160002,0.19883235,0.15000084,47786.18568095656
45,100,-0.40317693,1.222445,2.612531,1.0000993,1.199986,0.5446135,0.20551535,0.19189265,0.15000035,48033.36750734334
46,100,0.20827498,0.97663903,2.6588924,1.0000021,1.1994456,0.5732974,0.22037289,0.15929356,0.15002203,47815.530044947045
47,100,0.3563664,0.7065732,2.8578188,1.0000108,1.189667,0.5863034,0.2181012,0.14537285,0.15046424,47485.112395529555
48,100,0.01050002,1.7858706,2.513028,1.0,1.1999998,0.5601831,0.23411429,0.19044966,0.15,48152.06034105651
49,100,0.12691209,0.40198937,3.042148,1.0043108,1.1069815,0.57325566,0.1940927,0.15317363,0.15623903,47104.84670614858
50,100,1.8831507,-1.347759,3.4997494,1.4989667,0.45001203,0.6852143,0.24021146,0.14,0.29999977,43458.32883182773
51,100,-1.270485,0.9693967,2.8145785,1.1912211,1.1999583,0.4954709,0.20400816,0.19915293,0.15000156,47296.82568737269
52,100,-1.1731234,1.9436212,2.5217564,1.0000321,1.2,0.50392944,0.2209023,0.1997853,0.15,48266.19968321275
53,100,-0.41361898,-0.7474548,3.4763434,1.4998716,0.46517065,0.5075024,0.16922526,0.17397514,0.298496,43519.47271315297
54,100,1.922942,1.4805148,3.0669427,1.0,1.199903,0.67632043,0.24965668,0.14000009,0.15000086,47118.90548312876
55,100,1.867559,0.90604466,3.4313643,1.0,1.1873832,0.6796701,0.24908084,0.14000003,0.15018754,46750.29240484358
56,100,-0.86122566,1.9100649,2.521306,1.000004,1.2,0.5201756,0.22213188,0.19921999,0.15,48235.753678332534
57,100,-0.26800337,0.8024564,2.7954159,1.0029892,1.1989964,0.55343276,0.19354711,0.1815737,0.15003714,47735.89069970002
58,100,0.947252,-0.15501009,3.4809055,1.0114124,0.47546977,0.6627375,0.22391346,0.14001031,0.29294384,44697.804786109074
59,100,0.61407936,0.9222067,2.7970946,1.0,1.197587,0.6029332,0.23455164,0.14119405,0.1500831,47537.61451672314
60,100,0.37642553,-1.0994008,3.4953852,1.4999936,0.45102102,0.58910996,0.17186517,0.14062034,0.29994845,43339.76442227651
61,100,0.2982382,1.3263859,2.559792,1.0,1.199975,0.5745226,0.2335955,0.16027172,0.15000077,47954.58446196144
62,100,-0.69456786,-0.14963454,3.451127,1.4934208,0.79017377,0.51713324,0.17535509,0.17769003,0.20954086,44497.04211864997
63,100,-0.43515354,1.8492638,2.517139,1.0000001,1.2,0.54204005,0.22405061,0.1970729,0.15,48194.87413415892
64,100,0.67229474,0.40746182,3.3128786,1.0000217,1.0172033,0.62179965,0.22470045,0.14018019,0.15887183,46591.03867762422
65,100,-0.76991606,0.5392492,3.0657282,1.3222446,1.1943977,0.5205697,0.19022189,0.19277911,0.15030034,46602.02928271087
66,100,-0.6743327,0.031830557,3.4116664,1.4839176,0.96683097,0.5300415,0.17844671,0.18093626,0.17598927,45139.40617192453
67,100,-0.6358461,0.67643327,2.9197423,1.1235639,1.1979074,0.5316242,0.18979916,0.1924791,0.15008692,47266.06017731319
68,100,0.57659084,-0.20829876,3.4571772,1.2310951,0.47501376,0.6312654,0.20217964,0.14017323,0.29316816,44030.24269251633
69,100,0.3960067,-1.0930616,3.4954672,1.4999931,0.4509977,0.59154797,0.17249054,0.14053634,0.29994816,43340.699042084925
70,100,-1.4912575,0.4393917,3.3578768,1.4876624,1.198421,0.496036,0.1940991,0.19856703,0.15010235,46099.76934121168
71,100,0.1666735,0.63503146,2.860901,1.0001845,1.18743,0.57334656,0.20564175,0.15508235,0.15065834,47524.113466579845
72,100,2.3831449,0.94447947,3.477406,1.0,1.1854494,0.6912565,0.24974167,0.14,0.15020317,46687.60816731729
73,100,-0.91282225,1.1170163,2.6810877,1.0156715,1.1999793,0.5146019,0.19983338,0.19832194,0.15000053,47966.34733939461
74,100,-1.3159074,-0.4615846,3.4920218,1.4998157,0.83060145,0.47750118,0.17490266,0.19287255,0.21084079,44643.39193454914
75,100,-0.0682416,1.7133427,2.516947,1.0,1.1999998,0.55566573,0.22993806,0.19206305,0.15,48157.32652534134
76,100,-0.74475485,-0.82643855,3.4888577,1.4999571,0.4751493,0.48781478,0.16873793,0.18623294,0.297542,43590.35252428515
77,100,-0.09845252,-0.6634783,3.4649136,1.499674,0.4633175,0.5395278,0.16920316,0.15743205,0.29859096,43445.77789712259
78,100,1.1266359,-1.0799315,3.4980416,1.4997892,0.45016998,0.6591174,0.21091163,0.14000258,0.29999256,43409.12739801098
79,100,-1.1474687,-0.43782005,3.4887407,1.4996533,0.753642,0.48315415,0.17429157,0.1898606,0.22374566,44400.53465377747
80,100,-0.49803245,1.929532,2.5144591,1.0000001,1.2,0.5383918,0.22520487,0.19777666,0.15,48208.526834099335
81,100,0.9494208,0.08755124,3.4667873,1.0002557,0.5776729,0.65599084,0.2285502,0.14001028,0.25285423,45024.54322620733
82,100,-1.2254355,0.844363,2.9142864,1.2798203,1.1998585,0.49723527,0.20159678,0.19872984,0.15000586,46956.14180760095
83,100,-1.0002153,-1.5447711,3.4984028,1.5,0.45175406,0.4659276,0.16565888,0.194027,0.29996592,43583.42886319076
84,100,1.1880298,0.3169426,3.4585638,1.0000011,0.82777387,0.6636789,0.23977323,0.14000191,0.18130296,45863.84230592951
85,100,0.9208588,0.31872764,3.421877,1.0000086,0.86438715,0.64574957,0.23207548,0.14001693,0.17391333,46051.95585340029
86,100,0.8568306,-0.6510256,3.4901886,1.4911851,0.4517651,0.6425146,0.20805977,0.14002019,0.29981554,43413.712239949215
87,100,-1.0342429,0.6815945,3.0087495,1.3258771,1.1990974,0.50666267,0.19623661,0.19705118,0.15004298,46714.78208083499
88,100,-0.80340964,-0.6895498,3.4869905,1.4998834,0.5021413,0.48863116,0.17082763,0.18575588,0.29181015,43650.9196260368
89,100,-0.4555325,0.017479159,3.38464,1.4703681,0.82558876,0.5428499,0.17678306,0.17176265,0.19658624,44692.62263794092
90,100,-0.35399392,-1.3749512,3.4954646,1.4999995,0.4512452,0.4955165,0.16576219,0.17277104,0.29997492,43475.847587863216
91,100,-0.6436184,-2.2234032,3.499623,1.5,0.45007062,0.4678174,0.16212326,0.18779066,0.29999983,43548.80240289819
92,100,0.62523144,-1.6020577,3.4993448,1.5,0.45008492,0.6064784,0.17346473,0.14007485,0.2999984,43342.35652829359
93,100,-1.1043833,0.05216508,3.4503064,1.4954982,1.1317296,0.507538,0.18168327,0.19298214,0.15705943,45725.74675380225
94,100,-0.739563,1.5430146,2.558022,1.0000732,1.1999996,0.52683324,0.21283665,0.19814008,0.15,48164.97042271236
95,100,-1.2928569,0.26705086,3.4079072,1.4916412,1.1902552,0.5047219,0.1879312,0.1970119,0.15075319,45994.44369591477
96,100,-0.039282817,-1.1680934,3.4922404,1.4999963,0.45185423,0.5341946,0.16612048,0.15259925,0.29994053,43381.81492962354
97,100,0.5232767,-0.17154633,3.4490469,1.2151395,0.48265523,0.6269672,0.1995626,0.14026825,0.29045403,44096.24775545845
98,100,0.77179056,0.82350415,2.9912953,1.0,1.1934445,0.6201358,0.2365073,0.14028388,0.15022798,47281.44881036782
99,100,2.163236,1.336528,3.326465,1.0,1.1994992,0.68413526,0.24977987,0.14,0.15000354,46852.192816554714
100,100,-0.36918184,-0.23937918,3.430566,1.4907975,0.5647292,0.5309107,0.17336112,0.16632167,0.26304477,43799.04151963394
101,100,1.0996596,0.6552637,3.328684,1.0,1.154809,0.6480429,0.24235676,0.14000915,0.15116462,46838.0097999842
102,100,0.64013153,-1.616956,3.4993873,1.5,0.4500772,0.60797864,0.17380628,0.14006615,0.29999858,43343.35189058909
103,100,-0.024326125,-0.7380309,3.4725857,1.4998266,0.45934305,0.54742426,0.16862066,0.1529783,0.29918337,43412.23324171067
104,100,0.2799246,-0.09815039,3.4026933,1.3154154,0.5112716,0.6019117,0.18642245,0.14182538,0.27901623,43950.85221144454
105,100,0.9101789,0.3172182,3.4203925,1.0000095,0.8635637,0.6449699,0.23165148,0.14001843,0.17399086,46052.18561389392
106,100,0.78632796,-0.4664191,3.482708,1.4394653,0.45471781,0.64245546,0.20928448,0.14003117,0.2992611,43513.63947575966
107,100,-0.94444627,-0.4100497,3.483111,1.4993055,0.6713331,0.49085712,0.17373987,0.18499179,0.2406359,44133.78434525368
108,100,-0.017020414,0.37915173,3.0491626,1.0243092,1.1197834,0.56773156,0.18535058,0.16245885,0.1554674,47088.23511951603
109,100,2.259309,-0.042257152,3.4988904,1.0000001,0.47100815,0.695696,0.248806,0.14,0.29480094,44718.11439244061
110,100,-0.955945,-0.34598178,3.4803352,1.4989626,0.73840415,0.49401447,0.1744301,0.18521324,0.22422238,44342.10068402693
111,100,-0.463596,0.48148146,3.0445647,1.2068145,1.182928,0.54200125,0.18480995,0.18465559,0.15088516,46808.14775727848
112,100,-1.540797,0.06326199,3.473834,1.498842,1.1830058,0.4893012,0.18489443,0.19782639,0.1518127,45950.7779605047
113,100,0.15650654,0.23218104,3.195411,1.022337,0.87719953,0.5790082,0.1892095,0.14789213,0.18025163,46223.39048591725
114,100,-0.5973161,-0.23792173,3.4535847,1.4945395,0.6503674,0.5167462,0.17388886,0.1735556,0.23937002,44058.04007391108
115,100,-1.424061,-0.49331987,3.4938846,1.4998885,0.8619287,0.4738158,0.1750778,0.1943874,0.20635796,44744.52632737196
116,100,-0.54286146,0.41605005,3.1115408,1.3184218,1.1737089,0.53483963,0.18522835,0.1853949,0.15159263,46448.41666115892
117,100,-1.1561824,0.7811981,2.9523165,1.3006698,1.1997124,0.50047815,0.19960338,0.19825193,0.15001258,46854.80653949281
118,100,1.4944845,-2.069985,3.4999497,1.5,0.45000148,0.6682887,0.20415929,0.14000013,0.3,43411.7850671412
119,100,0.42625874,0.676908,2.9213498,1.0000074,1.1842513,0.592502,0.22069055,0.14291291,0.15070814,47386.41696730759
120,100,-0.63743705,-0.3972718,3.4688997,1.4984347,0.56271327,0.50648266,0.1731984,0.17675507,0.2680773,43793.71324679178
121,100,-0.13288058,-0.29779088,3.4064841,1.4916683,0.5042517,0.54649425,0.17169029,0.1597092,0.28662443,43609.17575144672
122,100,-0.30901298,-1.6760038,3.4981196,1.5,0.4503595,0.49465185,0.1641062,0.16857277,0.29999638,43453.49625933257
123,100,1.1523316,1.0796186,2.9751425,1.0,1.1988877,0.64331955,0.24596266,0.14002316,0.15002576,47272.44659261243
124,100,-0.81336427,-1.4664243,3.4974542,1.4999998,0.4516998,0.47223002,0.16561572,0.19081983,0.29996365,43565.846589156274
125,100,0.5210649,-0.57578796,3.4793043,1.4973642,0.4546975,0.61662984,0.18722135,0.14030094,0.2993299,43383.951197598064
126,100,0.14195317,-0.31932843,3.4294398,1.4923804,0.4812466,0.58082473,0.17437255,0.14486614,0.2920236,43477.87242971041
127,100,0.69153875,0.6947491,3.0736668,1.0000005,1.1819887,0.6163775,0.23155384,0.1403869,0.15070647,47176.491452859525
128,100,-0.7255974,-1.383364,3.4965038,1.4999996,0.45203197,0.47644234,0.1658878,0.18852305,0.29994905,43554.74621397589
129,100,-1.5829384,0.6103794,3.258709,1.4758078,1.1996462,0.49107152,0.20016754,0.19911803,0.15001862,46223.071152640965
130,100,-1.1888592,-0.5068163,3.4912825,1.4998076,0.70883334,0.47896188,0.17383234,0.19073866,0.23568608,44259.215096490705
131,100,-0.596314,-0.052567296,3.4255424,1.486181,0.8323513,0.5288814,0.17641184,0.17573902,0.19875512,44659.69616294666
132,100,-1.9362798,0.1887786,3.47648,1.4993925,1.1978654,0.48061773,0.19101283,0.19942534,0.15021713,46039.680582492765
133,100,0.52389103,0.08842209,3.4126816,1.0069466,0.61570054,0.62148124,0.20587802,0.14029704,0.23695618,45192.842801833765
134,100,-0.31088617,0.097400166,3.3065915,1.430357,0.8406098,0.55318993,0.17751314,0.16742666,0.1894804,44896.89901446388
135,100,0.39904633,-2.7725928,3.49997,1.5,0.4500019,0.546431,0.16018815,0.14035209,0.3,43316.02683759444
136,100,1.9559124,0.39009333,3.4914832,1.0,0.8281827,0.68906677,0.24844684,0.14,0.18334112,45784.46390145366
137,100,-0.6524086,-0.39095336,3.4694662,1.498419,0.5700292,0.505705,0.17322657,0.17701803,0.26567847,43815.81956713532
138,100,0.49374178,-0.11610394,3.441547,1.1497203,0.49666306,0.62551725,0.19886619,0.14035426,0.2850597,44323.78057155844
139,100,-2.0306845,2.064493,2.5216253,1.0016819,1.2,0.47509795,0.2271826,0.19998944,0.15,48321.036030406525
140,100,-0.11054066,1.0201727,2.6452584,1.0000391,1.1998422,0.559442,0.20563877,0.1817429,0.15000597,47928.1512552104
141,100,-0.69204986,1.5363771,2.557109,1.0000517,1.1999996,0.5292288,0.21308699,0.19774504,0.15,48160.494508601165
142,100,0.2863437,0.60884386,2.9146721,1.000071,1.1782457,0.5824598,0.21093729,0.14714792,0.15109138,47405.977552145065
143,100,-1.0452534,1.2111453,2.6504047,1.0140839,1.1999931,0.5087837,0.20312053,0.1990591,0.15000017,48026.87273298487
144,100,0.68981814,1.3018463,2.6014967,1.0,1.1999159,0.6020932,0.24211058,0.14169584,0.15000217,47790.95537285665
145,100,-0.6280876,-0.48102713,3.4727585,1.4991492,0.5290052,0.50424135,0.17216998,0.17812902,0.28111568,43697.28322045633
146,100,2.3039167,-1.0600158,3.499814,1.1307021,0.45002964,0.6951584,0.24750043,0.14,0.299999,44254.22109136009
147,100,-0.1359497,1.1368914,2.6073332,1.0000132,1.199951,0.55774415,0.20900449,0.18483911,0.15000169,47992.6396682938
148,100,0.09772497,0.5829537,2.8901129,1.0006951,1.1826546,0.5717357,0.1995548,0.15884557,0.15094437,47490.995492944145
149,100,-0.39944902,0.37005588,3.1190233,1.2823664,1.1491277,0.5459834,0.18252367,0.17958851,0.15314916,46418.27140788252
150,100,-1.3065269,1.6581306,2.550596,1.0011947,1.1999999,0.49627712,0.21349558,0.19979852,0.15,48233.74308001244
151,100,-0.11816405,-0.6801782,3.4664302,1.4997222,0.46284235,0.5365243,0.16923901,0.1585977,0.298698,43449.04276274187
152,100,0.6663831,-0.4607198,3.477807,1.4710338,0.45579788,0.6300498,0.20155105,0.14008775,0.2990588,43449.805067989946
153,100,-1.3342584,-1.3467175,3.4987373,1.4999998,0.46177563,0.46242577,0.16661935,0.19723724,0.29953933,43618.211577537295
154,100,0.69377315,-0.15957344,3.4654126,1.0730817,0.48062944,0.6436566,0.21015817,0.14007321,0.2912419,44506.83161095452
155,100,-0.13370156,1.0777438,2.6269033,1.0000259,1.199913,0.5582633,0.20686555,0.18357372,0.15000312,47960.690297735026
156,100,-1.1268258,-0.7306777,3.4937155,1.4999564,0.53979933,0.47580588,0.17273252,0.19153354,0.28155893,43775.82919898167
157,100,-0.3848798,0.09435159,3.3273087,1.4444202,0.8797614,0.54937243,0.17782487,0.17063582,0.18433261,44978.66545163591
158,100,-0.042171452,-0.2868872,3.4012845,1.4904137,0.50033647,0.5573683,0.17160173,0.15522991,0.2876693,43584.982646050914
159,100,-0.0616264,-0.10730527,3.3485346,1.4558575,0.5469595,0.56140226,0.1729502,0.15601431,0.26684764,43833.65536506751
160,100,-0.7196044,-0.812993,3.4879837,1.4999499,0.4748851,0.48930192,0.16876605,0.18544923,0.29753038,43586.41599360067
161,100,0.27451634,-0.8909151,3.489653,1.4999573,0.45284307,0.5821771,0.17131992,0.1414557,0.2997858,43347.40961879325
162,100,-1.1573553,-0.31229225,3.4849875,1.499325,0.89532495,0.4878987,0.17577407,0.19034016,0.19682994,44846.05343439698
163,100,-0.15766701,2.2567234,2.503234,1.0,1.2,0.5478508,0.23867828,0.19736129,0.15,48216.5530475026
164,100,-0.7047003,0.9432607,2.7552865,1.0215018,1.1998534,0.5263339,0.19523811,0.19580567,0.1500043,47820.406522758705
165,100,0.7471883,-1.1889449,3.497835,1.4999925,0.4502709,0.62731564,0.18459031,0.14004354,0.29998752,43364.30215853737
166,100,0.77325296,-1.1838807,3.4978683,1.4999912,0.45025727,0.6296546,0.18587875,0.14003643,0.29998815,43366.806759864165
167,100,-2.6591723,0.60631955,3.452079,1.4992907,1.1999872,0.46763387,0.20729016,0.19996318,0.15000087,46121.978495187366
168,100,-1.7558906,0.45093447,3.3993087,1.4943717,1.1993655,0.48759517,0.19625418,0.19934861,0.15004331,46090.411100548416
169,100,-0.6840109,1.6595508,2.5392926,1.0000124,1.1999998,0.52889234,0.21641797,0.19800118,0.15,48187.62261282602
170,100,1.0685093,-0.4533858,3.4906654,1.2041047,0.4536578,0.6648244,0.2253395,0.14000323,0.29944205,44046.87554500063
171,100,-0.6878376,-1.2140774,3.4945238,1.4999983,0.45378187,0.4809357,0.1668635,0.18653658,0.29986078,43548.79980508774
172,100,-0.44092262,-0.28035548,3.443676,1.4942021,0.56478673,0.5238917,0.17332196,0.16910407,0.2642084,43794.32112457787
173,100,-0.36469355,0.15670386,3.2771559,1.4196492,0.94811046,0.5491726,0.17914099,0.17111489,0.17359602,45305.947116641866
174,100,0.5785215,0.34965447,3.3115802,1.0001069,0.95922416,0.61521256,0.21829197,0.14034182,0.1639609,46449.58849443724
175,100,-0.76414394,-1.4377915,3.4970827,1.4999998,0.4517444,0.47425124,0.16565086,0.18968302,0.2999609,43560.011994728215
176,100,1.3645319,-0.6894492,3.4968836,1.3463458,0.45069042,0.6761701,0.23368606,0.14000028,0.29994142,43713.876348627426
177,100,-0.6522936,-0.52118933,3.4758909,1.4994079,0.52180964,0.5014519,0.17179811,0.17951651,0.28434056,43680.195212591774
178,100,-1.8430696,-0.477974,3.4969563,1.4999666,1.078686,0.4658067,0.17729697,0.1979932,0.17137642,45525.56902238372
179,100,-0.4796558,0.6203583,2.9452786,1.0927607,1.1955013,0.53976667,0.18703933,0.18758884,0.15019149,47295.53341279093
180,100,0.6984571,0.003770889,3.4536955,1.0069686,0.53546244,0.641412,0.21402743,0.14007221,0.26876074,44894.48801567388
181,100,0.93184835,0.339965,3.4183083,1.0000057,0.8918452,0.64565855,0.23287764,0.14001615,0.16999026,46141.47797348683
182,100,-0.015682112,0.16092817,3.2111099,1.19776,0.830362,0.5693848,0.17804289,0.15754999,0.18979898,45502.241398898506
183,100,-0.19065349,-0.3948495,3.429491,1.4965904,0.4912121,0.53746283,0.17113152,0.16253355,0.29155725,43562.79673306821
184,100,-0.26773354,-1.1280113,3.4906888,1.4999955,0.45285168,0.5084609,0.16699189,0.16747554,0.29989824,43455.10263696316
185,100,0.2804417,-0.9931236,3.4924808,1.4999831,0.451929,0.580504,0.17036188,0.1413435,0.29988673,43342.23285104007
186,100,0.8416313,-0.24945858,3.4782958,1.0826935,0.46568897,0.6536503,0.21686402,0.1400215,0.296319,44433.08800811214
187,100,0.04949498,0.4938368,2.9544969,1.0032574,1.1651871,0.57045716,0.1931233,0.1604723,0.1520499,47374.04652839195
188,100,0.6433145,-1.5706234,3.49929,1.4999999,0.4500903,0.60967964,0.17462063,0.14006555,0.29999816,43344.97123624575
189,100,-0.20690368,0.8801789,2.732818,1.0006164,1.1994822,0.5570965,0.19715108,0.18117967,0.15001985,47812.77390666775
190,100,-1.6981058,0.38728046,3.4168692,1.4954003,1.1988063,0.48982167,0.1941363,0.19918501,0.15008643,46065.13676925924
191,100,-2.2555642,-1.0225068,3.499619,1.4999996,0.8004512,0.4549166,0.17354706,0.199249,0.2366317,44486.846283578285
192,100,0.038630553,-1.6567152,3.4983397,1.5,0.45026502,0.52921325,0.16350971,0.14751522,0.29999733,43351.86506026496
193,100,-0.98551077,-1.471835,3.498069,1.4999999,0.45235255,0.4672309,0.16598168,0.19363882,0.29994532,43582.377498275055
194,100,1.648135,0.16422775,3.4917564,1.0000004,0.58601284,0.6846654,0.24579926,0.14000005,0.2512979,45012.087198833826
195,100,0.5672903,-0.2226751,3.4570878,1.2668343,0.47312957,0.6298955,0.20140678,0.14018501,0.2938293,43933.75867948996
196,100,-0.35343176,-1.6164742,3.4977508,1.5,0.4504851,0.49180442,0.16453807,0.17215496,0.2999944,43471.07924935745
197,100,-0.29183736,-0.7614922,3.4743094,1.4998786,0.46192822,0.5152645,0.1689013,0.16875449,0.29893857,43489.265292166005
198,100,0.8579239,1.1411018,2.7355754,1.0,1.199521,0.6192226,0.24294426,0.1403027,0.15001288,47587.99882790818
199,100,1.4665787,0.85255194,3.3501852,1.0,1.1865609,0.66500545,0.24752316,0.14000067,0.15022732,46845.62055392335
200,100,-0.5986539,-1.1158969,3.4921966,1.4999957,0.45478275,0.4869986,0.16723561,0.18336956,0.2997859,43535.61397724558
201,100,0.7666632,0.3562928,3.3751523,1.000019,0.9382716,0.63074255,0.22695681,0.1400671,0.16512352,46326.739397557285
202,100,-1.7685385,0.3554818,3.4356742,1.4970917,1.1987904,0.48798865,0.19370593,0.19931902,0.15009104,46054.59777409357
203,100,0.8145198,0.058925588,3.4585352,1.0011693,0.5652265,0.64758277,0.22172841,0.14002952,0.25755894,44994.22589605219
204,100,-0.18505368,-0.8076485,3.4765763,1.4999152,0.4586906,0.5249169,0.1686901,0.16266792,0.29934806,43452.49289565695
205,100,-1.4465348,0.800298,3.025247,1.3968403,1.1998799,0.49254787,0.20346466,0.19909564,0.15000528,46589.10224503702
206,100,-0.30911446,-0.23346666,3.4214342,1.4890461,0.55254555,0.53577614,0.17305323,0.16459657,0.26747084,43763.86280044825
207,100,1.7327212,0.6845011,3.4578915,1.0,1.1380961,0.67905384,0.24821706,0.14000005,0.15150054,46645.25238263108
208,100,0.370825,0.1420618,3.3547018,1.0104132,0.6910806,0.6027298,0.19836062,0.1411143,0.2099152,45532.084113704375
209,100,1.5199949,1.7195894,2.638833,1.0,1.1999935,0.65521383,0.24928257,0.1400065,0.1500001,47652.43798671347
210,100,0.9295051,0.5822246,3.3057466,1.0000002,1.1329048,0.6381186,0.23782411,0.14003265,0.15207337,46831.31303083158
211,100,-2.094603,0.12372191,3.4861732,1.4997401,1.1980193,0.47435057,0.19052976,0.19958156,0.15022057,46052.66764996093
212,100,-0.13010696,0.09395323,3.2663515,1.3850112,0.7449659,0.5628478,0.17596358,0.16057393,0.20616004,44703.36445663042
213,100,0.9430461,-2.7396772,3.4999886,1.5,0.45000055,0.6151479,0.16934466,0.14000407,0.3,43343.56473731192
214,100,-0.56931204,0.26990435,3.2445924,1.4199729,1.1207296,0.5366374,0.1831161,0.18182293,0.15580972,45924.008939855215
215,100,-0.46684554,-1.4169061,3.496116,1.4999998,0.4512496,0.48632702,0.16547823,0.17912488,0.29997605,43507.11750519359
216,100,0.8689635,0.27687192,3.4239545,1.0000244,0.8124118,0.6435381,0.229231,0.14002402,0.18273342,45880.95375584525
217,100,-0.97110456,0.3148172,3.31889,1.4687335,1.1813331,0.5174769,0.18717933,0.1930557,0.15127712,46029.43689296898
218,100,0.8215857,0.005292646,3.464765,1.0026143,0.5295474,0.65077007,0.22079544,0.14002737,0.27135363,44882.19335563734
219,100,0.8005648,0.078260176,3.454625,1.0009507,0.58186734,0.6458455,0.22141495,0.14003313,0.25078446,45050.74227996444
220,100,-0.39522898,-1.1594205,3.4917886,1.4999968,0.45303795,0.49627718,0.16675591,0.17499232,0.29989392,43491.710375070514
221,100,-0.085930765,0.19429293,3.2053373,1.246081,0.9096395,0.5657977,0.17775968,0.16058762,0.1764821,45642.877874983154
222,100,0.87583274,-0.11510747,3.475913,1.0109543,0.4850964,0.6577842,0.22114109,0.14001806,0.28963986,44724.9851289381
223,100,0.4574156,-0.964612,3.4937866,1.4999732,0.45132267,0.6029985,0.17662308,0.14037105,0.2999022,43349.68735547085
224,100,-0.78262913,-0.1103893,3.452897,1.4940768,0.88411975,0.5146681,0.17650552,0.18159236,0.19253117,44811.489880737456
225,100,-1.0546285,0.8202478,2.8846734,1.2148314,1.1997515,0.5058578,0.19843195,0.19797808,0.15001045,47127.19011838605
226,100,0.46313033,0.27909577,3.3096,1.0007528,0.8775579,0.6067468,0.20938602,0.14075027,0.17358051,46222.26372307895
227,100,0.3389041,2.0210435,2.5066361,1.0,1.2,0.5730564,0.24430601,0.17374684,0.15,48084.71593041146
228,100,-0.4688642,-2.2014413,3.499593,1.5,0.4500591,0.47641942,0.16203102,0.17839588,0.29999983,43502.61865873298
229,100,0.1993002,-0.050603542,3.3774211,1.3083358,0.53546786,0.5937484,0.18278974,0.14344573,0.26879078,44063.82119788871
230,100,-0.51751906,-0.97882986,3.4879854,1.4999847,0.45719972,0.4944925,0.16791953,0.17970167,0.29956907,43524.21695028114
231,100,-0.43918952,0.18133843,3.278409,1.4260343,1.0105441,0.5448538,0.18025272,0.17477001,0.16634183,45505.37115950327
232,100,-0.5028167,2.4124537,2.5030339,1.0,1.2,0.5363918,0.23564267,0.19901943,0.15,48240.79546392619
233,100,-0.96050435,-0.79311734,3.4921837,1.499962,0.49894387,0.47992074,0.17063463,0.18984868,0.2931146,43661.275014486266
234,100,-2.28862,0.25148442,3.4825583,1.4997321,1.1995378,0.4729576,0.19521523,0.19981334,0.15004645,46070.24614204252
235,100,-2.0164065,-0.53945464,3.4980688,1.4999858,1.0984222,0.46223098,0.17747891,0.19867042,0.16895655,45605.524626390994
236,100,-0.27567053,-0.70972794,3.4702096,1.4998052,0.46419176,0.5183001,0.16919291,0.16779672,0.29857743,43492.11172907511
237,100,1.7388726,0.99439436,3.3669257,1.0,1.1944531,0.6744071,0.248945,0.14000009,0.15007046,46826.564762189024
238,100,1.3191369,-0.8824188,3.4976718,1.4896396,0.45027015,0.66908306,0.22846738,0.14000048,0.2999839,43447.568152061984
239,100,1.128594,0.49600095,3.4111226,1.0000001,1.0545404,0.6532973,0.24071094,0.14000441,0.15559323,46555.93533698368
240,100,0.77140594,1.0294389,2.7822168,1.0,1.198858,0.61455107,0.24008942,0.1404596,0.15003434,47537.59673060825
241,100,-0.90876323,-0.42431763,3.4825318,1.4993231,0.64362884,0.4915967,0.17355692,0.18418472,0.24788752,44046.603075885905
242,100,0.86259604,-2.6556191,3.4999828,1.5,0.45000094,0.6082444,0.16809756,0.14000778,0.3,43338.66072224723
243,100,1.5133281,0.55313206,3.4552329,1.0,1.070699,0.67348707,0.24640882,0.1400002,0.15451473,46522.721825190565
244,100,-0.045703962,0.22050765,3.1782942,1.1572117,0.94383526,0.56786466,0.17896315,0.1597066,0.17304833,46013.02669073439
245,100,-1.0299352,-0.34994337,3.4828784,1.4991862,0.7781417,0.4910331,0.1747568,0.1871908,0.21720867,44467.656898507295
246,100,1.1002843,1.298022,2.736145,1.0,1.199841,0.6352701,0.24656154,0.1400661,0.15000355,47561.65770689606
247,100,2.696224,-0.07392467,3.499632,1.0,0.46223477,0.6980708,0.24958092,0.14,0.29746246,44700.64809801433
248,100,-0.65855294,-0.51423395,3.4758523,1.4993818,0.5244411,0.5013909,0.17191467,0.1795302,0.28320593,43688.21635516437
249,100,-1.0180418,-0.07785475,3.4639964,1.4968243,1.0323672,0.5043991,0.17868397,0.18939374,0.17078713,45342.175358485314
250,100,0.38273242,-0.03424228,3.415146,1.1164472,0.5327383,0.6136706,0.19376533,0.14085934,0.26981327,44552.57124915562
251,100,1.0963469,-0.2342158,3.4880857,1.0110989,0.4638746,0.67028296,0.22932427,0.14000307,0.29683802,44669.43067665241
252,100,-0.34745064,-0.5812685,3.4623208,1.4994088,0.47616416,0.5176487,0.17022538,0.16993842,0.29627162,43533.92257088732
253,100,-1.6326345,-1.5677677,3.4995449,1.5,0.45954186,0.4570504,0.16619983,0.19878747,0.29973358,43623.93066159802
254,100,-1.179158,1.3014281,2.6257455,1.0131271,1.1999977,0.50330544,0.20656279,0.19946826,0.15000005,48074.89276574802
255,100,0.8952603,1.3749641,2.6183724,1.0,1.1999345,0.6160391,0.24552399,0.14037749,0.15000148,47743.88552787296
256,100,-1.3322116,-1.9686247,3.4996333,1.5,0.45059645,0.45745343,0.16388969,0.19788185,0.299995,43602.09241381535
257,100,-0.6600563,0.17581895,3.338109,1.4621093,1.0864406,0.53397226,0.18142283,0.18326429,0.15954587,45655.62839669506
258,100,0.49869028,1.0479722,2.6696408,1.0,1.1994107,0.5913639,0.23345523,0.14403985,0.15001962,47725.44042112733
259,100,0.28427967,1.7426687,2.5158143,1.0,1.1999996,0.57250315,0.24037549,0.17143774,0.15000002,48061.71726695521
260,100,-0.22260568,-0.9130792,3.4826915,1.4999678,0.45612437,0.51798356,0.16813028,0.1648994,0.29964048,43453.80474660215
261,100,-1.6812183,-0.8889713,3.4984813,1.4999963,0.62702286,0.46121264,0.17300358,0.19728354,0.26589414,44019.62606749252
262,100,0.24211796,-0.8887203,3.4889808,1.4999566,0.45311898,0.5785623,0.1704772,0.14187312,0.29977363,43348.372773333416
263,100,0.9367425,1.4123276,2.6126409,1.0,1.19995,0.6186,0.2461353,0.14029638,0.15000108,47746.7798393282
264,100,-2.369587,0.8640523,3.2796888,1.491621,1.1999948,0.4709314,0.21284804,0.19993469,0.15000023,46253.173411134274
265,100,-2.239604,0.40149906,3.4630666,1.4992353,1.1997945,0.47592068,0.19849071,0.19984016,0.15001565,46078.73874080728
266,100,1.2248706,0.064856105,3.4834821,1.0000427,0.541961,0.67180127,0.23774105,0.14000116,0.2674145,44903.40384647984
267,100,-1.2796892,-0.5854312,3.4938169,1.499913,0.68547267,0.4740568,0.17357035,0.19249693,0.24404734,44186.542628849704
268,100,-0.26164544,-0.18224478,3.4063807,1.4822859,0.56256306,0.5418537,0.1733757,0.16235575,0.26207295,43811.787508239795
269,100,-0.20289683,-0.10988278,3.3822217,1.4666752,0.58292514,0.5500008,0.17357077,0.15959921,0.25315475,43912.637629598015
270,100,0.21348006,-1.2085737,3.495453,1.4999975,0.45101804,0.56629264,0.16713428,0.14220057,0.2999677,43336.18006526549
271,100,-0.24201983,1.5182612,2.5383673,1.0000005,1.199999,0.5513352,0.21862864,0.19270295,0.15000004,48130.17127086278
272,100,-0.38464543,-0.4438361,3.4535499,1.4982083,0.5027646,0.5210063,0.17086732,0.17059726,0.28942832,43605.10324275106
273,100,1.0781974,-2.5591846,3.4999833,1.5,0.45000076,0.6343752,0.17635518,0.14000155,0.3,43361.58837101004
274,100,1.1813786,-0.63190377,3.4947534,1.3984926,0.45117787,0.66781914,0.22732195,0.14000127,0.29988164,43603.99491642721
275,100,0.16392857,0.09632136,3.304212,1.0961207,0.66272074,0.58347285,0.1848825,0.14540197,0.22010657,45190.81927557711
276,100,0.9424681,-0.26759475,3.4833796,1.0527589,0.46289966,0.6604625,0.22182892,0.14000972,0.29715118,44523.88504496086
277,100,-0.6780258,1.2978458,2.6090572,1.0005839,1.1999953,0.5298025,0.20586243,0.19697286,0.1500001,48082.61244625757
278,100,-2.364174,0.020334182,3.4940147,1.4999363,1.19837,0.466777,0.18987043,0.19976242,0.15020573,46072.68095228714
279,100,-1.3479254,-0.7615734,3.496211,1.4999795,0.5852411,0.46887153,0.17291862,0.19429345,0.27136573,43905.71523353358
280,100,2.0112567,-0.044595428,3.4980285,1.0000005,0.47472504,0.69332945,0.24780086,0.14,0.29354602,44726.46905418778
281,100,0.1950697,-1.7815628,3.4991374,1.5,0.4501235,0.5463658,0.16355714,0.14233057,0.299999,43327.68988485493
282,100,-0.7290447,0.1965574,3.3405366,1.4655955,1.1170051,0.53029567,0.18237232,0.18587114,0.15671209,45759.59576385695
283,100,0.3547577,0.61688656,2.9393647,1.0000315,1.1766206,0.5881463,0.21498477,0.1444218,0.15113561,47359.16467203718
284,100,0.008627899,0.5270042,2.9282722,1.0034047,1.1772593,0.56835973,0.19218647,0.16430256,0.15131159,47446.54351680321
285,100,0.4537819,-1.8297404,3.499559,1.5,0.45005676,0.5812303,0.1664243,0.14026473,0.29999948,43327.24090101817
286,100,0.037005723,0.76790243,2.7558134,1.0001495,1.1974597,0.5686626,0.20322731,0.16803566,0.1501191,47717.99609285177
287,100,0.5898798,-0.36385882,3.4677904,1.4404311,0.46040788,0.62641853,0.19943966,0.14015277,0.2979079,43517.47805217728
288,100,-0.8056265,-1.1183119,3.4942977,1.4999967,0.45751193,0.47833893,0.16758694,0.18898502,0.29962525,43568.42418799697
289,100,-0.13105401,1.1330799,2.6078904,1.0000131,1.1999488,0.55792165,0.20906222,0.18464962,0.15000176,47990.98393530477
290,100,-1.9518042,-0.6598917,3.4983816,1.4999909,0.9904407,0.4613073,0.17580712,0.19836026,0.1887789,45178.626356398265
291,100,-1.1398025,0.7849575,2.9443264,1.2898048,1.1997118,0.5011227,0.19941282,0.19821,0.15001255,46888.17835224357
292,100,-0.5543096,-0.47063765,3.467972,1.498933,0.5209102,0.50873137,0.17175817,0.17609762,0.28424233,43666.81672133746
293,100,-0.21694957,0.44539326,3.0495367,1.0850629,1.1666758,0.55763507,0.18352412,0.17219728,0.15172961,47053.71895005317
294,100,-0.392389,-3.046143,3.4999666,1.5,0.45000198,0.47199988,0.15829815,0.16981265,0.3,43465.7876366504
295,100,0.5433119,0.43904296,3.2268634,1.0000458,1.0754135,0.6096223,0.21877597,0.1406223,0.15646505,46800.10329465702
296,100,-0.21954103,-1.0840366,3.4894383,1.499993,0.4531388,0.5147647,0.167111,0.16415867,0.29987586,43440.39769976329
297,100,0.35178012,0.37923554,3.1724677,1.0005759,1.0447315,0.59374344,0.20538568,0.14265761,0.1602271,46778.3456926695
298,100,-0.47003287,-0.21673147,3.4398742,1.4914387,0.6119981,0.52499443,0.17362377,0.16897982,0.24856833,43940.83326632388
299,100,-0.9301565,-0.17858909,3.4692216,1.4972886,0.90056705,0.50343317,0.17625278,0.18540385,0.19214958,44861.625775895875
300,100,-1.5504293,0.41731882,3.3807397,1.4909731,1.1984795,0.49420467,0.19381607,0.19876519,0.15010378,46083.02629637205
301,100,-0.9443685,0.23810315,3.3616848,1.4777647,1.1660461,0.5195962,0.18480761,0.19194974,0.1526188,45919.045814354984
302,100,-1.405963,-0.5900577,3.4951367,1.4999373,0.74718475,0.47112268,0.17393354,0.19420925,0.23055002,44380.30992030912
303,100,-0.110489406,-1.6606998,3.4981308,1.5,0.4502979,0.5145592,0.1634839,0.15526643,0.29999685,43388.41684818941
304,100,0.115147874,-0.37914756,3.4383197,1.4957674,0.47721186,0.57563597,0.17266355,0.14569622,0.2940454,43456.28944341686
305,100,-1.7423562,-1.3032428,3.499382,1.4999999,0.48558804,0.45758954,0.16997431,0.19856516,0.29704618,43677.06210576053
306,100,0.60512006,0.895556,2.8148963,1.0000001,1.1969888,0.6029281,0.23368818,0.14120416,0.15010579,47515.632436804386
307,100,-0.13190864,0.40476182,3.0635405,1.0610882,1.1465714,0.56250185,0.1829444,0.16705532,0.15315711,47041.24305766797
308,100,0.22384356,0.32962298,3.1440356,1.0036542,1.005105,0.58271956,0.19673187,0.14602338,0.16445044,46707.2557028801
309,100,1.285984,-1.5069984,3.4995854,1.4999971,0.45002025,0.66311187,0.20695654,0.14000076,0.2999996,43408.750242623704
310,100,0.67646074,-0.38200897,3.4743094,1.4168284,0.45844826,0.63515705,0.2045896,0.14007482,0.29840702,43561.437805541005
311,100,-0.22425893,-0.30224973,3.4183588,1.4926596,0.5140717,0.5389156,0.17183654,0.16298003,0.2837667,43637.52017029387
312,100,-0.3751471,-1.2261962,3.493132,1.4999982,0.4522955,0.49614507,0.16646858,0.17418987,0.29993355,43485.77105557896
313,100,0.1833392,1.670943,2.5188725,1.0,1.1999993,0.56892,0.23660356,0.17817998,0.15000002,48085.72545589105
314,100,-0.05613302,-0.0013850428,3.312194,1.4127419,0.59892595,0.56836337,0.17400618,0.15555084,0.24469122,44119.232219632446
315,100,-0.687299,-0.11747455,3.4463513,1.4921842,0.8199986,0.519541,0.17580745,0.17789459,0.20318687,44599.024520979336
316,100,0.46616644,-0.37024245,3.4601321,1.475895,0.4624784,0.6128209,0.19074738,0.1404426,0.2974727,43450.41931369222
317,100,-0.45380405,0.40326455,3.1027873,1.2813369,1.1656241,0.5425062,0.1836295,0.18237402,0.15206453,46498.31861523162
318,100,-0.91800475,0.25249663,3.3475559,1.4738015,1.1665853,0.5206893,0.18502206,0.19149433,0.15251069,45935.84868122161
319,100,0.8203218,1.3599485,2.6069672,1.0,1.1999354,0.611149,0.24457617,0.14067951,0.15000153,47766.847623989546
320,100,-0.09038201,1.3675972,2.5509102,1.0000005,1.1999942,0.5570522,0.21893829,0.18792269,0.15000018,48086.18722210905
321,100,1.0344099,-0.99621266,3.497128,1.4996625,0.45029068,0.6540794,0.20758878,0.1400053,0.29998457,43402.88837164084
322,100,-1.2179385,-0.30496365,3.4862077,1.4994206,0.9368855,0.48605484,0.17614925,0.19158381,0.1900568,44990.84012674032
323,100,1.0289356,-0.07228701,3.4817033,1.0017242,0.4915678,0.6656034,0.22898135,0.14000535,0.28726208,44770.0073982458
324,100,-0.6006576,1.5522432,2.5510716,1.0000184,1.1999996,0.5329549,0.21379909,0.19705105,0.15,48159.22382689188
325,100,0.28690448,-2.3205943,3.4998555,1.5,0.45001328,0.5437814,0.1614831,0.14098713,0.29999998,43319.76192144757
326,100,0.31716064,0.52004063,3.0132813,1.000146,1.1488569,0.5867494,0.20944507,0.14466518,0.1527727,47215.80057739522
327,100,0.22560866,0.4497121,3.0329003,1.0008721,1.1222944,0.5805351,0.20142184,0.14781104,0.15470488,47144.792311240424
328,100,-0.067275606,-1.3183959,3.4949336,1.499999,0.45106378,0.52719724,0.16524701,0.15373552,0.2999755,43383.83991085685
329,100,-0.370704,-0.94561577,3.485005,1.4999776,0.45655015,0.5038978,0.16786942,0.17335048,0.29961094,43493.70687447175
330,100,-0.9327409,-1.2630683,3.4966292,1.4999992,0.4554532,0.47185117,0.166821,0.19228396,0.29979712,43580.622355521955
331,100,0.45248908,0.097896144,3.3944752,1.0104839,0.6323138,0.6140132,0.20181456,0.14053161,0.23056702,45260.905364576065
332,100,-0.44816536,-0.64933795,3.4720688,1.4997076,0.47455102,0.5083328,0.16996288,0.17437918,0.29683235,43544.19200714206
333,100,-0.023423105,1.0791948,2.6140633,1.0000074,1.1998913,0.56255233,0.21180817,0.1796363,0.15000406,47958.72834914281
334,100,-2.0042157,0.37687653,3.4515066,1.4985262,1.1994946,0.4815352,0.19605614,0.19966936,0.15003824,46066.751856498166
335,100,-0.545712,-1.8845859,3.4989843,1.5,0.450228,0.47528845,0.16349114,0.18351386,0.29999858,43527.135433957825
336,100,-1.945703,-0.9127835,3.499135,1.4999983,0.73472095,0.45797375,0.1734148,0.19842708,0.24565032,44311.36249983064
337,100,0.21950956,0.39306292,3.0827763,1.0018059,1.0782865,0.58128154,0.19888993,0.14721404,0.15803115,46975.44094763357
338,100,-0.9389816,1.017021,2.7313666,1.0401275,1.1999485,0.51498157,0.19902933,0.19820079,0.1500015,47814.82629578251
339,100,1.4229835,0.39608657,3.4685273,1.0,0.90840423,0.673288,0.24455811,0.14000031,0.16944396,46089.180630780575
340,100,-0.59140265,1.1244192,2.6637263,1.0017658,1.199971,0.53469384,0.20115364,0.19499722,0.15000066,47990.895184520086
341,100,0.7553957,0.86740744,2.9334986,1.0,1.1955279,0.61769056,0.23680934,0.1403627,0.15015435,47353.19196781678
342,100,-0.6564637,-2.8345544,3.499936,1.5,0.4500067,0.4634734,0.15987632,0.18767333,0.3,43549.45412613359
343,100,2.116791,-1.6108783,3.4999144,1.499845,0.45000243,0.6891197,0.24241674,0.14,0.29999998,43463.09037430108
344,100,-0.035768073,2.3807454,2.5019782,1.0,1.2,0.55317104,0.24240358,0.19672951,0.15,48209.752822172006
345,100,0.33057675,0.94924647,2.6873262,1.0000008,1.1990244,0.5787136,0.22480303,0.15008771,0.15003827,47739.80559671755
346,100,-1.5023966,-1.7776669,3.4996078,1.5,0.4524513,0.4571045,0.16397628,0.19864084,0.29996574,43608.915433353
347,100,-0.5327028,1.0907497,2.6745524,1.0015513,1.1999563,0.5384814,0.20058253,0.19357075,0.15000103,47965.81704492312
348,100,-0.34624946,-0.7946363,3.4771485,1.4999119,0.46124387,0.5104629,0.16871777,0.17164999,0.2990385,43499.66284868965
349,100,0.19796729,1.0819352,2.6172743,1.0000007,1.1998007,0.5728144,0.22321254,0.16242746,0.15000731,47882.638010464856
350,100,-1.4449402,-1.210543,3.4986658,1.4999995,0.47723627,0.46186826,0.16901875,0.19728799,0.2980795,43650.74896903344
351,100,-0.7886692,1.0946383,2.6858718,1.0089664,1.1999698,0.5219417,0.19922373,0.19741777,0.15000074,47967.94476996421
352,100,0.23482153,2.1321535,2.5043736,1.0,1.2,0.5682962,0.24372594,0.18435395,0.15,48134.93835345614
353,100,0.9364457,-0.035095178,3.4754636,1.0019995,0.50637394,0.65949965,0.225503,0.14001113,0.28117108,44811.65452377974
354,100,1.2650778,0.21149701,3.4762492,1.0000029,0.6742625,0.6702708,0.24021304,0.1400009,0.21901226,45319.584803553786
355,100,-0.70492136,0.67997485,2.9262924,1.1558635,1.1982362,0.5277643,0.1908702,0.19369283,0.1500763,47176.690592556966
356,100,-0.6963267,-0.2903971,3.4654627,1.4970326,0.65329134,0.50813645,0.17380852,0.17711905,0.24050379,44067.316565120986
357,100,1.3277828,-0.10128149,3.4914029,1.000261,0.4777959,0.67914915,0.23852666,0.1400005,0.29248148,44736.618584695134
358,100,-0.8031414,-0.46433768,3.4802227,1.4993508,0.5768415,0.494972,0.17317384,0.18206307,0.26574317,43847.32565543866
359,100,1.0217906,-0.55254066,3.4913003,1.4041626,0.4522033,0.65938085,0.22104815,0.1400046,0.29972965,43587.48355600012
360,100,-0.38687086,-0.51029277,3.4587846,1.4989705,0.48931155,0.5179639,0.17062189,0.17103776,0.29324245,43570.92805209959
361,100,0.1839255,-0.38548976,3.4452095,1.4956055,0.4722025,0.58418816,0.1749526,0.14355876,0.29494786,43436.62971777512
362,100,-1.6018361,-0.8871809,3.49821,1.4999955,0.59720194,0.46237525,0.17288226,0.19684422,0.27176106,43941.76329974955
363,100,-0.932789,1.2433194,2.635125,1.0055622,1.1999941,0.51384634,0.20307201,0.19869667,0.15000013,48066.24586102647
364,100,0.81267405,0.58725935,3.2455592,1.0000006,1.1445355,0.6290386,0.23425919,0.14009343,0.15187961,46918.78566608677
365,100,-0.50535834,-0.81579155,3.4823308,1.4999338,0.46362475,0.49930683,0.16901281,0.1777528,0.29880542,43531.0646115276
366,100,-0.5075176,-1.0518801,3.4897676,1.499992,0.45531097,0.49310458,0.167408,0.17989841,0.29973426,43520.50042465604
367,100,2.4972005,-2.2453218,3.4999917,1.4999995,0.45000008,0.69418246,0.24310572,0.14,0.3,43469.27877372723
368,100,0.56400853,-1.2845523,3.498046,1.4999986,0.45031068,0.608018,0.17595853,0.14013934,0.29998815,43346.4457112597
369,100,-0.10434349,-0.98800194,3.4863014,1.4999821,0.45388347,0.53048754,0.1670412,0.1569287,0.29980338,43409.43631548075
370,100,-1.177629,-1.1401963,3.4974172,1.4999985,0.46955794,0.46774724,0.16796482,0.19530272,0.29881164,43622.89099988871
371,100,1.7549862,-0.13298842,3.4970455,1.000015,0.4664837,0.69013745,0.24560176,0.14000002,0.2962396,44710.59998217967
372,100,-0.7657022,0.55578697,3.0482466,1.3063686,1.1951287,0.5208742,0.19037509,0.19298226,0.15025751,46658.38315259285
373,100,0.010349315,0.72003376,2.787296,1.0003488,1.1963003,0.5671981,0.19980067,0.16884352,0.1501812,47681.53462903565
374,100,-1.8242567,0.30360392,3.4534721,1.4983178,1.1985191,0.48655078,0.19273731,0.19938794,0.1501173,46043.148128501816
375,100,0.7726948,-1.6615983,3.4995632,1.5,0.45004457,0.62251914,0.1781958,0.1400252,0.29999918,43354.97110172406
376,100,0.44819528,1.6961815,2.520537,1.0,1.199999,0.5775389,0.24280573,0.15689878,0.15000004,47995.27888537638
377,100,-0.014857704,0.82140595,2.7268183,1.0001391,1.1986916,0.56483406,0.20235711,0.17309834,0.15005928,47780.46771999277
378,100,0.67057043,-0.7075057,3.4886317,1.4987111,0.45200104,0.62893295,0.19277495,0.1400933,0.2997877,43382.0862080792
379,100,0.039766736,-1.5669947,3.4978292,1.4999999,0.45037264,0.53164804,0.1639473,0.14763056,0.29999533,43352.83287128694
380,100,-0.45130304,0.26568797,3.2144322,1.3892689,1.0922291,0.5417285,0.18196633,0.17777225,0.15795644,45912.37636999355
381,100,0.7231005,0.024612125,3.453647,1.0041289,0.54701227,0.642244,0.21604289,0.14005978,0.26428553,44937.43804742752
382,100,0.71998376,-1.1029062,3.4970453,1.4999828,0.45039868,0.6261213,0.18495342,0.14005578,0.29997844,43364.49089570781
383,100,-0.10169727,0.019279385,3.3093674,1.4155793,0.63497424,0.5659588,0.17460242,0.15757163,0.23354551,44234.97167859919
384,100,1.8495913,-0.21416666,3.4979763,1.0000254,0.45888174,0.6921726,0.24622223,0.14000002,0.29832256,44695.7850144206
385,100,-0.49901664,0.021351224,3.390094,1.4735925,0.8563722,0.54030424,0.17713323,0.17369771,0.1916129,44786.98475641431
386,100,-0.91911346,0.19275385,3.381413,1.4816827,1.150324,0.5213212,0.18353096,0.19112632,0.15404496,45838.0334429181
387,100,-0.3650552,-1.7913276,3.4986525,1.5,0.45024917,0.48843312,0.16370296,0.17233308,0.29999807,43471.864150714915
388,100,-0.058586553,-0.3175431,3.408719,1.4927442,0.49601775,0.5542607,0.17149721,0.15605535,0.2894647,43567.58420044843
389,100,-1.6324233,-0.06713416,3.4858794,1.4995453,1.172518,0.48149514,0.18295787,0.19783989,0.15339975,45918.59653676518
390,100,1.4893559,0.5213038,3.45753,1.0,1.0454884,0.6732351,0.24604279,0.14000022,0.15607347,46464.63747531959
391,100,0.6119272,-1.3414967,3.498482,1.499999,0.45022106,0.6121336,0.17684561,0.14009652,0.29999232,43348.81883537906
392,100,0.47689837,0.14844958,3.3816237,1.0040162,0.687713,0.61380184,0.20507242,0.14047246,0.21163231,45501.588517260585
393,100,0.5290452,0.4226286,3.2330759,1.0000644,1.061533,0.60881966,0.21751702,0.14066781,0.15741351,46762.568657911295
394,100,-1.3597807,-0.041400813,3.4762707,1.4987588,1.1451993,0.49212176,0.1815256,0.19570096,0.15635656,45789.685304249106
395,100,-0.75787085,-0.050084095,3.44112,1.4916282,0.9289348,0.51971847,0.1774904,0.18202713,0.18379976,44978.2907185004
396,100,-0.8974009,1.3124703,2.611597,1.0022866,1.1999968,0.5162409,0.20484456,0.19866882,0.15000007,48104.05229579603
397,100,-0.8589724,-0.8989422,3.492287,1.4999804,0.47485098,0.48143888,0.16857007,0.1894383,0.29779956,43604.0848814742
398,100,0.07458641,-1.0770991,3.4911427,1.4999915,0.45225954,0.54966396,0.16671832,0.14678635,0.29990986,43358.22363655156
399,100,-0.4246633,-0.8299646,3.4807339,1.4999392,0.4611209,0.5041895,0.16867799,0.17514344,0.29908907,43513.84752188648
400,100,1.411172,0.78580385,3.3667862,1.0,1.1781492,0.6631113,0.24685283,0.14000088,0.15041557,46820.63541909985
401,100,-0.057469517,-0.39121705,3.4253354,1.4962177,0.4850678,0.5523571,0.17091383,0.15580508,0.2931205,43521.13180617025
402,100,0.9409176,0.4052041,3.4004922,1.0000021,0.97711766,0.6430743,0.23446469,0.14001733,0.16121307,46394.74327062673
403,100,0.49805242,-0.026192237,3.43289,1.04902,0.53040564,0.62478435,0.2010622,0.14035009,0.27079237,44750.85870912517
404,100,-1.68823,-0.112465985,3.4888787,1.4996934,1.1705168,0.4779433,0.1826252,0.19801126,0.1539347,45915.43802021186
405,100,-0.5324899,0.6450553,2.9314003,1.0999228,1.1966904,0.5364924,0.18774606,0.18955758,0.15013885,47303.41822859748
406,100,1.0118425,-0.65795106,3.4927626,1.4760351,0.45129612,0.6545777,0.21783644,0.14000542,0.29986906,43452.691283967746
407,100,0.46838522,1.735879,2.5183256,1.0,1.1999992,0.5779812,0.24349618,0.15625592,0.15000002,47995.58523640711
408,100,-0.66771275,1.6819217,2.5365052,1.0000082,1.1999999,0.5293285,0.21702906,0.197985,0.15,48190.77840399797
409,100,-0.85258585,0.022959756,3.4347034,1.4912556,1.0399499,0.5192035,0.17933634,0.18668613,0.16736704,45384.61282661075
410,100,-0.011145612,0.0114989,3.2993405,1.3908614,0.5961267,0.5707273,0.17386352,0.15440054,0.24461249,44170.729685306294
411,100,-0.837678,-0.5911831,3.4854274,1.499763,0.53068286,0.49004176,0.17252861,0.18486327,0.28182995,43725.78883833283
412,100,-0.66772026,0.3269626,3.2255158,1.418962,1.1592078,0.53083247,0.18520124,0.1861339,0.15277323,46085.07815461475
413,100,0.33003512,2.2259443,2.503377,1.0,1.2,0.57162,0.24567604,0.17930749,0.15,48113.37897296351
414,100,1.370989,-0.50984323,3.495816,1.0654012,0.45196334,0.67900234,0.23591381,0.1400003,0.2997477,44456.42520070359
415,100,0.3248696,0.997118,2.6628811,1.0000005,1.1993935,0.57743925,0.22601683,0.15134402,0.15002333,47778.9292409909
416,100,0.030601824,-0.069641575,3.3365936,1.4374061,0.5456103,0.57334024,0.17391552,0.1511744,0.2646768,43862.51018659236
417,100,0.05157494,0.8672766,2.6998844,1.0000397,1.1989689,0.56872874,0.20783016,0.1693124,0.15004444,47797.68878822505
418,100,-0.84832054,-0.32566947,3.475274,1.498403,0.6979983,0.49944952,0.17410484,0.1821141,0.23145807,44213.5579276265
419,100,0.47043315,0.31144708,3.2904444,1.0004575,0.92581856,0.60662496,0.21099393,0.14078052,0.1682196,46376.243987945665
420,100,0.23958276,-0.36980116,3.4458427,1.4935004,0.47040245,0.5904318,0.17722277,0.14250411,0.2953101,43435.417149775385
421,100,0.9725358,2.1338682,2.508573,1.0,1.1999999,0.6084378,0.24879171,0.14134352,0.15,47905.46544798353
422,100,0.4064155,-0.1931767,3.4357247,1.3608091,0.48186985,0.6133572,0.19219197,0.14066006,0.29081768,43742.58693668064
423,100,0.7557403,-0.53913265,3.4845095,1.4808468,0.45347723,0.6361363,0.20505393,0.1400438,0.29952958,43430.59640956655
424,100,-0.74969035,0.032808747,3.4207869,1.4872663,1.0044632,0.52562034,0.17893423,0.18362835,0.1713386,45264.79166659365
425,100,-2.5827966,-1.1539503,3.4998455,1.5,0.85627276,0.45288834,0.17363183,0.19966121,0.23036137,44630.82902293536
426,100,-0.34796184,-1.3533889,3.4951706,1.4999994,0.4513418,0.49641323,0.16586636,0.17241068,0.29997158,43474.33853534591
427,100,-1.0326431,-0.43674833,3.4864175,1.4995366,0.691625,0.4865624,0.1738357,0.18729638,0.23687409,44201.3292994498
428,100,-1.6429653,-0.40607178,3.4948428,1.4999093,1.0526562,0.47112808,0.1771187,0.19679756,0.17431629,45423.13332412431
429,100,-0.53527015,0.025405208,3.3941178,1.4759315,0.88278854,0.5382673,0.17744899,0.17530566,0.1875475,44869.437223765904
430,100,1.154184,0.17250441,3.4729724,1.0000129,0.6411717,0.66572714,0.23700073,0.1400021,0.22954197,45216.94110975324
431,100,0.021062022,0.099454455,3.248353,1.2387727,0.7059083,0.57120675,0.17773643,0.15441754,0.21415721,44948.63108182321
432,100,0.22739278,-1.0167387,3.492212,1.4999863,0.45200995,0.57381105,0.16889827,0.14204073,0.29989618,43342.47884757185
433,100,-0.11477532,0.30875126,3.132446,1.130535,1.0755134,0.5637225,0.18042573,0.16416955,0.15857784,46547.65920098833
434,100,-1.37076,0.8656529,2.9323666,1.3271223,1.1999152,0.49237004,0.20399919,0.19910893,0.15000346,46838.58570951308
435,100,1.0813761,-0.63137597,3.493404,1.4456992,0.45134613,0.66120887,0.22235109,0.14000289,0.2998584,43512.03363598365
436,100,-0.24133779,-0.87819034,3.4809413,1.4999567,0.45719612,0.5165175,0.16834095,0.16615054,0.29953992,43463.01161410478
437,100,0.69938046,-1.0612223,3.4965339,1.4999752,0.4504904,0.6248735,0.18479267,0.14006624,0.29997128,43364.04784961247
438,100,-0.222477,-0.8589199,3.4798098,1.4999478,0.45754707,0.5191542,0.16842724,0.16498323,0.2994976,43458.85368340029
439,100,0.05095428,-1.7942293,3.4989195,1.5,0.4501544,0.52701414,0.16286837,0.1467407,0.29999888,43347.88890483297
440,100,1.3264617,-0.9646064,3.498141,1.4964404,0.4501844,0.6681168,0.22684526,0.14000048,0.29999083,43434.71275274851
441,100,0.059894685,-0.21252304,3.3926084,1.4815772,0.5056437,0.57313657,0.17301214,0.14880487,0.28343284,43599.10226250998
442,100,-0.7621145,-0.88778013,3.4904306,1.4999747,0.4697433,0.4854874,0.16830894,0.18710943,0.2983422,43582.9819930977
443,100,0.93639857,-0.5256406,3.4889126,1.4224945,0.45283583,0.65365005,0.2168985,0.1400092,0.2996227,43549.50168866075
444,100,0.2711702,-0.80149686,3.4863698,1.4999046,0.45398313,0.5838987,0.17227665,0.14155143,0.29962867,43353.337576798986
445,100,-0.64718145,0.47224715,3.091093,1.3206332,1.1869552,0.52799046,0.18749714,0.18931708,0.15074524,46529.42471399198
446,100,0.9304085,-0.17531641,3.4807172,1.0170292,0.4727801,0.6613761,0.22281994,0.14001161,0.2939223,44671.67988568235
447,100,-1.4219198,1.997956,2.5206254,1.0000998,1.2,0.49249315,0.22141519,0.19991808,0.15,48289.73949864348
448,100,-0.8565493,-1.5415874,3.4979908,1.5,0.45135373,0.4699324,0.16527636,0.19195741,0.29997534,43571.03196655245
449,100,2.5944245,-0.4040323,3.4997528,1.0000013,0.45135146,0.6981509,0.24926339,0.14,0.29984245,44682.59857297673
450,100,-1.4617327,-0.6834398,3.4964535,1.4999723,0.6910234,0.46775898,0.17349309,0.19503957,0.24642213,44202.257850485534
451,100,0.3675449,0.19031155,3.3275433,1.0056459,0.7586803,0.60004926,0.2001184,0.14129877,0.19360018,45813.45181283911
452,100,-0.8517292,1.8227236,2.5276053,1.0000097,1.2,0.520831,0.21985814,0.19911025,0.15,48224.17612712938
453,100,-0.5215797,-1.1846865,3.4928098,1.4999976,0.453193,0.48907822,0.16663776,0.1811887,0.29988366,43521.34770236535
454,100,0.9606934,1.3290628,2.6556,1.0,1.199894,0.6230942,0.24578555,0.14020607,0.15000238,47683.983275981234
455,100,-0.8174931,-1.4013473,3.4970555,1.4999998,0.45223817,0.47300884,0.16604191,0.19056459,0.29994416,43565.8061185523
456,100,1.0304383,-2.0473237,3.4999094,1.5,0.45000547,0.6394183,0.18239488,0.14000326,0.29999995,43369.833430713064
457,100,-1.2266216,0.96744615,2.805255,1.1709726,1.1999538,0.49817333,0.20309457,0.19905001,0.1500017,47356.30206844583
458,100,-0.055352546,-0.26393735,3.3948097,1.4883795,0.5056562,0.5562509,0.17187534,0.1560177,0.28580457,43610.80153398926
459,100,0.3528166,-0.15277442,3.4230003,1.3422261,0.49209028,0.60862106,0.1897825,0.14101526,0.2868389,43819.279154785094
460,100,-1.2986867,1.2760754,2.642172,1.0290264,1.1999977,0.49858513,0.20810033,0.19959949,0.15000007,48007.455738420824
461,100,1.325014,0.20533256,3.4798336,1.000002,0.6600476,0.6731402,0.24140139,0.14000055,0.22368994,45266.12724957399
462,100,0.045134015,2.339625,2.5022109,1.0,1.2,0.558917,0.2431964,0.19502702,0.15,48193.61361724432
463,100,-0.27643284,-0.25957698,3.4202042,1.4904948,0.5375098,0.5369512,0.1724203,0.16434467,0.27494392,43710.93631619031
464,100,0.36448124,1.471322,2.5396936,1.0,1.1999927,0.5759412,0.2381991,0.15835048,0.15000021,47974.879683857216
465,100,1.5927707,-0.25857264,3.496528,1.0003656,0.4578237,0.6879076,0.24275583,0.14000006,0.29845792,44693.274350385575
466,100,0.30833125,-1.3780835,3.4977255,1.4999995,0.45043164,0.57470477,0.16737181,0.1409742,0.29999,43330.799138198185
467,100,-0.3119761,-0.84029037,3.4794703,1.4999409,0.45910448,0.511132,0.16847178,0.16996415,0.29932678,43485.90144842479
468,100,-1.0068318,1.6815767,2.542899,1.0001333,1.1999999,0.51182693,0.21491924,0.19944732,0.15,48218.28277606411
469,100,-0.79228663,-0.5316059,3.4821768,1.499589,0.54281557,0.49393857,0.17289819,0.18294926,0.27708334,43753.13433813151
470,100,0.36584878,1.2978252,2.5684824,1.0,1.1999614,0.5766879,0.23499022,0.154542,0.15000121,47919.94052157497
471,100,0.48111513,2.759355,2.5006497,1.0,1.2,0.5744239,0.24866825,0.17979282,0.15,48116.56408739659
472,100,-0.074667975,0.25871643,3.1592116,1.1446636,1.0084743,0.5663193,0.17949261,0.16145258,0.16524945,46272.64912234139
473,100,0.27560067,1.4350494,2.54201,1.0,1.1999915,0.57377046,0.23514405,0.16457169,0.15000024,47995.98309050276
474,100,0.5072389,-0.1162297,3.4433584,1.1393481,0.4961012,0.6269468,0.19970143,0.14031929,0.28526738,44352.19295566948
475,100,-0.9474886,0.24444346,3.3586226,1.4771581,1.1677873,0.51939005,0.1849826,0.19205901,0.15246479,45929.09772344344
476,100,1.4013448,-0.4103818,3.4954982,1.0131078,0.45360073,0.68127626,0.23753454,0.14000025,0.2994612,44639.425041253264
477,100,0.5289436,0.24614778,3.354451,1.0006591,0.8153976,0.61351115,0.21155861,0.14038135,0.18201329,45987.80681981069
478,100,0.86351967,-0.8047537,3.4935126,1.4987235,0.45092422,0.6439347,0.20255892,0.1400202,0.2999273,43395.27133622231
479,100,2.346647,-1.2791611,3.4998865,1.428621,0.45000836,0.6947482,0.24721368,0.14,0.29999983,43581.87802462636
480,100,-0.36555108,0.9380925,2.7299461,1.0017856,1.1997654,0.5474663,0.19695362,0.187362,0.1500072,47853.29687690981
481,100,0.29673317,0.82998616,2.7498994,1.0000048,1.1972146,0.5783435,0.21946561,0.15005116,0.15011959,47656.11865924172
482,100,-0.49610233,-0.074804984,3.418824,1.4826905,0.7507925,0.5336751,0.17537454,0.17097901,0.21393605,44394.56050768214
483,100,0.012231983,1.5692596,2.52575,1.0,1.199999,0.5617195,0.2290883,0.18717231,0.15000004,48116.30875673803
484,100,0.69042903,0.7966721,2.964329,1.0000001,1.1923523,0.6137583,0.23359457,0.14051151,0.15028548,47318.70342002921
485,100,-0.6579261,0.9688826,2.7374165,1.0126032,1.199878,0.5294699,0.19589178,0.19528997,0.15000339,47866.96550009624
486,100,0.22558166,1.3891454,2.5470166,1.0,1.1999885,0.57220066,0.23244429,0.16758826,0.15000033,48000.68865040592
487,100,2.0140603,-0.30676576,3.4988317,1.0000287,0.45409656,0.6944488,0.24721377,0.14,0.29934174,44687.22536348259
488,100,-0.40630314,-0.86404496,3.4818475,1.4999542,0.45944965,0.50433975,0.16839631,0.17471668,0.29929298,43507.670321956335
489,100,-0.14357951,-0.38202545,3.4247098,1.4960912,0.49063239,0.5418783,0.17115146,0.1603968,0.29170245,43555.85691009674
490,100,0.3595044,-0.14456682,3.4232223,1.3230617,0.49389157,0.6097426,0.19027781,0.14096925,0.28608504,43868.7372920892
491,100,-0.36159927,1.0645851,2.6671076,1.0003965,1.1999307,0.5473101,0.20090944,0.18899824,0.15000194,47945.60951875863
492,100,-0.9378802,0.43310794,3.215529,1.4355824,1.1912451,0.5169223,0.1900141,0.19359794,0.15053193,46215.05919543334
493,100,-0.40594172,0.7243685,2.86703,1.024087,1.1981933,0.5456062,0.19028103,0.18625885,0.15006529,47605.758293562976
494,100,1.3852615,-0.30309826,3.4946253,1.0032724,0.45711187,0.6817974,0.23807393,0.14000031,0.29868108,44681.743184568055
495,100,0.44103292,0.17879286,3.3593001,1.0034885,0.7303971,0.6079763,0.20390405,0.140678,0.19944276,45689.09194220817
496,100,-0.7994224,0.2407875,3.3280668,1.4647595,1.1487225,0.52628267,0.1840121,0.18849005,0.15384872,45890.34166451218
497,100,0.2891205,0.41287082,3.101235,1.0007026,1.0834453,0.58668095,0.20369714,0.14449991,0.15732507,46961.86853896639
498,100,-0.1983989,0.0941923,3.280446,1.4065117,0.7744164,0.55914176,0.17664295,0.16284582,0.20054546,44745.13797774956
499,100,-1.1476109,-0.35811406,3.486322,1.4994545,0.84117174,0.48644382,0.17518975,0.18994647,0.2067282,44668.89425100714
0,200,1.7640524,0.4001572,3.4513116,1.4006389,0.45512086,0.66971266,0.24548747,0.14763165,0.27800062,43730.75101210235
1,200,0.978738,2.2408931,3.478464,1.350455,1.1894286,0.6873338,0.248481,0.18959393,0.26851314,44957.72845874788
2,200,1.867558,-0.9772779,3.385756,1.4418398,0.450193,0.6150681,0.2429298,0.14933309,0.2867331,43655.76381471169
3,200,0.95008844,-0.1513572,3.3870676,1.4337971,0.4559041,0.637449,0.22270843,0.15024756,0.27858675,43693.17853672514
4,200,-0.10321885,0.41059852,3.3606753,1.4388282,0.6275928,0.63272226,0.18504974,0.16399606,0.2716933,43978.838298534654
5,200,0.14404356,1.4542735,3.435819,1.4071255,1.1439389,0.6696303,0.22966447,0.18376534,0.26848018,44796.19167289773
6,200,0.7610377,0.121675014,3.3984516,1.4299339,0.46561328,0.64377755,0.21654572,0.15142508,0.27596486,43714.197126612555
7,200,0.44386324,0.33367434,3.397226,1.4293823,0.50533015,0.6415123,0.20704785,0.1559276,0.27393973,43784.79642730657
8,200,1.4940791,-0.20515826,3.4108005,1.4254777,0.45197135,0.6484006,0.23962831,0.1478833,0.28078824,43687.76751647683
9,200,0.3130677,-0.85409576,3.3433447,1.4582124,0.46433502,0.57657963,0.19010104,0.16242735,0.28262773,43700.19062869867
10,200,-2.5529897,0.6536186,3.155957,1.4599516,1.1908253,0.5151658,0.1808306,0.19122452,0.2604828,45182.8646239168
11,200,0.8644362,-0.742165,3.3534827,1.4508903,0.45261735,0.6009823,0.213308,0.15498708,0.28305733,43674.52729161935
12,200,2.2697546,-1.4543657,3.3851662,1.448247,0.45003992,0.5979384,0.2463214,0.14981523,0.28998166,43636.749244444574
13,200,0.045758516,-0.18718386,3.3398552,1.4485,0.4878002,0.6090387,0.17835271,0.15724246,0.27595723,43741.15196073389
14,200,1.5327792,1.4693588,3.4747925,1.3614974,0.738946,0.6818013,0.24834944,0.16566722,0.27319032,44243.00328161151
15,200,0.15494743,0.37816253,3.3820415,1.4340863,0.5773848,0.6372445,0.19505733,0.16094643,0.2728409,43896.14074236278
16,200,-0.88778573,-1.9807965,3.3332005,1.4764609,0.7581487,0.47031054,0.1920053,0.18931174,0.28790307,44302.39948368128
17,200,-0.34791216,0.15634897,3.3202293,1.4464672,0.56838197,0.6079407,0.17686935,0.16115475,0.2718184,43898.888428658385
18,200,1.2302907,1.2023798,3.4636028,1.3818343,0.6783813,0.675129,0.24571246,0.1640283,0.27320072,44124.56305172529
19,200,-0.3873268,-0.30230275,3.3293607,1.4534233,0.5428984,0.5743241,0.1763766,0.16200945,0.27571622,43841.81625589706
20,200,-1.048553,-1.420018,3.3211722,1.4715813,0.7784579,0.48049837,0.18491817,0.18433496,0.28372464,44327.152015265754
21,200,-1.7062702,1.9507754,3.3064663,1.4355874,1.1978111,0.6319217,0.20258859,0.19681275,0.25678468,45015.419337368985
22,200,-0.5096522,-0.4380743,3.3267953,1.4563484,0.5669449,0.556824,0.177055,0.1649718,0.27667657,43890.61095438114
23,200,-1.2527953,0.7774904,3.2683845,1.4477508,1.0769937,0.5888052,0.18267527,0.18243323,0.26524177,44781.921239930634
24,200,-1.6138978,-0.21274029,3.2602968,1.4627659,0.9767515,0.5171358,0.17264116,0.17574012,0.27071804,44650.070423953
25,200,-0.89546657,0.3869025,3.285535,1.4488599,0.8277098,0.5890125,0.17883426,0.17160808,0.2686375,44349.8315767779
26,200,-0.51080513,-1.1806322,3.3361793,1.4666156,0.6027535,0.51106584,0.18491885,0.17707616,0.28337198,43983.26727378242
27,200,-0.028182229,0.42833188,3.3696034,1.4369413,0.62912655,0.63578904,0.18836305,0.16365512,0.27195543,43977.96288012125
28,200,0.06651722,0.3024719,3.369722,1.4376436,0.5632358,0.63269526,0.18795274,0.16038813,0.2728161,43871.580300800975
29,200,-0.6343221,-0.36274117,3.3198268,1.4564425,0.58568376,0.5550661,0.17511863,0.16438237,0.27548915,43924.27378641178
30,200,-0.67246044,-0.35955316,3.317949,1.4567645,0.5941675,0.55322605,0.17472667,0.16462588,0.2753113,43939.97873229318
31,200,-0.8131463,-1.7262826,3.3328357,1.4738119,0.71963304,0.47813845,0.18971375,0.18633628,0.28649426,44224.937796718375
32,200,0.17742614,-0.40178093,3.3410149,1.451524,0.4736857,0.6007465,0.18294717,0.15838501,0.2784075,43716.258416764074
33,200,-1.6301984,0.46278226,3.2320848,1.4545335,1.1004555,0.55224645,0.17920029,0.18120609,0.26540387,44869.72306873559
34,200,-0.9072984,0.051945396,3.29153,1.4533145,0.7380409,0.5720332,0.1754336,0.16726866,0.2707479,44192.08916259934
35,200,0.7290906,0.12898292,3.3973134,1.4303145,0.46681356,0.64321357,0.21505837,0.1516144,0.27579647,43715.80625931686
36,200,1.1394007,-1.2348258,3.354568,1.4576296,0.45085838,0.58210695,0.22331843,0.15753989,0.2869454,43665.27025358203
37,200,0.40234163,-0.6848101,3.3432512,1.4547989,0.46052927,0.5918792,0.19229653,0.15929314,0.28144005,43692.30846455354
38,200,-0.87079716,-0.5788497,3.3140268,1.4609848,0.64613384,0.526637,0.17584988,0.16919759,0.2769317,44046.43724813625
39,200,-0.31155252,0.05616534,3.3231678,1.447423,0.5456718,0.6054824,0.17600372,0.15932553,0.27251405,43853.18950104225
40,200,-1.1651498,0.9008265,3.284989,1.4454249,1.0929893,0.6017657,0.18496227,0.18376023,0.26506862,44791.12536370774
41,200,0.46566245,-1.5362437,3.346861,1.4668884,0.45794088,0.5384812,0.20094132,0.16964935,0.2875604,43705.18747667238
42,200,1.4882522,1.8958892,3.4806192,1.3448532,1.0726267,0.6863752,0.24908122,0.17784616,0.27138314,44754.3002772637
43,200,1.1787796,-0.17992483,3.3972101,1.4305633,0.45367238,0.64194256,0.23134398,0.14919224,0.27957624,43690.01863437331
44,200,-1.0707526,1.0544517,3.3061645,1.4420699,1.1177483,0.6169653,0.18818557,0.18558276,0.2647093,44813.2647386659
45,200,-0.40317693,1.222445,3.3868213,1.4273115,1.1159452,0.6528456,0.20312029,0.1836339,0.26685902,44749.334771878996
46,200,0.20827498,0.97663903,3.4194293,1.4184909,0.94120765,0.65830815,0.21835938,0.1737894,0.27071708,44461.038511243205
47,200,0.3563664,0.7065732,3.4144626,1.421556,0.7024547,0.6519198,0.21658297,0.16567184,0.27228165,44101.41183356391
48,200,0.01050002,1.7858706,3.4411473,1.4011524,1.1847141,0.6748574,0.23355398,0.18943898,0.26642126,44890.28396164053
49,200,0.12691209,0.40198937,3.3816054,1.4342085,0.59366727,0.6376936,0.19432142,0.16180259,0.27266115,43921.52279258825
50,200,1.8831507,-1.347759,3.3746881,1.4511898,0.4501129,0.59369266,0.24237972,0.15176381,0.2888726,43646.5799652254
51,200,-1.270485,0.9693967,3.278558,1.4456279,1.1231081,0.5993636,0.18569301,0.18567324,0.26425448,44852.70115869011
52,200,-1.1731234,1.9436212,3.3618412,1.4270635,1.1961641,0.6536709,0.2087864,0.19565108,0.25930482,44961.39668247849
53,200,-0.41361898,-0.7474548,3.3347733,1.4603033,0.56853485,0.54159486,0.1811706,0.1696173,0.27999392,43899.144655609016
54,200,1.922942,1.4805148,3.4802544,1.3484347,0.5899934,0.6847787,0.24920146,0.15915611,0.2745976,44047.8280125543
55,200,1.867559,0.90604466,3.4689274,1.3775909,0.47007027,0.6778878,0.24776778,0.15045829,0.27632177,43803.973148965786
56,200,-0.86122566,1.9100649,3.388463,1.4212866,1.1947055,0.6609985,0.21237372,0.19457737,0.2611549,44937.674365877094
57,200,-0.26800337,0.8024564,3.371886,1.4339286,0.90048486,0.6424054,0.19282107,0.17412752,0.26933488,44402.83373683521
58,200,0.947252,-0.15501009,3.3866148,1.4339458,0.45588103,0.6371736,0.22255066,0.15026905,0.2786046,43693.035867824045
59,200,0.61407936,0.9222067,3.436283,1.4089774,0.75340366,0.6617722,0.23202181,0.16719335,0.272277,44194.99198472512
60,200,0.37642553,-1.0994008,3.3446136,1.461516,0.461268,0.5628727,0.19408104,0.16486943,0.2845861,43698.45873508009
61,200,0.2982382,1.3263859,3.4385395,1.4063418,1.0978671,0.6683285,0.23107426,0.18036081,0.26964387,44717.02355874223
62,200,-0.69456786,-0.14963454,3.310362,1.4542986,0.61345184,0.56934905,0.17394322,0.16339557,0.27301177,43971.74806123043
63,200,-0.43515354,1.8492638,3.4184399,1.4117506,1.1911712,0.6692499,0.22315833,0.19231364,0.26383078,44912.86879632951
64,200,0.67229474,0.40746182,3.4135816,1.4230671,0.49358532,0.64880085,0.21933085,0.15457055,0.2743943,43774.14202187835
65,200,-0.76991606,0.5392492,3.301544,1.4459819,0.8419227,0.60426164,0.18069278,0.1731512,0.26845682,44361.281751719755
66,200,-0.6743327,0.031830557,3.3051622,1.4514103,0.6415024,0.584057,0.17540129,0.16389197,0.2715966,44022.637844597746
67,200,-0.6358461,0.67643327,3.3241627,1.442488,0.8759326,0.6207806,0.18361858,0.17478527,0.26837558,44397.5344084463
68,200,0.57659084,-0.20829876,3.3603294,1.4416322,0.46016315,0.62320584,0.20305762,0.15272908,0.27775526,43697.860173134926
69,200,0.3960067,-1.0930616,3.3445804,1.4613307,0.46053237,0.56412184,0.19443479,0.16457573,0.28457388,43696.58280212673
70,200,-1.4912575,0.4393917,3.2425103,1.4536057,1.0640402,0.55866355,0.17900385,0.17933536,0.26607263,44789.639804786304
71,200,0.1666735,0.63503146,3.3990688,1.4280267,0.7155862,0.6468251,0.20467138,0.1665437,0.27190545,44113.4055813621
72,200,2.3831449,0.94447947,3.4772816,1.3617382,0.45794067,0.68354297,0.24921553,0.14769195,0.27775413,43803.33269473735
73,200,-0.91282225,1.1170163,3.3280566,1.4388359,1.1164603,0.62998295,0.19091627,0.18555121,0.26501256,44791.67375999342
74,200,-1.3159074,-0.4615846,3.2868462,1.4634011,0.80396783,0.5143482,0.17182437,0.17208382,0.27411646,44337.11519922383
75,200,-0.0682416,1.7133427,3.434482,1.4055475,1.1812024,0.67253387,0.22980493,0.18882942,0.26636076,44878.14895354006
76,200,-0.74475485,-0.82643855,3.3236818,1.4631506,0.64012444,0.51816577,0.1798911,0.17336339,0.2796268,44044.46899610093
77,200,-0.09845252,-0.6634783,3.3409667,1.4575067,0.5076636,0.56851864,0.18191017,0.16506954,0.28015396,43779.19150709478
78,200,1.1266359,-1.0799315,3.355827,1.4548204,0.45099506,0.5894715,0.22328135,0.15591505,0.28596777,43665.652896495434
79,200,-1.1474687,-0.43782005,3.295664,1.4617975,0.739619,0.52325064,0.17238235,0.1700589,0.2744503,44214.89063977948
80,200,-0.49803245,1.929532,3.4179862,1.4112651,1.1937094,0.6698681,0.22355694,0.1933081,0.26311967,44924.51214267289
81,200,0.9494208,0.08755124,3.4054718,1.4274144,0.4603397,0.64720285,0.22477539,0.15042736,0.27690017,43707.78037895991
82,200,-1.2254355,0.844363,3.2750626,1.4467127,1.0885639,0.5943949,0.1837736,0.1832977,0.26504126,44794.67952979053
83,200,-1.0002153,-1.5447711,3.3250177,1.4726887,0.7744198,0.47796586,0.18657225,0.18544984,0.28477976,44321.47170963807
84,200,1.1880298,0.3169426,3.4294875,1.416079,0.46178725,0.6580311,0.23514491,0.14993528,0.27643353,43725.35500398381
85,200,0.9208588,0.31872764,3.4189615,1.4213376,0.46960133,0.65247536,0.22636741,0.15151331,0.275514,43733.043202991495
86,200,0.8568306,-0.6510256,3.355249,1.4489222,0.45290717,0.60565865,0.21352416,0.15414433,0.28234044,43676.35443662836
87,200,-1.0342429,0.6815945,3.28435,1.4468166,0.9922483,0.5964896,0.18190959,0.17863886,0.26667112,44620.98052110008
88,200,-0.80340964,-0.6895498,3.319161,1.4618073,0.638523,0.52320933,0.17778172,0.17090505,0.27819118,44036.59547046467
89,200,-0.4555325,0.017479159,3.3171701,1.4494864,0.573322,0.5954852,0.17540044,0.16089597,0.2723447,43900.921382178014
90,200,-0.35399392,-1.3749512,3.3411036,1.468427,0.5604692,0.5092826,0.18760222,0.17837065,0.2851301,43913.809862759736
91,200,-0.6436184,-2.2234032,3.341201,1.4779829,0.66016966,0.47029704,0.19520535,0.19013932,0.2896093,44133.90704961443
92,200,0.62523144,-1.6020577,3.3471775,1.4670439,0.4545194,0.54058206,0.20507796,0.16873218,0.28815633,43696.28989323613
93,200,-1.1043833,0.05216508,3.2801738,1.4551103,0.8266685,0.56080407,0.17529921,0.17005774,0.27013424,44349.58379025507
94,200,-0.739563,1.5430146,3.3761215,1.4273744,1.1777226,0.65335906,0.20413625,0.19064824,0.2635996,44883.71529624224
95,200,-1.2928569,0.26705086,3.2602456,1.4538983,0.9622923,0.5616116,0.17760636,0.17455137,0.2679837,44593.65379591208
96,200,-0.039282817,-1.1680934,3.3435707,1.464504,0.4961549,0.5384439,0.18841536,0.17110202,0.28433555,43775.71972680677
97,200,0.5232767,-0.17154633,3.3597267,1.4415036,0.4621039,0.62389386,0.20051691,0.15286155,0.27725485,43701.27691135081
98,200,0.77179056,0.82350415,3.4381893,1.407711,0.6165914,0.6616014,0.23403165,0.16226716,0.2731161,43995.46856963404
99,200,2.163236,1.336528,3.4809747,1.3482153,0.49880707,0.68515295,0.24935246,0.1534412,0.2758118,43908.67117758213
100,200,-0.36918184,-0.23937918,3.3289132,1.452364,0.53819704,0.580111,0.1757456,0.16088286,0.27512443,43832.32854523333
101,200,1.0996596,0.6552637,3.4425879,1.4060136,0.49210656,0.66292524,0.23799519,0.15395418,0.27486515,43799.603900088165
102,200,0.64013153,-1.616956,3.3472502,1.4671612,0.4542816,0.5402156,0.20559227,0.1687639,0.28825969,43696.00254891976
103,200,-0.024326125,-0.7380309,3.341882,1.4582776,0.49561355,0.56809604,0.18350461,0.16496977,0.28098774,43758.06904380791
104,200,0.2799246,-0.09815039,3.3498638,1.4434078,0.47199258,0.6210106,0.18823545,0.15415974,0.2757507,43718.1235941282
105,200,0.9101789,0.3172182,3.4184217,1.4215865,0.46992895,0.65219975,0.22594234,0.15157273,0.2754858,43733.27619078802
106,200,0.78632796,-0.4664191,3.3579197,1.4452993,0.4542693,0.6138197,0.21126205,0.15310402,0.28063965,43682.88781467124
107,200,-0.94444627,-0.4100497,3.3058753,1.4598039,0.6687994,0.5349455,0.17317417,0.16763188,0.27487388,44080.61463990597
108,200,-0.017020414,0.37915173,3.3672366,1.437754,0.60432094,0.63414454,0.18708919,0.16254959,0.27219743,43938.67249068665
109,200,2.259309,-0.042257152,3.4474666,1.4043655,0.45073938,0.6682868,0.24802399,0.14545755,0.2821386,43702.45196063339
110,200,-0.955945,-0.34598178,3.3028867,1.4591614,0.6765038,0.53939754,0.17284392,0.16728571,0.2741487,44093.174541044704
111,200,-0.463596,0.48148146,3.327626,1.44337,0.71783304,0.61949915,0.18108085,0.16888374,0.26996347,44143.71193785739
112,200,-1.540797,0.06326199,3.252983,1.458728,1.0112927,0.5376123,0.17509964,0.17623827,0.26866245,44697.10185613057
113,200,0.15650654,0.23218104,3.3715732,1.4372776,0.52478766,0.63154113,0.18987393,0.15789144,0.27334553,43809.000022100954
114,200,-0.5973161,-0.23792173,3.318193,1.4545993,0.58006245,0.5672842,0.17396107,0.16269347,0.2742656,43910.57626979291
115,200,-1.424061,-0.49331987,3.2817235,1.4645636,0.84506893,0.5079737,0.17152344,0.17350025,0.27407324,44416.82807953428
116,200,-0.54286146,0.41605005,3.3155007,1.4452529,0.70640886,0.6107777,0.17965983,0.16822517,0.26994944,44132.861001149606
117,200,-1.1561824,0.7811981,3.2781694,1.4467996,1.0574342,0.5948765,0.18301333,0.18159966,0.2656566,44737.184770758504
118,200,1.4944845,-2.069985,3.3560176,1.4677628,0.4502011,0.5452596,0.2338897,0.163819,0.29154396,43671.23244126965
119,200,0.42625874,0.676908,3.4165802,1.4206544,0.6565428,0.65204394,0.21860407,0.1640406,0.27258402,44034.51918888864
120,200,-0.63743705,-0.3972718,3.3205335,1.4568782,0.5868809,0.5522153,0.17554195,0.16487888,0.27585375,43927.4910412464
121,200,-0.13288058,-0.29779088,3.3383632,1.4515936,0.513331,0.5911166,0.17789331,0.16053738,0.27657396,43784.39555506867
122,200,-0.30901298,-1.6760038,3.3431902,1.4716628,0.5475757,0.49761945,0.19178782,0.18158191,0.28716844,43905.55613032379
123,200,1.1523316,1.0796186,3.458525,1.3887773,0.62897366,0.6721185,0.24412078,0.16216049,0.27342546,44041.67349563164
124,200,-0.81336427,-1.4664243,3.33026,1.4711282,0.7074609,0.4859786,0.18687692,0.18327685,0.28470474,44193.537507745
125,200,0.5210649,-0.57578796,3.3461816,1.4514629,0.4574449,0.60199445,0.19731739,0.15664068,0.2808714,43686.759517895014
126,200,0.14195317,-0.31932843,3.34058,1.4502809,0.4769235,0.6045712,0.181463,0.15779501,0.2775268,43722.41494159028
127,200,0.69153875,0.6947491,3.429489,1.4136794,0.57506967,0.65697813,0.22873849,0.16037464,0.27334777,43922.916016636955
128,200,-0.7255974,-1.383364,3.332033,1.4698727,0.6741285,0.49223316,0.18642196,0.18156475,0.2843306,44127.9088735731
129,200,-1.5829384,0.6103794,3.2344232,1.4524871,1.1118529,0.56131375,0.18076189,0.18289562,0.26465946,44886.93339116621
130,200,-1.1888592,-0.5068163,3.2959852,1.4628764,0.7505652,0.5166403,0.17246528,0.17101674,0.27503994,44238.61145551178
131,200,-0.596314,-0.052567296,3.3123548,1.451942,0.5998411,0.582539,0.17468223,0.16235733,0.272479,43946.918950125066
132,200,-1.9362798,0.1887786,3.2207575,1.4603392,1.127655,0.5245624,0.17605129,0.1821268,0.26640874,44950.42520762163
133,200,0.52389103,0.08842209,3.3827505,1.4348983,0.47191784,0.63674295,0.2037063,0.15262663,0.27526122,43719.603994526224
134,200,-0.31088617,0.097400166,3.3222759,1.4468504,0.55072623,0.60728705,0.176332,0.15979457,0.2722496,43864.80255053167
135,200,0.39904633,-2.7725928,3.3520198,1.4794691,0.45910987,0.47985488,0.21445963,0.18567666,0.29306597,43773.883208194595
136,200,1.9559124,0.39009333,3.4557786,1.3964131,0.45352694,0.67236775,0.24695568,0.14688118,0.27870154,43731.30713138621
137,200,-0.6524086,-0.39095336,3.3196802,1.4569372,0.5898191,0.5518597,0.17533994,0.16490522,0.27572984,43932.95358060812
138,200,0.49374178,-0.11610394,3.3623872,1.4404658,0.4643847,0.6264823,0.19965886,0.15274495,0.27667522,43705.30013127917
139,200,-2.0306845,2.064493,3.2774816,1.4382586,1.199034,0.61942047,0.20246375,0.1977468,0.25457793,45059.6131512986
140,200,-0.11054066,1.0201727,3.3995607,1.425235,1.0138701,0.6543574,0.20668842,0.17715503,0.26915896,44571.981768653626
141,200,-0.69204986,1.5363771,3.3801625,1.4264817,1.1766033,0.6544469,0.20493394,0.19030544,0.2638959,44878.3428068355
142,200,0.2863437,0.60884386,3.405166,1.4257147,0.6626168,0.6477155,0.20997491,0.16436058,0.27241957,44036.25683041715
143,200,-1.0452534,1.2111453,3.3211582,1.4391106,1.145853,0.62786275,0.19170865,0.1878596,0.26396587,44853.05526932978
144,200,0.68981814,1.3018463,3.452348,1.394999,1.0036517,0.6713488,0.24030891,0.17509171,0.27114436,44580.90928421073
145,200,-0.6280876,-0.48102713,3.3226957,1.457866,0.58883286,0.54664767,0.17658827,0.16622555,0.2767465,43933.618553495384
146,200,2.3039167,-1.0600158,3.4005215,1.4366808,0.45006907,0.623004,0.24708453,0.1474493,0.28800207,43648.78056020854
147,200,-0.1359497,1.1368914,3.404015,1.4229538,1.0699797,0.6572616,0.20988797,0.17973551,0.2685356,44663.169393451964
148,200,0.09772497,0.5829537,3.3908288,1.430821,0.6978355,0.64403856,0.19960813,0.16603707,0.27185443,44084.627474797024
149,200,-0.39944902,0.37005588,3.326149,1.4442763,0.6477784,0.61665314,0.17950314,0.16583765,0.27070552,44031.19661448292
150,200,-1.3065269,1.6581306,3.3274133,1.4349029,1.1905932,0.63743687,0.19978727,0.19399428,0.26032552,44957.7369162782
151,200,-0.11816405,-0.6801782,3.340829,1.4578646,0.5109184,0.56606275,0.18190198,0.16559009,0.2802483,43785.91373548748
152,200,0.6663831,-0.4607198,3.352973,1.4469767,0.4556492,0.61093557,0.20521802,0.15404935,0.2802791,43685.29186245748
153,200,-1.3342584,-1.3467175,3.3083773,1.472058,0.84780335,0.4752802,0.18141603,0.18450299,0.2823596,44458.53907305461
154,200,0.69377315,-0.15957344,3.3713582,1.4383614,0.4591153,0.62977076,0.21008548,0.15168084,0.27774718,43696.8858077336
155,200,-0.13370156,1.0777438,3.4009671,1.4243737,1.0443803,0.6555526,0.20785639,0.17854695,0.26879746,44621.34030446281
156,200,-1.1268258,-0.7306777,3.3055391,1.4645944,0.7251116,0.5057725,0.17567629,0.17324536,0.27759925,44203.33734219038
157,200,-0.3848798,0.09435159,3.3183823,1.4476202,0.5667691,0.60332936,0.176316,0.16060275,0.27204558,43893.15051772285
158,200,-0.042171452,-0.2868872,3.3398523,1.4508946,0.50003266,0.59795034,0.1783848,0.15942702,0.2767419,43760.460513466416
159,200,-0.0616264,-0.10730527,3.338558,1.4476991,0.5028912,0.6083957,0.17649098,0.15744999,0.27480254,43767.02265561335
160,200,-0.7196044,-0.812993,3.3244448,1.4628358,0.63385797,0.52021986,0.17994685,0.17300634,0.27958155,44031.73825199825
161,200,0.27451634,-0.8909151,3.3435433,1.45896,0.46631542,0.5724886,0.18973571,0.16329941,0.28284648,43704.78754752118
162,200,-1.1573553,-0.31229225,3.2907288,1.4604052,0.7575481,0.5318873,0.17255951,0.1694609,0.27307993,44242.22285783458
163,200,-0.15766701,2.2567234,3.4486341,1.391264,1.1976221,0.6808145,0.23841083,0.19463892,0.2633686,44954.89175313042
164,200,-0.7047003,0.9432607,3.3368604,1.4388764,1.0324643,0.6315478,0.18891877,0.18089314,0.26673946,44640.10624645077
165,200,0.7471883,-1.1889449,3.3471203,1.4604682,0.45298946,0.57291365,0.20783563,0.16155586,0.28585252,43677.708113464774
166,200,0.77325296,-1.1838807,3.3475702,1.4601585,0.45273322,0.5742049,0.20888363,0.16113724,0.28587186,43676.418628297135
167,200,-2.6591723,0.60631955,3.1487617,1.4612424,1.1923742,0.50907046,0.18040645,0.19156446,0.260457,45201.36311958456
168,200,-1.7558906,0.45093447,3.2233467,1.4557258,1.1224397,0.5451168,0.17914751,0.18241088,0.2650419,44924.28257816822
169,200,-0.6840109,1.6595508,3.388736,1.423357,1.1850715,0.65836143,0.20908219,0.19162443,0.2633623,44898.27131312636
170,200,1.0685093,-0.4533858,3.372727,1.4403125,0.45245513,0.6229257,0.22479779,0.15100993,0.2812689,43680.59691952548
171,200,-0.6878376,-1.2140774,3.3313892,1.4677479,0.65485406,0.5008117,0.1847482,0.17897697,0.28313345,44084.651799861815
172,200,-0.44092262,-0.28035548,3.326692,1.4535921,0.549448,0.57268196,0.17568748,0.16189943,0.27530813,43853.87229021647
173,200,-0.36469355,0.15670386,3.3191395,1.4466252,0.57238483,0.60707545,0.17687397,0.16133599,0.27175757,43906.04355293575
174,200,0.5785215,0.34965447,3.4054208,1.4265584,0.4933937,0.64512056,0.21344823,0.15465564,0.2743001,43768.13910461892
175,200,-0.76414394,-1.4377915,3.3314576,1.4706287,0.6893845,0.48873168,0.18682586,0.1825545,0.28462726,44158.63823555179
176,200,1.3645319,-0.6894492,3.3755686,1.4420663,0.45088437,0.617509,0.2333475,0.15063618,0.2837844,43670.073213610005
177,200,-0.6522936,-0.52118933,3.3224144,1.4585762,0.59574574,0.5424769,0.17691875,0.16707048,0.27705896,43948.12650401469
178,200,-1.8430696,-0.477974,3.2561426,1.4673384,1.009026,0.49372813,0.17095305,0.17830013,0.27245194,44736.58764149588
179,200,-0.4796558,0.6203583,3.3361545,1.4412626,0.80411196,0.62650144,0.18385535,0.17214,0.26921895,44275.33530219405
180,200,0.6984571,0.003770889,3.3857772,1.4340591,0.46331787,0.6382348,0.21201792,0.15155143,0.2765168,43706.47358090568
181,200,0.93184835,0.339965,3.4206967,1.42045,0.470551,0.6531677,0.22718596,0.15162091,0.27547213,43736.1860487247
182,200,-0.015682112,0.16092817,3.351062,1.4421539,0.52722466,0.62514734,0.179913,0.15824792,0.27304336,43812.582499357435
183,200,-0.19065349,-0.3948495,3.3376818,1.4535804,0.52261996,0.58055073,0.17863056,0.1623918,0.27736443,43802.271375260374
184,200,-0.26773354,-1.1280113,3.3410602,1.4649777,0.53937954,0.5274556,0.18554121,0.17391884,0.2835383,43860.083481751106
185,200,0.2804417,-0.9931236,3.3440592,1.4604399,0.4658516,0.565929,0.19102967,0.16456339,0.28364232,43706.09473433293
186,200,0.8416313,-0.24945858,3.373203,1.4384072,0.45570824,0.628726,0.2165434,0.15120436,0.2789619,43690.30429551986
187,200,0.04949498,0.4938368,3.3812435,1.4339033,0.654282,0.6399524,0.19408265,0.16449305,0.27201813,44016.45456509526
188,200,0.6433145,-1.5706234,3.3470206,1.4665624,0.45424592,0.5431874,0.20525098,0.16810584,0.2880029,43694.00025171927
189,200,-0.20690368,0.8801789,3.3829916,1.4307711,0.9435202,0.6471913,0.19797817,0.17519253,0.26930156,44465.78426779673
190,200,-1.6981058,0.38728046,3.2292523,1.4559658,1.104526,0.54530126,0.17860313,0.18099916,0.2657233,44883.07603105497
191,200,-2.2555642,-1.0225068,3.2521415,1.4746072,1.0819085,0.46642053,0.17019829,0.18507053,0.27669674,44906.66200711801
192,200,0.038630553,-1.6567152,3.3458114,1.4701381,0.48432514,0.5138514,0.19528496,0.17658237,0.28764462,43776.555264229915
193,200,-0.98551077,-1.471835,3.3244748,1.4718848,0.76357067,0.4805616,0.18587542,0.18450725,0.28428543,44299.45828986994
194,200,1.648135,0.16422775,3.4380698,1.4111266,0.45355564,0.66328144,0.2434849,0.14758547,0.27894568,43710.58642485896
195,200,0.5672903,-0.2226751,3.358816,1.4421647,0.46005294,0.62199813,0.20239535,0.15290344,0.277857,43697.53230926622
196,200,-0.35343176,-1.6164742,3.3423283,1.4711777,0.5595209,0.49821553,0.19056922,0.18139824,0.28671873,43925.11477471541
197,200,-0.29183736,-0.7614922,3.338273,1.4599473,0.54389447,0.54871804,0.1815303,0.168765,0.28050128,43851.54922904125
198,200,0.8579239,1.1411018,3.4523766,1.3951666,0.81325066,0.66995496,0.24104862,0.16894932,0.27221587,44302.044945350106
199,200,1.4665787,0.85255194,3.4594798,1.3898289,0.48872682,0.6720997,0.24514279,0.15321645,0.27530748,43819.74343842445
200,200,-0.5986539,-1.1158969,3.3330715,1.4661624,0.6251664,0.5097283,0.18414845,0.176822,0.28260437,44023.62696721502
201,200,0.7666632,0.3562928,3.4147677,1.4230222,0.4801569,0.64968765,0.22114539,0.15299174,0.27486983,43749.62420907221
202,200,-1.7685385,0.3554818,3.2252126,1.4569328,1.1147156,0.54025525,0.17828065,0.18144903,0.265706,44909.27753978535
203,200,0.8145198,0.058925588,3.396595,1.4306228,0.46229744,0.64309925,0.21846059,0.15104881,0.27657723,43707.91359029512
204,200,-0.18505368,-0.8076485,3.3405874,1.4601302,0.52263904,0.5528965,0.18269008,0.16828938,0.28117436,43812.83995173525
205,200,-1.4465348,0.800298,3.2511487,1.4492394,1.1167271,0.5786029,0.18248932,0.18454684,0.26423794,44874.27922014516
206,200,-0.30911446,-0.23346666,3.3312964,1.4517335,0.53063786,0.5842385,0.17615986,0.16051972,0.27526546,43818.23357996733
207,200,1.7327212,0.6845011,3.4602163,1.3905085,0.46263215,0.6733756,0.2461881,0.14937638,0.2767138,43766.63846457253
208,200,0.370825,0.1420618,3.3781767,1.4360417,0.48315853,0.63410586,0.1964469,0.15388456,0.27439728,43737.10311925911
209,200,1.5199949,1.7195894,3.478555,1.3511355,0.95129615,0.6847524,0.24885945,0.1727713,0.27216423,44564.26701571105
210,200,0.9295051,0.5822246,3.433548,1.412207,0.4968257,0.6582901,0.23276153,0.1545988,0.2745977,43797.790859309534
211,200,-2.094603,0.12372191,3.213007,1.4623834,1.1446538,0.5142275,0.17528555,0.18357687,0.26636094,45003.1111659033
212,200,-0.13010696,0.09395323,3.3338013,1.4451429,0.5196137,0.61652505,0.17639707,0.15790282,0.27289537,43806.16726876279
213,200,0.9430461,-2.7396772,3.3528867,1.4776806,0.45134094,0.49313253,0.22271279,0.1799367,0.2934224,43735.71657256303
214,200,-0.56931204,0.26990435,3.3070822,1.4472008,0.6585899,0.6014037,0.1777836,0.16564114,0.27045944,44058.61781275608
215,200,-0.46684554,-1.4169061,3.3393211,1.469347,0.59271574,0.5017565,0.1873259,0.18000866,0.28518212,43976.450842342914
216,200,0.8689635,0.27687192,3.4141254,1.4235998,0.46905634,0.6503134,0.22360069,0.15152544,0.27550495,43728.74857144971
217,200,-0.97110456,0.3148172,3.2798932,1.4504263,0.837242,0.5815172,0.17802072,0.17114224,0.26874536,44367.45570438604
218,200,0.8215857,0.005292646,3.3927696,1.4318943,0.46075538,0.6413746,0.21818118,0.15093489,0.27697074,43703.95943628458
219,200,0.8005648,0.078260176,3.3973024,1.4303601,0.46316743,0.64340943,0.21800119,0.15114002,0.27639925,43709.64705646203
220,200,-0.39522898,-1.1594205,3.339006,1.4659197,0.5708634,0.5182086,0.18500613,0.17573178,0.2834829,43921.60425194121
221,200,-0.085930765,0.19429293,3.3456867,1.4428612,0.5403136,0.62406266,0.17875259,0.15948953,0.27261126,43838.63141314863
222,200,0.87583274,-0.11510747,3.3858116,1.434113,0.45735317,0.637377,0.21965155,0.1505864,0.27806234,43695.86080487668
223,200,0.4574156,-0.964612,3.3440714,1.4590616,0.45849943,0.57544756,0.1951457,0.16225679,0.28374147,43689.7372388341
224,200,-0.78262913,-0.1103893,3.3044841,1.4545375,0.64935493,0.5675206,0.17407705,0.16462624,0.27239585,44036.62817316877
225,200,-1.0546285,0.8202478,3.2910252,1.4453204,1.0485224,0.6037297,0.18406607,0.18142894,0.26594824,44707.86150057902
226,200,0.46313033,0.27909577,3.3944757,1.4306574,0.4932583,0.6403522,0.20566368,0.15477149,0.27418172,43761.652733413546
227,200,0.3389041,2.0210435,3.4605708,1.3829749,1.1910784,0.6814312,0.24287875,0.19093217,0.26684803,44926.20636813451
228,200,-0.4688642,-2.2014413,3.3436632,1.477284,0.5927867,0.47491148,0.19669378,0.18864813,0.28977144,44013.28355073148
229,200,0.1993002,-0.050603542,3.3484013,1.4434204,0.4780501,0.62156636,0.18466495,0.15444131,0.275015,43728.03758228243
230,200,-0.51751906,-0.97882986,3.3340566,1.4640255,0.59902847,0.52138096,0.18309116,0.17408548,0.28170958,43967.45556033343
231,200,-0.43918952,0.18133843,3.3145783,1.4470408,0.5963413,0.6042565,0.17707968,0.16256791,0.27137265,43949.042033918595
232,200,-0.5028167,2.4124537,3.4377406,1.3968495,1.1989607,0.6789344,0.23499936,0.1965084,0.26069018,44971.26111325169
233,200,-0.96050435,-0.79311734,3.3143945,1.4641098,0.6841158,0.5096795,0.17777331,0.17347527,0.278696,44128.08593230021
234,200,-2.28862,0.25148442,3.192665,1.4623358,1.1702167,0.51152146,0.17653531,0.18633844,0.26469353,45082.687057734256
235,200,-2.0164065,-0.53945464,3.2475579,1.4690934,1.053601,0.48584807,0.17047271,0.18039522,0.27248234,44833.26315923504
236,200,-0.27567053,-0.70972794,3.338241,1.4590914,0.54025245,0.5532268,0.1811057,0.16782753,0.28008807,43842.688174708805
237,200,1.7388726,0.99439436,3.4687157,1.3767905,0.48581463,0.6775049,0.24757871,0.15262161,0.27564508,43835.87423335411
238,200,1.3191369,-0.8824188,3.3663683,1.4479332,0.45073816,0.6047075,0.23096815,0.15231656,0.2850566,43665.0940700752
239,200,1.128594,0.49600095,3.436484,1.4112893,0.47305053,0.66031456,0.23572446,0.1516868,0.27550855,43755.28151458667
240,200,0.77140594,1.0294389,3.4459686,1.4012986,0.7647036,0.6664938,0.23790514,0.16751155,0.2723557,44222.981960877536
241,200,-0.90876323,-0.42431763,3.3080938,1.4596506,0.6567865,0.53571004,0.17356789,0.16743861,0.27514976,44059.0193768297
242,200,0.86259604,-2.6556191,3.3524995,1.47718,0.45179066,0.49443376,0.22062638,0.1797395,0.29308036,43735.42016034298
243,200,1.5133281,0.55313206,3.4503784,1.400873,0.46276408,0.6682496,0.24332836,0.14964369,0.27651924,43750.58844587058
244,200,-0.045703962,0.22050765,3.3524175,1.4415501,0.54590887,0.62672836,0.1807726,0.15962285,0.27268118,43845.39147003318
245,200,-1.0299352,-0.34994337,3.298893,1.4598472,0.7021638,0.5354595,0.17260526,0.16812858,0.27393168,44141.05941639243
246,200,1.1002843,1.298022,3.462992,1.3821955,0.8204817,0.67551565,0.24536672,0.16896741,0.2723939,44330.36487575837
247,200,2.696224,-0.07392467,3.4574094,1.3951297,0.45031387,0.6736887,0.2492255,0.14435036,0.28359467,43708.26720912
248,200,-0.65855294,-0.51423395,3.322029,1.458536,0.5964403,0.5425743,0.1767624,0.16696931,0.27697504,43949.20765659791
249,200,-1.0180418,-0.07785475,3.290408,1.4561512,0.7513332,0.55668336,0.17417046,0.1680524,0.27142373,44218.948389520614
250,200,0.38273242,-0.03424228,3.3625855,1.4401603,0.47120222,0.6280281,0.19441903,0.15322916,0.27559295,43716.133552811254
251,200,1.0963469,-0.2342158,3.3888226,1.4335694,0.45372763,0.6368165,0.2280027,0.1497107,0.2796873,43688.16838646607
252,200,-0.34745064,-0.5812685,3.3349888,1.457459,0.55122006,0.556901,0.17981255,0.16649364,0.27865368,43860.745343455455
253,200,-1.6326345,-1.5677677,3.2994742,1.4754137,0.9520437,0.46509555,0.18172508,0.18827021,0.28330845,44658.81544555936
254,200,-1.179158,1.3014281,3.3136606,1.4394535,1.1652184,0.6253258,0.19242665,0.18981305,0.26291743,44900.01762434379
255,200,0.8952603,1.3749641,3.4601574,1.3861697,0.9757665,0.6747576,0.24395637,0.17397526,0.27149454,44550.56054981948
256,200,-1.3322116,-1.9686247,3.318661,1.4777621,0.9173522,0.4630637,0.18959485,0.19126862,0.2868455,44592.97469343861
257,200,-0.6600563,0.17581895,3.3013577,1.4492164,0.6664239,0.5922606,0.17694809,0.1650682,0.27066603,44070.61214613078
258,200,0.49869028,1.0479722,3.4366734,1.4084423,0.9008192,0.66358215,0.2313573,0.171756,0.2714867,44411.1343948003
259,200,0.28427967,1.7426687,3.451424,1.3940228,1.1766447,0.67663956,0.23862918,0.1875963,0.26783186,44874.87711403949
260,200,-0.22260568,-0.9130792,3.3406014,1.4618398,0.5299877,0.5435004,0.18350111,0.17029223,0.28195682,43831.42958640419
261,200,-1.6812183,-0.8889713,3.2810578,1.4700117,0.9209657,0.48083922,0.17293432,0.17945607,0.277278,44582.83659069361
262,200,0.24211796,-0.8887203,3.3435104,1.4590919,0.46826184,0.5712894,0.18914185,0.16364811,0.28277013,43708.79424322727
263,200,0.9367425,1.4123276,3.462119,1.383509,0.984401,0.6758183,0.24469455,0.17429152,0.2714885,44566.977377412106
264,200,-2.369587,0.8640523,3.1677053,1.4564078,1.1900082,0.5312292,0.18284196,0.19184105,0.2597119,45157.215868636034
265,200,-2.239604,0.40149906,3.189271,1.4602118,1.1725144,0.5195375,0.17850293,0.18677847,0.26367074,45085.31704031887
266,200,1.2248706,0.064856105,3.4166384,1.4228436,0.4560238,0.6525462,0.23429874,0.1491657,0.2780547,43703.74396000756
267,200,-1.2796892,-0.5854312,3.293629,1.4643922,0.78070605,0.5079574,0.17256619,0.17266077,0.27554494,44299.58046225094
268,200,-0.26164544,-0.18224478,3.3322906,1.4505385,0.52360076,0.590888,0.17590298,0.15948316,0.274891,43805.00869059432
269,200,-0.20289683,-0.10988278,3.3332787,1.4489048,0.51566505,0.5997386,0.17552707,0.15815033,0.2743104,43790.84587517877
270,200,0.21348006,-1.2085737,3.3448877,1.4637758,0.46970293,0.54863405,0.19250904,0.16828506,0.28505462,43721.87999777779
271,200,-0.24201983,1.5182612,3.4157853,1.4157176,1.1665096,0.66524637,0.21906039,0.1871751,0.26630458,44841.60300556215
272,200,-0.38464543,-0.4438361,3.3316631,1.45554,0.550796,0.5642692,0.17809953,0.16462407,0.2771482,43859.06206419212
273,200,1.0781974,-2.5591846,3.3520067,1.4756217,0.45084056,0.5041519,0.22385028,0.17629936,0.29292455,43719.520321429874
274,200,1.1813786,-0.63190377,3.3695538,1.4434721,0.4514225,0.6155274,0.2275373,0.15146428,0.28293926,43673.428430406195
275,200,0.16392857,0.09632136,3.3607862,1.4403992,0.4929819,0.62676203,0.18515791,0.15509269,0.27388012,43751.262539345655
276,200,0.9424681,-0.26759475,3.3777268,1.4372065,0.45455793,0.6306133,0.22112688,0.15068349,0.27942857,43688.22587166571
277,200,-0.6780258,1.2978458,3.365368,1.4316,1.1445495,0.6469199,0.19824779,0.187004,0.26509708,44816.48550597067
278,200,-2.364174,0.020334182,3.1994996,1.4655137,1.1656092,0.49873957,0.1740686,0.18600109,0.26626566,45079.69247008345
279,200,-1.3479254,-0.7615734,3.295206,1.4665551,0.80067974,0.49593243,0.17415255,0.17533413,0.27714142,44348.06119622741
280,200,2.0112567,-0.044595428,3.439909,1.4100182,0.45114687,0.6642611,0.24663554,0.14617126,0.28139007,43699.17411332491
281,200,0.1950697,-1.7815628,3.3471465,1.4708565,0.46997258,0.51379704,0.19902912,0.17622513,0.28855228,43750.61952057524
282,200,-0.7290447,0.1965574,3.2969027,1.4496078,0.69815934,0.58945006,0.17710643,0.16623907,0.2703104,44125.83871926627
283,200,0.3547577,0.61688656,3.4095898,1.4238937,0.64482164,0.6489718,0.21347126,0.16365325,0.27258766,44012.21305252487
284,200,0.008627899,0.5270042,3.3797972,1.4340525,0.6791841,0.640386,0.19348767,0.1654933,0.2717258,44055.13556951524
285,200,0.4537819,-1.8297404,3.3482294,1.4703814,0.45808536,0.5209706,0.20437798,0.17382118,0.2891684,43720.66031822786
286,200,0.037005723,0.76790243,3.3969557,1.4279345,0.8348669,0.6493683,0.20370968,0.1705466,0.27088177,44293.57456965726
287,200,0.5898798,-0.36385882,3.35284,1.4456443,0.45759386,0.6142187,0.20196033,0.15383667,0.279213,43690.64012609001
288,200,-0.8056265,-1.1183119,3.3259563,1.4671414,0.68085104,0.50032073,0.18300128,0.17857844,0.28200936,44132.21566416448
289,200,-0.13105401,1.1330799,3.4041762,1.4229298,1.0680563,0.65726364,0.20994483,0.17961642,0.26857704,44659.887928550605
290,200,-1.9518042,-0.6598917,3.256004,1.4698576,1.022784,0.48286235,0.170111,0.1801601,0.2739861,44774.72715936924
291,200,-1.1398025,0.7849575,3.2800944,1.4466002,1.0550697,0.59614587,0.18314849,0.18152879,0.26571202,44731.06496723975
292,200,-0.5543096,-0.47063765,3.3255508,1.457145,0.5758216,0.5517975,0.17710273,0.16574621,0.27685806,43908.518390317375
293,200,-0.21694957,0.44539326,3.3507445,1.4403826,0.65714,0.6298842,0.1828248,0.1659062,0.27103204,44031.864671826595
294,200,-0.392389,-3.046143,3.3484187,1.483469,0.5641268,0.4613402,0.20817953,0.193828,0.29329538,43985.31937566853
295,200,0.5433119,0.43904296,3.4092267,1.4245026,0.5159772,0.64690626,0.21534884,0.15670845,0.27388042,43810.52018330501
296,200,-0.21954103,-1.0840366,3.3414934,1.4641788,0.52882814,0.5330386,0.18555085,0.17264488,0.28331667,43837.3490513796
297,200,0.35178012,0.37923554,3.39495,1.4298986,0.53315836,0.6410632,0.20459533,0.15832424,0.273422,43831.47339860592
298,200,-0.47003287,-0.21673147,3.323763,1.4530902,0.5543271,0.57617617,0.17461717,0.1613176,0.27449316,43862.14553479846
299,200,-0.9301565,-0.17858909,3.2987628,1.4568032,0.690862,0.5540121,0.17347063,0.16644949,0.2725357,44113.100890776346
300,200,-1.5504293,0.41731882,3.2388597,1.4543633,1.0754664,0.5545013,0.17885257,0.17970379,0.26601943,44815.48967738685
301,200,-0.9443685,0.23810315,3.2830489,1.4510918,0.80214554,0.5795368,0.17744438,0.16960223,0.26933834,44305.979961623874
302,200,-1.405963,-0.5900577,3.2867603,1.4653962,0.8306103,0.5028087,0.17185453,0.17399552,0.2751593,44394.272800551706
303,200,-0.110489406,-1.6606998,3.3450856,1.4707913,0.50542665,0.5069294,0.19370915,0.17873548,0.28743213,43821.55921853634
304,200,0.115147874,-0.37914756,3.3408685,1.4515241,0.47941408,0.5996691,0.18137209,0.15872867,0.27804843,43725.49863889725
305,200,-1.7423562,-1.3032428,3.2889848,1.4737498,0.9535992,0.4682455,0.17751916,0.18497092,0.2810047,44657.71308088426
306,200,0.60512006,0.895556,3.4348164,1.4099934,0.7369187,0.66098034,0.23115921,0.16670188,0.27234495,44169.533047525125
307,200,-0.13190864,0.40476182,3.3571246,1.4395477,0.62748706,0.631436,0.18385872,0.16414627,0.2715874,43980.08786672482
308,200,0.22384356,0.32962298,3.3834736,1.4337355,0.5433344,0.63665986,0.19667973,0.15906797,0.2732045,43842.82052100588
309,200,1.285984,-1.5069984,3.3554535,1.4609468,0.4504811,0.5713233,0.22817114,0.15918608,0.28870523,43664.14248144193
310,200,0.67646074,-0.38200897,3.3562386,1.4447632,0.45611992,0.6156105,0.2063084,0.15329008,0.27961153,43687.81667965184
311,200,-0.22425893,-0.30224973,3.3356004,1.4522132,0.52486897,0.5847024,0.17762877,0.16132852,0.27628148,43806.83877409065
312,200,-0.3751471,-1.2261962,3.3398867,1.4666934,0.5660835,0.51571476,0.18577367,0.17654273,0.28402108,43916.246914167175
313,200,0.1833392,1.670943,3.445172,1.3994743,1.1729851,0.6744538,0.23532233,0.18705344,0.26771492,44861.26457602011
314,200,-0.05613302,-0.0013850428,3.337241,1.4457059,0.5006688,0.6156887,0.1755422,0.15601829,0.273654,43765.57306884484
315,200,-0.687299,-0.11747455,3.3097281,1.4537693,0.6162953,0.5723708,0.17411074,0.16334052,0.27274334,43976.62258349946
316,200,0.46616644,-0.37024245,3.3476324,1.4476404,0.46009973,0.61085397,0.19548412,0.1549946,0.27893877,43694.54813212597
317,200,-0.45380405,0.40326455,3.3230956,1.4444315,0.67604613,0.6153425,0.1797869,0.16707638,0.27034897,44079.03272820027
318,200,-0.91800475,0.25249663,3.2843394,1.4506772,0.7945359,0.58164513,0.1775372,0.16948244,0.26932567,44292.95531426196
319,200,0.8203218,1.3599485,3.4578376,1.389021,0.99423695,0.67371297,0.24290061,0.17467174,0.27132127,44574.28527626196
320,200,-0.09038201,1.3675972,3.4186716,1.4158394,1.1368891,0.6644522,0.21943164,0.18363746,0.26777428,44779.44289992812
321,200,1.0344099,-0.99621266,3.3544517,1.4541885,0.45135948,0.591731,0.2198483,0.15594496,0.28523368,43668.108583414454
322,200,-1.2179385,-0.30496365,3.2870827,1.4608052,0.78517723,0.5294541,0.17252009,0.17022617,0.27281436,44292.92292116982
323,200,1.0289356,-0.07228701,3.3975625,1.4303246,0.4562091,0.6433114,0.22648296,0.14988261,0.27829787,43696.53375029079
324,200,-0.6006576,1.5522432,3.389554,1.4240313,1.1766992,0.6574969,0.20797423,0.18994278,0.26432115,44873.7899512468
325,200,0.28690448,-2.3205943,3.3497415,1.4759526,0.46393546,0.49232686,0.20721118,0.18188898,0.29124925,43764.98228154392
326,200,0.31716064,0.52004063,3.4018433,1.4272034,0.6022718,0.645124,0.2082493,0.1619611,0.27281392,43943.04981003134
327,200,0.22560866,0.4497121,3.391728,1.4309134,0.59291375,0.6410665,0.20126525,0.16160133,0.27279907,43923.708244546055
328,200,-0.067275606,-1.3183959,3.344019,1.466568,0.49979696,0.52766013,0.18992515,0.1735904,0.28533518,43790.91329436034
329,200,-0.370704,-0.94561577,3.3378172,1.4629469,0.562882,0.53205305,0.1829947,0.17230876,0.28185862,43895.75152235633
330,200,-0.9327409,-1.2630683,3.3232572,1.4693916,0.7290453,0.48945093,0.18384266,0.18153742,0.28281975,44229.17829206849
331,200,0.45248908,0.097896144,3.379292,1.4358565,0.47539562,0.6351249,0.19992322,0.15306765,0.2749218,43724.39655457167
332,200,-0.44816536,-0.64933795,3.332435,1.4590648,0.57104546,0.5459428,0.17996696,0.16840118,0.27895904,43902.164382817355
333,200,-0.023423105,1.0791948,3.409255,1.4217409,1.0348783,0.6578963,0.21239024,0.17767051,0.2693346,44604.471963367505
334,200,-2.0042157,0.37687653,3.2076063,1.4586196,1.1509267,0.5294752,0.17837422,0.18424319,0.26471168,45008.29082135433
335,200,-0.545712,-1.8845859,3.3408792,1.4746103,0.6212586,0.48128083,0.19197015,0.18632329,0.28796175,44051.85524723852
336,200,-1.945703,-0.9127835,3.2668676,1.471936,1.007107,0.47426748,0.17119841,0.18180063,0.27662653,44751.17394542221
337,200,0.21950956,0.39306292,3.3876243,1.4323611,0.56900895,0.6388534,0.19883423,0.1604632,0.27297395,43884.86446712528
338,200,-0.9389816,1.017021,3.3177423,1.4409485,1.0918999,0.62285906,0.18826011,0.18404356,0.26544848,44756.579933515735
339,200,1.4229835,0.39608657,3.4413352,1.4084787,0.4594503,0.6640289,0.24098696,0.14912598,0.2768573,43731.18298678837
340,200,-0.59140265,1.1244192,3.3617644,1.4336101,1.0956144,0.6434748,0.1948695,0.1835402,0.2663371,44728.435545710105
341,200,0.7553957,0.86740744,3.4393177,1.4067596,0.6508498,0.662492,0.23459698,0.1636663,0.27289662,44048.01544284302
342,200,-0.6564637,-2.8345544,3.3442564,1.4826429,0.6643056,0.46072435,0.20265576,0.1941356,0.29226154,44155.59970381104
343,200,2.116791,-1.6108783,3.376489,1.45405,0.45004827,0.5852054,0.24483474,0.1521063,0.29050136,43638.10049574561
344,200,-0.035768073,2.3807454,3.4568794,1.3833337,1.198367,0.6835641,0.24190505,0.1951834,0.2634414,44967.67456956789
345,200,0.33057675,0.94924647,3.4248815,1.4159319,0.8890699,0.6589867,0.2225033,0.17172232,0.27130178,44384.65351891196
346,200,-1.5023966,-1.7776669,3.3083863,1.4766811,0.94700944,0.46366107,0.18599366,0.19030862,0.28514624,44649.29419971261
347,200,-0.5327028,1.0907497,3.3652887,1.4331696,1.0799897,0.6442151,0.1949224,0.18248117,0.26676732,44698.86571031819
348,200,-0.34624946,-0.7946363,3.337119,1.4606717,0.5557004,0.54303825,0.18173605,0.16978255,0.28064018,43875.652540938085
349,200,0.19796729,1.0819352,3.4235938,1.4159667,1.005753,0.6611587,0.2213215,0.17614934,0.27025115,44562.027874666885
350,200,-1.4449402,-1.210543,3.3010256,1.4713516,0.8618855,0.4764639,0.1790182,0.18258326,0.28099135,44481.629854030136
351,200,-0.7886692,1.0946383,3.3394334,1.4374106,1.0991442,0.63478017,0.19163328,0.18426491,0.2656107,44751.30976702515
352,200,0.23482153,2.1321535,3.4599447,1.3827825,1.1947811,0.68227506,0.24269816,0.19247425,0.26589918,44941.67574368432
353,200,0.9364457,-0.035095178,3.395641,1.4309732,0.45798656,0.64258814,0.22303328,0.15032129,0.27768725,43699.60018345562
354,200,1.2650778,0.21149701,3.426785,1.4177632,0.45789433,0.6572807,0.23634654,0.14921106,0.27729166,43714.33370797767
355,200,-0.70492136,0.67997485,3.317141,1.4433047,0.8969815,0.61669475,0.18328935,0.17547698,0.26808378,44436.436262062205
356,200,-0.6963267,-0.2903971,3.3148665,1.4561851,0.6018851,0.55746275,0.17374665,0.1640941,0.2744761,43952.15477210609
357,200,1.3277828,-0.10128149,3.4101148,1.4256511,0.45340663,0.6491031,0.236094,0.14857669,0.27954215,43693.46425552644
358,200,-0.8031414,-0.46433768,3.3144038,1.4591379,0.6258057,0.53813595,0.17499287,0.16704172,0.27596733,44003.317088971984
359,200,1.0217906,-0.55254066,3.3654761,1.4438735,0.45225888,0.61557305,0.22165826,0.1520162,0.2819389,43677.416127610326
360,200,-0.38687086,-0.51029277,3.332644,1.4565943,0.5545144,0.5594491,0.17886457,0.16575201,0.2778166,43867.01707588846
361,200,0.1839255,-0.38548976,3.3409755,1.4511846,0.47314128,0.6021025,0.18306056,0.15812822,0.27826566,43715.63721190796
362,200,-1.6018361,-0.8871809,3.2853894,1.4694569,0.8923495,0.4829226,0.17360546,0.17883357,0.27754137,44528.270930558145
363,200,-0.932789,1.2433194,3.3355267,1.4368687,1.1445763,0.63518757,0.19365942,0.1876275,0.26423743,44838.60252067431
364,200,0.81267405,0.58725935,3.4293392,1.4144166,0.51217306,0.65621793,0.22965859,0.15605056,0.27422127,43820.34364977152
365,200,-0.50535834,-0.81579155,3.33266,1.4617456,0.5899735,0.53160524,0.18144064,0.17149875,0.28031635,43943.96173893353
366,200,-0.5075176,-1.0518801,3.335031,1.4649357,0.5989623,0.5179714,0.18386494,0.17512871,0.28234953,43970.15766432397
367,200,2.4972005,-2.2453218,3.376201,1.462008,0.4500102,0.5597497,0.24715617,0.1546957,0.29335105,43629.45352132308
368,200,0.56400853,-1.2845523,3.3456244,1.4631455,0.45572335,0.55848277,0.20065826,0.16520803,0.28614938,43689.3272317926
369,200,-0.10434349,-0.98800194,3.3423026,1.4623609,0.5073623,0.5461621,0.18554968,0.16960913,0.28284413,43790.13620435081
370,200,-1.177629,-1.1401963,3.3114328,1.4692006,0.77931285,0.485864,0.18011326,0.18069385,0.2810996,44323.205272111125
371,200,1.7549862,-0.13298842,3.4262161,1.4182328,0.4514735,0.6569343,0.2439822,0.14696571,0.28115198,43691.96042042628
372,200,-0.7657022,0.55578697,3.302923,1.4457409,0.84890807,0.60552806,0.18098336,0.173454,0.268407,44371.347110420465
373,200,0.010349315,0.72003376,3.3920298,1.4296563,0.8058418,0.64728737,0.20074742,0.16969652,0.27096236,44249.17976835842
374,200,-1.8242567,0.30360392,3.2233863,1.4580086,1.1195787,0.53523666,0.1777328,0.18157426,0.26590288,44923.41557802006
375,200,0.7726948,-1.6615983,3.3476717,1.4670663,0.45263827,0.5429339,0.20986615,0.16782762,0.2886775,43690.59028386028
376,200,0.44819528,1.6961815,3.4559498,1.3902628,1.1659694,0.67694086,0.24073091,0.18585587,0.26869574,44854.93043399151
377,200,-0.014857704,0.82140595,3.3959055,1.4278575,0.88029087,0.6501744,0.20340809,0.1721043,0.2704413,44363.07569461184
378,200,0.67057043,-0.7075057,3.3485096,1.4524739,0.45450497,0.5985939,0.20416605,0.15653022,0.28232363,43679.42515241251
379,200,0.039766736,-1.5669947,3.3454542,1.4691029,0.48444948,0.5187534,0.1941662,0.17537262,0.2871133,43771.78064521323
380,200,-0.45130304,0.26568797,3.3156848,1.446182,0.6210576,0.6076525,0.17780685,0.16423474,0.2709515,43992.16753003063
381,200,0.7231005,0.024612125,3.3889415,1.4331045,0.4633696,0.63965803,0.21353486,0.15146302,0.27646253,43707.39355683849
382,200,0.71998376,-1.1029062,3.3469865,1.4592714,0.45332336,0.5773559,0.20652144,0.16073956,0.28523743,43677.458730165185
383,200,-0.10169727,0.019279385,3.3345788,1.4458216,0.5076059,0.6145848,0.17572634,0.15659514,0.27336344,43780.455327276024
384,200,1.8495913,-0.21416666,3.4252863,1.418775,0.45102403,0.6557697,0.24492994,0.14661889,0.28195956,43687.735620655345
385,200,-0.49901664,0.021351224,3.3147967,1.4498576,0.5853009,0.59330606,0.17541562,0.1614835,0.27219048,43922.40609598575
386,200,-0.91911346,0.19275385,3.2856858,1.4514424,0.7785902,0.5788135,0.17704186,0.16865714,0.2697287,44264.40868421775
387,200,-0.3650552,-1.7913276,3.3430383,1.4730686,0.56208026,0.4907637,0.19265585,0.18356213,0.2877494,43939.00922832001
388,200,-0.058586553,-0.3175431,3.3398325,1.4515307,0.5024253,0.59485877,0.17854661,0.1600242,0.27700067,43764.7205845659
389,200,-1.6324233,-0.06713416,3.2532437,1.4611104,1.015084,0.5250592,0.17384139,0.17677523,0.2694201,44715.438567944584
390,200,1.4893559,0.5213038,3.448481,1.4026169,0.4620646,0.6673692,0.24278769,0.149547,0.27655733,43746.314587889414
391,200,0.6119272,-1.3414967,3.3459656,1.4636754,0.45479503,0.5568611,0.2026071,0.16541532,0.28658617,43688.1431543434
392,200,0.47689837,0.14844958,3.3849344,1.4341539,0.47759324,0.63723296,0.20213717,0.15317592,0.2747318,43729.60333281118
393,200,0.5290452,0.4226286,3.4075077,1.4252555,0.51401985,0.64610434,0.21414098,0.1565644,0.27389503,43805.98854660996
394,200,-1.3597807,-0.041400813,3.26907,1.4585785,0.91525924,0.54051924,0.17423154,0.17314932,0.27006656,44517.79053129864
395,200,-0.75787085,-0.050084095,3.303739,1.4534132,0.6530684,0.5734831,0.17459574,0.1645666,0.27197886,44042.864105102606
396,200,-0.8974009,1.3124703,3.3444276,1.4350686,1.1544532,0.63974607,0.19589646,0.18837513,0.26399887,44851.74334073826
397,200,-0.8589724,-0.8989422,3.3204129,1.4647076,0.6715234,0.508722,0.17978081,0.17520137,0.2799278,44108.2395047828
398,200,0.07458641,-1.0770991,3.3436413,1.4626682,0.4818823,0.55067253,0.18857074,0.16818109,0.28388143,43742.271024573434
399,200,-0.4246633,-0.8299646,3.3352535,1.4615396,0.57313687,0.53575134,0.1819677,0.17100136,0.28070566,43910.976875667664
400,200,1.411172,0.78580385,3.4560926,1.3939421,0.48450047,0.67024547,0.24406183,0.1528038,0.2753501,43805.37387960824
401,200,-0.057469517,-0.39121705,3.340166,1.4528112,0.50200677,0.58993167,0.17933887,0.1609231,0.27773368,43764.20815305695
402,200,0.9409176,0.4052041,3.4249067,1.4181441,0.47498134,0.65465987,0.22874394,0.15216959,0.27524608,43748.012445302025
403,200,0.49805242,-0.026192237,3.370914,1.438143,0.46765816,0.6316481,0.20083919,0.1525822,0.27597624,43710.96369072275
404,200,-1.68823,-0.112465985,3.2515545,1.4620997,1.0242982,0.5197443,0.1734517,0.17725888,0.26962978,44738.29794879624
405,200,-0.5324899,0.6450553,3.3325105,1.4415904,0.831521,0.6250328,0.18391725,0.17316742,0.26890624,44321.38790713979
406,200,1.0118425,-0.65795106,3.3609343,1.4468222,0.45198807,0.6090824,0.22052208,0.15289107,0.2827531,43674.268046016405
407,200,0.46838522,1.735879,3.4576414,1.3882885,1.169745,0.6777532,0.24151193,0.18634586,0.26860884,44864.817352981576
408,200,-0.66771275,1.6819217,3.3915496,1.4224203,1.1861086,0.6594824,0.21027315,0.19176975,0.26334697,44900.39122936354
409,200,-0.85258585,0.022959756,3.2957969,1.4532205,0.70742035,0.5732662,0.17516105,0.16631193,0.27111614,44138.48330555043
410,200,-0.011145612,0.0114989,3.3393621,1.4450378,0.4965657,0.6186032,0.17571875,0.15561555,0.27367118,43758.25708833271
411,200,-0.837678,-0.5911831,3.3157706,1.4608729,0.6388706,0.52749366,0.17620789,0.16920008,0.27717036,44032.99695977584
412,200,-0.66772026,0.3269626,3.3011794,1.4474593,0.71225774,0.59878755,0.1782313,0.16784301,0.26981276,44151.172607378496
413,200,0.33003512,2.2259443,3.464893,1.3761241,1.1959054,0.68409896,0.24456969,0.19305523,0.26589862,44954.26816047368
414,200,1.370989,-0.50984323,3.3849835,1.436827,0.4512304,0.6285144,0.23496088,0.14946707,0.28250304,43676.03746149291
415,200,0.3248696,0.997118,3.426744,1.4148201,0.92426884,0.6602285,0.22361061,0.17290998,0.27108717,44438.62907832234
416,200,0.030601824,-0.069641575,3.3392537,1.4463696,0.49006748,0.61560047,0.1771003,0.15611424,0.27466813,43747.12057529319
417,200,0.05157494,0.8672766,3.4035888,1.4252102,0.9009031,0.65281177,0.20801046,0.17261717,0.2705398,44394.96065578019
418,200,-0.84832054,-0.32566947,3.3080292,1.4579806,0.6430536,0.54649323,0.17322023,0.16596621,0.2743106,44029.79142647864
419,200,0.47043315,0.31144708,3.3971674,1.4295667,0.4978104,0.64145684,0.20736718,0.15521157,0.2741021,43771.40800839499
420,200,0.23958276,-0.36980116,3.3416495,1.4503676,0.4691093,0.6053382,0.18518579,0.15729192,0.27826458,43709.39373247552
421,200,0.9725358,2.1338682,3.4768229,1.3549848,1.1840317,0.6861668,0.24822015,0.18810113,0.2689072,44936.19978751354
422,200,0.4064155,-0.1931767,3.351386,1.4439449,0.46447772,0.61897326,0.19376233,0.15391852,0.2770761,43705.06250908805
423,200,0.7557403,-0.53913265,3.3543098,1.4476315,0.45418292,0.609028,0.20925838,0.15399487,0.28117943,43681.12692997041
424,200,-0.74969035,0.032808747,3.3010478,1.4521155,0.6690949,0.5798109,0.17535499,0.1649318,0.2713616,44071.162995961466
425,200,-2.5827966,-1.1539503,3.2364416,1.4772629,1.1331606,0.46053797,0.16932124,0.18819447,0.27692205,45020.90848908769
426,200,-0.34796184,-1.3533889,3.3410797,1.4681449,0.5588869,0.51066923,0.18740445,0.17801376,0.28499353,43909.625838684246
427,200,-1.0326431,-0.43674833,3.3020744,1.4608468,0.697392,0.52864546,0.1728585,0.16878715,0.2748474,44135.53364569717
428,200,-1.6429653,-0.40607178,3.2657626,1.4651951,0.9477894,0.5044804,0.17151248,0.17577773,0.2724093,44609.05337841521
429,200,-0.53527015,0.025405208,3.3127627,1.4501538,0.596097,0.59152985,0.17543417,0.16198507,0.2720563,43941.70905711941
430,200,1.154184,0.17250441,3.4201407,1.421134,0.45876315,0.6540653,0.23291363,0.14962023,0.277122,43711.94135271175
431,200,0.021062022,0.099454455,3.3499892,1.4426515,0.51020813,0.6232808,0.1793986,0.15685242,0.2734152,43782.09945540314
432,200,0.22739278,-1.0167387,3.3440778,1.4610367,0.46902746,0.5619616,0.19045395,0.16555133,0.28372166,43713.894220569826
433,200,-0.11477532,0.30875126,3.3515627,1.4411625,0.5823016,0.6279663,0.18134165,0.16200651,0.27204028,43908.23469955884
434,200,-1.37076,0.8656529,3.2614589,1.4478289,1.1166277,0.5866668,0.18361333,0.18485703,0.2642773,44861.13192216631
435,200,1.0813761,-0.63137597,3.3648975,1.4450642,0.4517654,0.61260027,0.2236152,0.15214708,0.28270876,43674.31219191677
436,200,-0.24133779,-0.87819034,3.3401408,1.4614335,0.5339701,0.5444598,0.18295187,0.1700369,0.28162062,43837.57174944553
437,200,0.69938046,-1.0612223,3.3467972,1.4587462,0.45358986,0.5792309,0.20557958,0.16044566,0.2849151,43677.80490844237
438,200,-0.222477,-0.8589199,3.3403294,1.4610642,0.53007805,0.54700047,0.18289295,0.1695257,0.2815088,43829.2370476455
439,200,0.05095428,-1.7942293,3.3464057,1.4716022,0.48254603,0.5073904,0.19717994,0.17819299,0.2884395,43780.415109252
440,200,1.3264617,-0.9646064,3.3645554,1.4498503,0.45066172,0.6005099,0.23091665,0.15296768,0.28563112,43663.27339669072
441,200,0.059894685,-0.21252304,3.339991,1.4488771,0.48596,0.6080142,0.1788152,0.15738451,0.27625418,43737.88396624662
442,200,-0.7621145,-0.88778013,3.32396,1.4640415,0.6501821,0.5138798,0.18056276,0.17458451,0.28012478,44065.923443689295
443,200,0.93639857,-0.5256406,3.36256,1.4445112,0.45282343,0.61464745,0.21803752,0.15242884,0.28151402,43679.06409785387
444,200,0.2711702,-0.80149686,3.3430724,1.4576211,0.4666421,0.5783192,0.18867353,0.1622102,0.28212637,43704.04491665247
445,200,-0.64718145,0.47224715,3.309145,1.4455981,0.76657295,0.60777646,0.18013564,0.1704848,0.2692729,44234.16363250371
446,200,0.9304085,-0.17531641,3.3840442,1.4348012,0.45576832,0.63556767,0.22161484,0.15040211,0.27869487,43692.26669908049
447,200,-1.4219198,1.997956,3.3409786,1.4302143,1.1974202,0.6470396,0.20686203,0.19643998,0.25776884,44985.0507148848
448,200,-0.8565493,-1.5415874,3.3297381,1.4720895,0.726337,0.48213676,0.18749169,0.18448982,0.28513238,44231.30298853841
449,200,2.5944245,-0.4040323,3.44167,1.4091599,0.4501704,0.6629869,0.24890214,0.14453255,0.2851262,43683.50857711694
450,200,-1.4617327,-0.6834398,3.2868028,1.4667017,0.84656936,0.4959385,0.17226568,0.17537944,0.27593255,44429.93289467126
451,200,0.3675449,0.19031155,3.382162,1.4347744,0.48893642,0.63533336,0.19770941,0.15443464,0.27419287,43748.34753307927
452,200,-0.8517292,1.8227236,3.3838663,1.4232218,1.1926024,0.6588099,0.21003917,0.19388196,0.26163417,44929.04346303253
453,200,-0.5215797,-1.1846865,3.335917,1.4667053,0.6058856,0.5103202,0.18496901,0.17722662,0.28337395,43989.46299345373
454,200,0.9606934,1.3290628,3.4605243,1.3856171,0.91468287,0.6746703,0.24428415,0.17201662,0.27185857,44462.182722263206
455,200,-0.8174931,-1.4013473,3.3293889,1.4704283,0.7052382,0.48808485,0.18613985,0.18250528,0.28421545,44187.28445613256
456,200,1.0304383,-2.0473237,3.350021,1.4704645,0.45101663,0.5295999,0.22004479,0.16994117,0.2908685,43694.783679108776
457,200,-1.2266216,0.96744615,3.283039,1.445188,1.1173065,0.60201526,0.18577896,0.1853356,0.26446712,44836.917640248925
458,200,-0.055352546,-0.26393735,3.339623,1.4505556,0.5020804,0.5986513,0.17801365,0.1593257,0.27646714,43764.17761679437
459,200,0.3528166,-0.15277442,3.3506646,1.4437026,0.4672761,0.61981255,0.1913985,0.15401794,0.2765187,43710.12897931374
460,200,-1.2986867,1.2760754,3.2981465,1.4414701,1.1683197,0.6164117,0.19113041,0.19009562,0.26254398,44922.36026311256
461,200,1.325014,0.20533256,3.4287474,1.4167141,0.4569845,0.6583086,0.23778597,0.14893183,0.27754495,43713.49181288895
462,200,0.045134015,2.339625,3.458712,1.3820442,1.1979665,0.6836554,0.24251384,0.19472316,0.26404703,44964.15106422379
463,200,-0.27643284,-0.25957698,3.3329878,1.4518564,0.5283421,0.5843516,0.1766969,0.16089997,0.27563506,43814.302419010906
464,200,0.36448124,1.471322,3.4463267,1.4000399,1.1321115,0.6720501,0.2357207,0.1825878,0.26930308,44781.32098820782
465,200,1.5927707,-0.25857264,3.4118083,1.4251702,0.4514506,0.6482394,0.24130973,0.14753953,0.28144386,43685.074483578675
466,200,0.30833125,-1.3780835,3.345893,1.465562,0.46395612,0.5418851,0.19626114,0.16947632,0.28635687,43715.51536404086
467,200,-0.3119761,-0.84029037,3.3384404,1.4612001,0.5487225,0.54227227,0.18219717,0.17015348,0.28112787,43863.97274568878
468,200,-1.0068318,1.6815767,3.3598056,1.4295858,1.1887105,0.65000796,0.20415564,0.19319946,0.2615521,44927.3234505451
469,200,-0.79228663,-0.5316059,3.3165412,1.4598063,0.6250795,0.53389275,0.17589316,0.16794814,0.27671665,44004.48398877712
470,200,0.36584878,1.2978252,3.4405472,1.4052143,1.0784622,0.66824013,0.23235796,0.17915037,0.2700177,44686.30574236825
471,200,0.48111513,2.759355,3.4774575,1.3500919,1.1993353,0.69007766,0.24807097,0.19635314,0.2641235,45017.391296995986
472,200,-0.074667975,0.25871643,3.3521729,1.4413583,0.560393,0.62736493,0.18104808,0.16062215,0.27241403,43870.66200309783
473,200,0.27560067,1.4350494,3.441348,1.4037914,1.1308097,0.67055476,0.23289928,0.18258725,0.2691026,44775.54445891244
474,200,0.5072389,-0.1162297,3.3632493,1.4402509,0.46404412,0.6268681,0.20041534,0.15265884,0.27672565,43704.77760736623
475,200,-0.9474886,0.24444346,3.2827084,1.4510441,0.80538493,0.5796592,0.17749074,0.16973777,0.2692844,44311.67570807168
476,200,1.4013448,-0.4103818,3.3927202,1.4333539,0.45143393,0.6353557,0.23635985,0.14880979,0.28187472,43679.20329133203
477,200,0.5289436,0.24614778,3.3956318,1.430546,0.48386228,0.64113253,0.20732334,0.15371016,0.27451256,43744.77090833888
478,200,0.86351967,-0.8047537,3.3523602,1.4522375,0.4524923,0.59771955,0.21299163,0.15561569,0.2835139,43673.49666816808
479,200,2.346647,-1.2791611,3.3938236,1.4424049,0.45004338,0.6109946,0.24702959,0.14834327,0.2892282,43640.28365020984
480,200,-0.36555108,0.9380925,3.371486,1.4330628,0.9958469,0.644123,0.19424218,0.17798151,0.26828152,44554.655167409655
481,200,0.29673317,0.82998616,3.4174733,1.4199494,0.8132997,0.6550574,0.2174989,0.16937914,0.27164182,44267.335536704675
482,200,-0.49610233,-0.074804984,3.3182025,1.4513323,0.5696808,0.58651006,0.17458549,0.16098252,0.27295417,43891.7494768842
483,200,0.012231983,1.5692596,3.433353,1.407526,1.1665126,0.67058337,0.22865427,0.18637541,0.2673919,44841.37797009446
484,200,0.69042903,0.7966721,3.433936,1.4106077,0.63130516,0.65974534,0.23133168,0.16296521,0.27295202,44013.062162712195
485,200,-0.6579261,0.9688826,3.3437026,1.4377371,1.0383823,0.63481945,0.1901422,0.18099588,0.26678228,44644.5939108473
486,200,0.22558166,1.3891454,3.4374046,1.4066143,1.1236095,0.6690795,0.23052296,0.18209508,0.26909336,44760.33354037684
487,200,2.0140603,-0.30676576,3.4264758,1.4183297,0.4506089,0.6554606,0.24630876,0.14609629,0.28300247,43683.35490563243
488,200,-0.40630314,-0.86404496,3.3361003,1.4619305,0.5700813,0.53488106,0.18234432,0.17139041,0.28106472,43906.2897382653
489,200,-0.14357951,-0.38202545,3.3388233,1.4531288,0.5153758,0.5846199,0.17858802,0.16180083,0.27738702,43788.51172455752
490,200,0.3595044,-0.14456682,3.351569,1.4433784,0.46732873,0.62052006,0.19191197,0.15389612,0.2764634,43710.27708355399
491,200,-0.36159927,1.0645851,3.3805184,1.4300797,1.057724,0.6488061,0.19889951,0.18039407,0.26775944,44651.27496616877
492,200,-0.9378802,0.43310794,3.283146,1.4487065,0.86195433,0.5889144,0.17917982,0.17297153,0.26822716,44408.073746205824
493,200,-0.40594172,0.7243685,3.3516266,1.4382952,0.8631183,0.63443595,0.18715137,0.17387031,0.2690143,44357.43393898129
494,200,1.3852615,-0.30309826,3.3990433,1.4303954,0.4518854,0.6407885,0.23667815,0.14850986,0.2810964,43683.57592678485
495,200,0.44103292,0.17879286,3.3854175,1.4339137,0.48247528,0.637041,0.20102212,0.15370469,0.27448848,43738.140269440366
496,200,-0.7994224,0.2407875,3.2918248,1.4497224,0.7393048,0.5876018,0.17743088,0.16779816,0.2697922,44197.45742210872
497,200,0.2891205,0.41287082,3.393344,1.4304103,0.5602983,0.64097834,0.20296818,0.16000293,0.27310556,43874.042180422555
498,200,-0.1983989,0.0941923,3.3289165,1.445787,0.52937424,0.6129149,0.17635286,0.15857647,0.27263877,43825.64075150991
499,200,-1.1476109,-0.35811406,3.2926805,1.4609065,0.74643236,0.5291053,0.17228286,0.16953565,0.2735969,44223.898797090376
0,300,1.7640524,0.4001572,3.4534512,1.4493557,0.5576498,0.67296946,0.24634486,0.14170116,0.28463382,43727.69407730817
1,300,0.978738,2.2408931,3.465869,1.4347806,1.1896467,0.67003447,0.24412589,0.19892971,0.28116977,44833.470219849485
2,300,1.867558,-0.9772779,3.4307585,1.4677607,0.46317327,0.6405956,0.24341105,0.14128159,0.2890666,43560.195376363
3,300,0.95008844,-0.1513572,3.4257872,1.4630525,0.49159238,0.6545391,0.22575769,0.14267267,0.28511983,43616.81504093041
4,300,-0.10321885,0.41059852,3.4118414,1.4654256,0.6144499,0.64083135,0.1769885,0.16587536,0.28272408,43847.51856020281
5,300,0.14404356,1.4542735,3.4401588,1.4548566,1.113464,0.6468501,0.21171041,0.19761154,0.2814324,44693.988149060635
6,300,0.7610377,0.121675014,3.428976,1.460999,0.5158646,0.6590253,0.21795827,0.14345478,0.28407535,43651.290244192875
7,300,0.44386324,0.33367434,3.4271088,1.4608004,0.5671074,0.6589004,0.19929597,0.14750178,0.28329113,43723.67489372334
8,300,1.4940791,-0.20515826,3.43601,1.4600217,0.48734733,0.6589232,0.24228016,0.14161628,0.2859025,43618.50407134265
9,300,0.3130677,-0.85409576,3.4113402,1.4734418,0.47552702,0.6287009,0.18127927,0.14583203,0.28791714,43549.95421476375
10,300,-2.5529897,0.6536186,3.3561711,1.476486,0.6600827,0.47919986,0.16138494,0.1997852,0.2805918,44159.37970486097
11,300,0.8644362,-0.742165,3.4157212,1.4705234,0.47203952,0.6358795,0.2076334,0.14348292,0.28759348,43560.53230281142
12,300,2.2697546,-1.4543657,3.4327798,1.4707109,0.4574418,0.63037,0.2460687,0.14101325,0.29089296,43537.9621821112
13,300,0.045758516,-0.18718386,3.4069724,1.4687937,0.4963039,0.6436724,0.17434214,0.14628251,0.2845286,43599.41322606044
14,300,1.5327792,1.4693588,3.4651518,1.4359269,1.0630002,0.6787318,0.24503827,0.1664517,0.28258294,44509.77676925877
15,300,0.15494743,0.37816253,3.4202626,1.463082,0.59814405,0.6520572,0.18703648,0.15482387,0.28302893,43785.3942181016
16,300,-0.88778573,-1.9807965,3.4161544,1.4818277,0.4594242,0.5515222,0.16341658,0.14831752,0.29171532,43484.91761730955
17,300,-0.34791216,0.15634897,3.400049,1.4684519,0.5279791,0.62603784,0.17071843,0.15809534,0.28288704,43693.2760252379
18,300,1.2302907,1.2023798,3.4577432,1.4433552,0.9630348,0.67441356,0.2396149,0.1621501,0.28271395,44348.39976516331
19,300,-0.3873268,-0.30230275,3.4055333,1.4707149,0.48823804,0.6253183,0.16712818,0.1476553,0.28488648,43579.34909218529
20,300,-1.048553,-1.420018,3.4105604,1.4792643,0.4632587,0.5607824,0.16007434,0.14958285,0.2897075,43507.062482723944
21,300,-1.7062702,1.9507754,3.3883123,1.4684901,1.1676141,0.50844514,0.16293216,0.19999576,0.27832186,44933.91827837445
22,300,-0.5096522,-0.4380743,3.4058366,1.4720005,0.48314312,0.61614776,0.16541094,0.14805293,0.2855308,43566.142473968335
23,300,-1.2527953,0.7774904,3.3838017,1.4708952,0.7356888,0.5487466,0.16463003,0.1984129,0.28103638,44193.52206599135
24,300,-1.6138978,-0.21274029,3.3882782,1.4754648,0.48710817,0.5355382,0.16197962,0.17693996,0.2841184,43709.35120609202
25,300,-0.89546657,0.3869025,3.3898625,1.4704094,0.57880133,0.5824918,0.16734442,0.18626389,0.2820688,43889.25624311923
26,300,-0.51080513,-1.1806322,3.4122336,1.4768759,0.46955174,0.59534115,0.16720054,0.14738028,0.28899807,43518.81086917075
27,300,-0.028182229,0.42833188,3.4152222,1.464582,0.6236933,0.6446072,0.18047276,0.16389327,0.2827554,43853.45500565846
28,300,0.06651722,0.3024719,3.4157782,1.4644866,0.5751383,0.6493458,0.18176112,0.15415783,0.28305298,43748.3940497736
29,300,-0.6343221,-0.36274117,3.403817,1.4719656,0.48308504,0.61038566,0.16478248,0.14919771,0.285071,43571.6862449178
30,300,-0.67246044,-0.35955316,3.4033732,1.4720929,0.48264617,0.60804707,0.16456364,0.14955671,0.2850424,43572.0705572098
31,300,-0.8131463,-1.7262826,3.4146252,1.4804425,0.4616783,0.5630753,0.16387753,0.14818378,0.290913,43492.79966120143
32,300,0.17742614,-0.40178093,3.4085267,1.4702144,0.48779842,0.639404,0.17783883,0.14597146,0.2857144,43581.3486580654
33,300,-1.6301984,0.46278226,3.375913,1.4733596,0.5969302,0.52662575,0.164757,0.19711122,0.28151923,43993.25917522375
34,300,-0.9072984,0.051945396,3.3930812,1.4714503,0.5108843,0.58663505,0.16765039,0.16868225,0.28307074,43708.326302037865
35,300,0.7290906,0.12898292,3.4284754,1.4611235,0.5169974,0.6588839,0.2161445,0.14357771,0.28401756,43652.08671073163
36,300,1.1394007,-1.2348258,3.4179292,1.4737461,0.4634915,0.6240958,0.21476388,0.14310554,0.28967297,43536.01247638801
37,300,0.40234163,-0.6848101,3.410911,1.47183,0.4781292,0.63380945,0.18510364,0.1452637,0.28714132,43560.76746520864
38,300,-0.87079716,-0.5788497,3.4039578,1.473996,0.47585312,0.5923569,0.16193548,0.1501252,0.28603148,43553.85381126085
39,300,-0.31155252,0.05616534,3.4011362,1.4685451,0.5115768,0.6298073,0.17133194,0.1526022,0.2831571,43647.447856218394
40,300,-1.1651498,0.9008265,3.3871307,1.4699925,0.8102915,0.55458444,0.16471325,0.19890773,0.28085783,44302.80050848921
41,300,0.46566245,-1.5362437,3.4154363,1.477762,0.4642053,0.6101929,0.1860006,0.14576188,0.29063636,43514.37179943283
42,300,1.4882522,1.8958892,3.468851,1.4311849,1.1612674,0.6786377,0.2463223,0.18883553,0.28204304,44748.15784191596
43,300,1.1787796,-0.17992483,3.430112,1.46188,0.48941803,0.6562942,0.23456046,0.14216226,0.28547412,43617.7877191903
44,300,-1.0707526,1.0544517,3.3920755,1.4688296,0.906562,0.5607549,0.16533037,0.19931507,0.28068262,44442.757881855105
45,300,-0.40317693,1.222445,3.418435,1.4628248,1.030838,0.6173815,0.18061063,0.19862044,0.28123444,44578.07699546115
46,300,0.20827498,0.97663903,3.433646,1.4579751,0.91808033,0.65194,0.2034743,0.18507314,0.2822436,44359.21998025582
47,300,0.3563664,0.7065732,3.4325328,1.4585054,0.74586934,0.65721726,0.20370653,0.1648181,0.2827646,44037.20242575269
48,300,0.01050002,1.7858706,3.4419503,1.4537189,1.167315,0.6388538,0.21314704,0.19954337,0.28071782,44786.83752474137
49,300,0.12691209,0.40198937,3.4199324,1.4631913,0.6091993,0.6511228,0.18644007,0.15675846,0.28297395,43807.66627407207
50,300,1.8831507,-1.347759,3.4276905,1.4715408,0.45926616,0.62919605,0.24093962,0.14149505,0.29036912,43541.142409748434
51,300,-1.270485,0.9693967,3.3851275,1.470285,0.8445988,0.5456299,0.16411008,0.19933361,0.28063577,44365.39470054583
52,300,-1.1731234,1.9436212,3.4071927,1.4646153,1.1734109,0.5489917,0.17102535,0.19998693,0.27903563,44872.595352847085
53,300,-0.41361898,-0.7474548,3.4093132,1.4739017,0.47767013,0.61287326,0.16764894,0.14729041,0.2871557,43546.25999760273
54,300,1.922942,1.4805148,3.4698586,1.4302369,1.0443873,0.682872,0.24778952,0.15551363,0.28287154,44443.10891460563
55,300,1.867559,0.90604466,3.4627733,1.4401253,0.7340455,0.6799434,0.24706304,0.14353302,0.28378123,43973.675538622934
56,300,-0.86122566,1.9100649,3.4169927,1.4622393,1.1733648,0.57634693,0.17763397,0.19997108,0.27962518,44835.31146349165
57,300,-0.26800337,0.8024564,3.4143283,1.4643886,0.8126461,0.6288074,0.17793761,0.19086987,0.28200057,44229.516521376245
58,300,0.947252,-0.15501009,3.425633,1.4631162,0.49137843,0.6544113,0.22559369,0.14267734,0.28512985,43616.342780102954
59,300,0.61407936,0.9222067,3.442384,1.4538548,0.8534136,0.6634303,0.2189596,0.16778097,0.28269202,44206.27944646664
60,300,0.37642553,-1.0994008,3.412829,1.475076,0.47066,0.62241095,0.18306635,0.1457784,0.28897342,43535.76952240157
61,300,0.2982382,1.3263859,3.4418623,1.4539807,1.0739064,0.6538241,0.21548358,0.19423863,0.28183132,44623.05716811757
62,300,-0.69456786,-0.14963454,3.3997362,1.4712719,0.49210316,0.60557353,0.16681793,0.15375687,0.2840017,43611.004557212
63,300,-0.43515354,1.8492638,3.429736,1.4585092,1.1708755,0.61170495,0.19242659,0.19989479,0.28020662,44800.734655866785
64,300,0.67229474,0.40746182,3.4341226,1.4581381,0.58022773,0.6632079,0.21290502,0.14624403,0.28339067,43746.60841643128
65,300,-0.76991606,0.5392492,3.393421,1.4692733,0.63848746,0.59041685,0.16737247,0.19030109,0.2818576,43990.465069254715
66,300,-0.6743327,0.031830557,3.396681,1.4704379,0.50825024,0.60476613,0.16889226,0.16056527,0.28318664,43669.93235569647
67,300,-0.6358461,0.67643327,3.3988857,1.467921,0.7143005,0.6000657,0.16849901,0.1926962,0.28173506,44105.831827772075
68,300,0.57659084,-0.20829876,3.4158902,1.4662459,0.4892841,0.64849615,0.20288011,0.1437947,0.2849651,43600.04289046198
69,300,0.3960067,-1.0930616,3.4128332,1.4749762,0.4706333,0.6226957,0.18363549,0.14571497,0.2889529,43536.20780011481
70,300,-1.4912575,0.4393917,3.3786507,1.4728434,0.59037066,0.53649724,0.16528438,0.19588186,0.28164107,43970.58064997698
71,300,0.1666735,0.63503146,3.4259963,1.4610746,0.72002953,0.65174437,0.19354719,0.1679917,0.28269315,44008.91668281994
72,300,2.3831449,0.94447947,3.4689004,1.4339128,0.7305416,0.6831293,0.24917665,0.1419282,0.28421333,43969.993955190315
73,300,-0.91282225,1.1170163,3.3984692,1.4675002,0.9537372,0.57410437,0.1677416,0.19927567,0.28069708,44500.323746696035
74,300,-1.3159074,-0.4615846,3.3968048,1.4751819,0.47565243,0.56021595,0.16076963,0.15863803,0.2853068,43595.426213016864
75,300,-0.0682416,1.7133427,3.438654,1.4553163,1.159095,0.63530856,0.20775649,0.1995075,0.28073633,44772.818339357706
76,300,-0.74475485,-0.82643855,3.4075303,1.4751544,0.4729933,0.5939178,0.16270219,0.1487484,0.28731322,43536.71081770946
77,300,-0.09845252,-0.6634783,3.4102197,1.4727639,0.48237494,0.62705785,0.17295712,0.14659952,0.28688014,43560.02562748843
78,300,1.1266359,-1.0799315,3.4180632,1.4724902,0.46524984,0.6285199,0.21606153,0.1429971,0.28909856,43544.10531020589
79,300,-1.1474687,-0.43782005,3.3986316,1.4744072,0.47698465,0.5731883,0.1615916,0.15561914,0.28524518,43583.61777104926
80,300,-0.49803245,1.929532,3.4291947,1.4585944,1.1768842,0.60668015,0.19127494,0.19993533,0.28002435,44814.26523828313
81,300,0.9494208,0.08755124,3.4321454,1.4601432,0.5108946,0.6600503,0.22739378,0.14285457,0.28439337,43648.64311444536
82,300,-1.2254355,0.844363,3.385088,1.470509,0.77427286,0.5503642,0.16454057,0.19875202,0.28091305,44251.758660611995
83,300,-1.0002153,-1.5447711,3.4119635,1.4798491,0.4623473,0.5594253,0.16096413,0.14918175,0.29020733,43501.267436733186
84,300,1.1880298,0.3169426,3.4422677,1.4553299,0.5455549,0.6669369,0.2360596,0.1427816,0.2841457,43704.40919218806
85,300,0.9208588,0.31872764,3.4371443,1.4573618,0.54883385,0.6645166,0.2257609,0.1436947,0.28382105,43704.16552683931
86,300,0.8568306,-0.6510256,3.4161792,1.4696565,0.47382593,0.6385923,0.20918024,0.14338376,0.28718394,43566.98914470317
87,300,-1.0342429,0.6815945,3.3883426,1.470123,0.69503987,0.5673413,0.16576928,0.19646871,0.28138274,44110.84534494062
88,300,-0.80340964,-0.6895498,3.4058104,1.4744271,0.47468475,0.59395313,0.16199517,0.14926799,0.28661388,43545.16037763157
89,300,-0.4555325,0.017479159,3.399872,1.4694381,0.50644404,0.6206413,0.17016241,0.15428075,0.28327873,43643.56415544282
90,300,-0.35399392,-1.3749512,3.4142332,1.4778433,0.46784464,0.5953581,0.17004104,0.1471108,0.28981203,43512.16170965046
91,300,-0.6436184,-2.2234032,3.4188793,1.4827166,0.45859975,0.5541454,0.16729212,0.1477601,0.29250947,43477.88114449706
92,300,0.62523144,-1.6020577,3.416058,1.4778339,0.46283454,0.6094842,0.19068061,0.14531663,0.29090625,43512.6497319616
93,300,-1.1043833,0.05216508,3.3903089,1.4723481,0.5109504,0.5710566,0.16651927,0.17487882,0.2830377,43736.65313073549
94,300,-0.739563,1.5430146,3.413562,1.4635912,1.1229463,0.5884386,0.17572534,0.19982728,0.28033042,44741.94071391648
95,300,-1.2928569,0.26705086,3.3837707,1.4724017,0.54798824,0.55372447,0.16643205,0.18924032,0.28222603,43865.467287314816
96,300,-0.039282817,-1.1680934,3.4136045,1.4761705,0.47160986,0.6122584,0.17526284,0.14661297,0.28906542,43528.760122855805
97,300,0.5232767,-0.17154633,3.4153738,1.4661123,0.49140102,0.6489407,0.20047098,0.14396039,0.2847511,43602.98784330572
98,300,0.77179056,0.82350415,3.4440002,1.4529433,0.7797482,0.66643035,0.22261679,0.15746224,0.28288653,44066.34982107157
99,300,2.163236,1.336528,3.4710107,1.4292703,0.95819145,0.6843834,0.24865726,0.14697748,0.28330746,44293.40829388444
100,300,-0.36918184,-0.23937918,3.4050095,1.4702458,0.49017057,0.62740093,0.16767323,0.14772226,0.28455883,43585.28989366068
101,300,1.0996596,0.6552637,3.4474423,1.4514115,0.65762025,0.6708588,0.2332649,0.14611016,0.2834009,43865.90903619233
102,300,0.64013153,-1.616956,3.4161665,1.4778912,0.46262097,0.6091578,0.19121152,0.14527965,0.29096043,43512.18681171304
103,300,-0.024326125,-0.7380309,3.4107823,1.4732033,0.48046198,0.62668955,0.17447527,0.1465018,0.2872366,43556.022134617175
104,300,0.2799246,-0.09815039,3.4110188,1.4667165,0.49662957,0.6481447,0.18669772,0.144943,0.2841839,43606.78659853919
105,300,0.9101789,0.3172182,3.4368982,1.4574603,0.54864794,0.6643913,0.22526312,0.14373004,0.2838113,43703.66274912982
106,300,0.78632796,-0.4664191,3.4166164,1.4680711,0.47863585,0.6430847,0.20938878,0.14335765,0.28632337,43579.84862941832
107,300,-0.94444627,-0.4100497,3.4008434,1.4734557,0.4788069,0.58873314,0.16266717,0.15250441,0.28518957,43573.92896992694
108,300,-0.017020414,0.37915173,3.4145453,1.4648044,0.603974,0.64538896,0.17995149,0.16073954,0.28283933,43813.26906030349
109,300,2.259309,-0.042257152,3.4527917,1.4519776,0.49561954,0.66887754,0.24886604,0.14083627,0.2862619,43638.54121964791
110,300,-0.955945,-0.34598178,3.399562,1.4732454,0.4811544,0.5873145,0.16327985,0.15394354,0.28486568,43586.01264914113
111,300,-0.463596,0.48148146,3.4006977,1.4677762,0.6274015,0.6149322,0.16963753,0.18138197,0.28222042,43930.85153849835
112,300,-1.540797,0.06326199,3.3837035,1.4742037,0.51252764,0.5375564,0.16429232,0.18702458,0.28292343,43802.32426169869
113,300,0.15650654,0.23218104,3.4169698,1.464153,0.5495272,0.65225756,0.18361631,0.14947014,0.28321794,43696.57876464957
114,300,-0.5973161,-0.23792173,3.4023716,1.4712077,0.4874564,0.61324716,0.16617213,0.15005367,0.28445408,43586.997215487296
115,300,-1.424061,-0.49331987,3.39591,1.4757276,0.4742922,0.5521985,0.16012979,0.16029519,0.2854237,43601.07307631437
116,300,-0.54286146,0.41605005,3.3976254,1.4685272,0.5972658,0.6094469,0.16888066,0.17974608,0.28226274,43882.30841575597
117,300,-1.1561824,0.7811981,3.3862395,1.470384,0.7423154,0.55648744,0.16498432,0.19813973,0.28109112,44195.98779510951
118,300,1.4944845,-2.069985,3.4219117,1.4786446,0.45631474,0.6015479,0.22377759,0.14278172,0.29245484,43506.2347061583
119,300,0.42625874,0.676908,3.4337113,1.4580534,0.72304165,0.6591055,0.20577481,0.16083637,0.28286362,43991.039708219
120,300,-0.63743705,-0.3972718,3.4041803,1.472173,0.48226327,0.6097493,0.16451724,0.14905246,0.28524214,43568.52238040404
121,300,-0.13288058,-0.29779088,3.4074578,1.4700105,0.4923359,0.6366273,0.1715075,0.14657891,0.28504467,43586.82093884606
122,300,-0.30901298,-1.6760038,3.4164402,1.4795426,0.4642181,0.5858932,0.17146397,0.1471141,0.29088038,43498.904077012834
123,300,1.1523316,1.0796186,3.4548707,1.4457582,0.90065444,0.6730767,0.237097,0.15844259,0.28282297,44245.86239331575
124,300,-0.81336427,-1.4664243,3.412531,1.4790727,0.46409422,0.57113683,0.16328022,0.14838389,0.28999075,43503.099265104654
125,300,0.5210649,-0.57578796,3.4115882,1.4704828,0.47870693,0.6372865,0.19091678,0.14460036,0.28667554,43567.43261000426
126,300,0.14195317,-0.31932843,3.4079766,1.4696267,0.49069357,0.6411618,0.17690177,0.14603499,0.2852725,43587.92508673181
127,300,0.69153875,0.6947491,3.440115,1.4550409,0.7114668,0.6647043,0.21706413,0.15403795,0.2829898,43956.03761470523
128,300,-0.7255974,-1.383364,3.4124374,1.4784482,0.465504,0.5782284,0.16434675,0.14806628,0.28971314,43506.724142081686
129,300,-1.5829384,0.6103794,3.3759563,1.4728539,0.6481581,0.5275687,0.1641028,0.19825983,0.2811534,44077.49254183123
130,300,-1.1888592,-0.5068163,3.3993049,1.4748436,0.47460335,0.5705277,0.1608081,0.1549553,0.28556734,43574.695286902184
131,300,-0.596314,-0.052567296,3.3992782,1.4704151,0.49941424,0.61152345,0.16863973,0.15480359,0.28356546,43631.05240014005
132,300,-1.9362798,0.1887786,3.3748052,1.4753624,0.5324569,0.5105688,0.163014,0.19576949,0.2823625,43891.899164537026
133,300,0.52389103,0.08842209,3.4226062,1.4629862,0.5126055,0.65580887,0.20380825,0.14418998,0.2838627,43639.51659021396
134,300,-0.31088617,0.097400166,3.4007924,1.4684277,0.51768315,0.6293005,0.17127798,0.15427682,0.28303665,43663.37561843368
135,300,0.39904633,-2.7725928,3.423044,1.4842465,0.45531067,0.56510156,0.18802164,0.14618449,0.294045,43471.158220009645
136,300,1.9559124,0.39009333,3.456059,1.447828,0.55370724,0.67413133,0.24772477,0.14138867,0.2848835,43723.433071460386
137,300,-0.6524086,-0.39095336,3.403964,1.4721911,0.48219743,0.60889035,0.16445202,0.14920351,0.2852035,43569.04515661308
138,300,0.49374178,-0.11610394,3.415877,1.4655807,0.49480802,0.6502325,0.20006335,0.14405069,0.2844817,43609.2810376578
139,300,-2.0306845,2.064493,3.3791075,1.4699684,1.1740991,0.49038938,0.1604062,0.19999865,0.27778882,44983.36316938202
140,300,-0.11054066,1.0201727,3.4247246,1.4612536,0.94400173,0.63711286,0.18945894,0.19381277,0.28178024,44428.86332018705
141,300,-0.69204986,1.5363771,3.4150178,1.463243,1.122288,0.5924859,0.17679289,0.19980255,0.28041828,44736.92313301344
142,300,0.2863437,0.60884386,3.4288118,1.4600172,0.69663376,0.65545845,0.1982355,0.16191673,0.28283533,43954.72761529498
143,300,-1.0452534,1.2111453,3.3959148,1.467899,0.99310213,0.5620896,0.16650885,0.19962665,0.28039563,44573.30116872821
144,300,0.68981814,1.3018463,3.4498208,1.4492795,1.0456836,0.66473913,0.22899693,0.18520132,0.28224555,44551.94226268875
145,300,-0.6280876,-0.48102713,3.4052188,1.4726402,0.4806493,0.60874176,0.1641154,0.14867292,0.2856754,43561.463227051914
146,300,2.3039167,-1.0600158,3.4370537,1.4661626,0.46092674,0.6437701,0.24757814,0.14081901,0.28959388,43557.601871379135
147,300,-0.1359497,1.1368914,3.4261677,1.4606657,1.001445,0.63504046,0.19089843,0.19620986,0.28157482,44521.54997706347
148,300,0.09772497,0.5829537,3.422832,1.4621947,0.6954752,0.64934176,0.18914102,0.16777293,0.28268576,43971.97430299472
149,300,-0.39944902,0.37005588,3.400768,1.4679012,0.58606374,0.62040657,0.16993634,0.17289829,0.28246894,43836.18423137182
150,300,-1.3065269,1.6581306,3.3961864,1.4673314,1.1326537,0.538339,0.16609557,0.19996679,0.27931368,44823.001933386906
151,300,-0.11816405,-0.6801782,3.4102883,1.4729128,0.48189783,0.62602496,0.17263415,0.14662856,0.286954,43558.422003805535
152,300,0.6663831,-0.4607198,3.414407,1.4686527,0.47981155,0.64198476,0.20179546,0.14381781,0.28621495,43578.04014716885
153,300,-1.3342584,-1.3467175,3.4076684,1.4793764,0.46246827,0.5468193,0.15740047,0.1513879,0.2892302,43517.33199325341
154,300,0.69377315,-0.15957344,3.4196596,1.4648465,0.49163237,0.65136266,0.211847,0.14336748,0.2848717,43609.38461770392
155,300,-0.13370156,1.0777438,3.4250748,1.4610796,0.97303456,0.63550776,0.18965754,0.19525895,0.2816695,44476.53141311665
156,300,-1.1268258,-0.7306777,3.4031696,1.4756233,0.4708753,0.5732092,0.15977323,0.15169495,0.2866333,43547.007360495416
157,300,-0.3848798,0.09435159,3.3996897,1.4687843,0.5171462,0.6245413,0.1709528,0.1558354,0.28301907,43668.131165474464
158,300,-0.042171452,-0.2868872,3.4077137,1.4697727,0.49354115,0.6394539,0.17311114,0.14644821,0.28501785,43590.43643761072
159,300,-0.0616264,-0.10730527,3.4063356,1.4683169,0.49964467,0.64364743,0.17232843,0.14644271,0.28403467,43605.400568577345
160,300,-0.7196044,-0.812993,3.4076066,1.475013,0.4734419,0.595662,0.16298975,0.1486386,0.2872669,43537.698838880366
161,300,0.27451634,-0.8909151,3.4114876,1.4738116,0.47509181,0.6274563,0.18031032,0.14597794,0.28806394,43547.70551656601
162,300,-1.1573553,-0.31229225,3.3964415,1.4739674,0.48218435,0.5712755,0.16282482,0.15941446,0.28466815,43612.69627947376
163,300,-0.15766701,2.2567234,3.4447932,1.4517382,1.1922044,0.62697613,0.21569869,0.1999551,0.27973193,44839.96399312204
164,300,-0.7047003,0.9432607,3.4019444,1.4669819,0.8692943,0.5931074,0.16961847,0.19774443,0.28121573,44354.558736207706
165,300,0.7471883,-1.1889449,3.4147418,1.4746672,0.466822,0.6225665,0.19730528,0.14439505,0.28937352,43533.742240455926
166,300,0.77325296,-1.1838807,3.4148598,1.4745561,0.46668637,0.6228323,0.19848868,0.14428492,0.28935724,43534.22093904483
167,300,-2.6591723,0.60631955,3.3545876,1.4769561,0.64281404,0.47621474,0.16114178,0.19979182,0.2807058,44134.80358172691
168,300,-1.7558906,0.45093447,3.3737252,1.473885,0.59339213,0.5186367,0.1643546,0.19763613,0.2815077,43996.171421392944
169,300,-0.6840109,1.6595508,3.4178138,1.4623904,1.1456898,0.59266967,0.17865655,0.19987851,0.2802515,44772.82520203653
170,300,1.0685093,-0.4533858,3.4224043,1.4662607,0.47729996,0.64712435,0.22561888,0.1424741,0.28644723,43587.45342520541
171,300,-0.6878376,-1.2140774,3.411316,1.477411,0.467777,0.58544254,0.16447143,0.14805004,0.28906268,43515.07246049066
172,300,-0.44092262,-0.28035548,3.4047725,1.4707654,0.48792565,0.6229027,0.16678882,0.14806478,0.2847374,43580.52444792108
173,300,-0.36469355,0.15670386,3.39974,1.4685317,0.52789223,0.62494564,0.1706519,0.15852591,0.2828753,43694.82752804806
174,300,0.5785215,0.34965447,3.4307275,1.4595332,0.5655687,0.66129637,0.20722696,0.1462126,0.2833948,43722.53349219638
175,300,-0.76414394,-1.4377915,3.4126225,1.4788227,0.4646778,0.5745519,0.16391611,0.14818794,0.28990382,43504.24813290006
176,300,1.3645319,-0.6894492,3.4250295,1.467334,0.46990943,0.6433636,0.23382604,0.1419732,0.28765148,43573.73251289852
177,300,-0.6522936,-0.52118933,3.4054263,1.4729588,0.47952318,0.60650575,0.16374864,0.14872077,0.28586513,43558.1163797909
178,300,-1.8430696,-0.477974,3.3901026,1.4772589,0.47410792,0.52257127,0.15895733,0.17247738,0.2852754,43665.160839932825
179,300,-0.4796558,0.6203583,3.4029007,1.4671578,0.6951896,0.6131002,0.17055716,0.18829918,0.28197235,44056.090503544954
180,300,0.6984571,0.003770889,3.4242864,1.4628595,0.5030287,0.6555487,0.21402195,0.14346898,0.2843058,43629.73096193868
181,300,0.93184835,0.339965,3.4378507,1.456995,0.55342203,0.66501796,0.22623691,0.14377685,0.2837863,43711.18518432369
182,300,-0.015682112,0.16092817,3.4095817,1.4662335,0.5361233,0.64660436,0.17585014,0.15087663,0.28315628,43679.17664798184
183,300,-0.19065349,-0.3948495,3.4078922,1.4708806,0.48870486,0.63201797,0.17068483,0.14671057,0.28552628,43577.262941157736
184,300,-0.26773354,-1.1280113,3.4128494,1.4761908,0.4720071,0.6069772,0.17094636,0.146934,0.2888701,43526.98079883488
185,300,0.2804417,-0.9931236,3.4121041,1.4745181,0.47309124,0.62458324,0.18064062,0.1460097,0.28850335,43541.62149964762
186,300,0.8416313,-0.24945858,3.4211328,1.4650633,0.48630604,0.6505204,0.2185246,0.1429402,0.28539014,43602.73795468437
187,300,0.04949498,0.4938368,3.4194207,1.4633378,0.6525694,0.6477163,0.18509552,0.16454427,0.28275636,43897.708944162674
188,300,0.6433145,-1.5706234,3.4159436,1.4775791,0.46308193,0.6106185,0.1914756,0.14523534,0.29080284,43514.36832872439
189,300,-0.20690368,0.8801789,3.418271,1.4632468,0.86109734,0.6323735,0.18184842,0.19199938,0.28193697,44302.730880442075
190,300,-1.6981058,0.38728046,3.37544,1.4737921,0.57603216,0.5231284,0.16468546,0.19663823,0.28172344,43960.39057689219
191,300,-2.2555642,-1.0225068,3.3941991,1.4804184,0.46099254,0.50190896,0.15487528,0.16627233,0.28753263,43609.694925487114
192,300,0.038630553,-1.6567152,3.4167054,1.4790486,0.46437603,0.5972473,0.17784172,0.14654253,0.29086667,43504.47886635481
193,300,-0.98551077,-1.471835,3.4114451,1.4794359,0.4630968,0.5624405,0.16096708,0.14918306,0.28994143,43503.974371502336
194,300,1.648135,0.16422775,3.447095,1.4539018,0.5177982,0.6678504,0.24524981,0.14156649,0.2850408,43669.03877942847
195,300,0.5672903,-0.2226751,3.4154022,1.4664891,0.48864084,0.64793324,0.20179647,0.14384808,0.28502172,43598.1472934678
196,300,-0.35343176,-1.6164742,3.4158645,1.4792546,0.464798,0.5867444,0.17053194,0.14716144,0.29067278,43500.835558536426
197,300,-0.29183736,-0.7614922,3.4101913,1.4737608,0.47870845,0.61785966,0.16984499,0.14690122,0.28727862,43548.37293926576
198,300,0.8579239,1.1411018,3.4506235,1.4488342,0.9593651,0.66840607,0.23067951,0.17160451,0.28257263,44375.63734862444
199,300,1.4665787,0.85255194,3.4565794,1.4451004,0.73390484,0.6762046,0.24258761,0.1457378,0.28343755,43975.70514115216
200,300,-0.5986539,-1.1158969,3.4111068,1.476645,0.46977022,0.5929722,0.16559997,0.14774965,0.28869867,43521.05640598448
201,300,0.7666632,0.3562928,3.43497,1.458027,0.560549,0.6637776,0.21785489,0.14477877,0.2835834,43718.2942218549
202,300,-1.7685385,0.3554818,3.3746426,1.474142,0.5680584,0.51910126,0.16437177,0.19671123,0.2818048,43950.59511881516
203,300,0.8145198,0.058925588,3.4284687,1.4614252,0.50816995,0.65805256,0.22079799,0.14318708,0.2843014,43641.07837901361
204,300,-0.18505368,-0.8076485,3.4109247,1.4739194,0.47861326,0.6201807,0.17169118,0.1467473,0.28752303,43548.271040203304
205,300,-1.4465348,0.800298,3.3793592,1.4717542,0.74018085,0.5339737,0.16385213,0.19899392,0.28084537,44216.384305259315
206,300,-0.30911446,-0.23346666,3.4055195,1.4699924,0.49136233,0.630518,0.16826512,0.14737274,0.28456324,43586.915742952275
207,300,1.7327212,0.6845011,3.4576445,1.445158,0.6405043,0.6765874,0.2459505,0.14266539,0.28400162,43843.46557114412
208,300,0.370825,0.1420618,3.4204087,1.4633625,0.5215385,0.65533346,0.1940264,0.14517862,0.28354818,43649.2922641756
209,300,1.5199949,1.7195894,3.4675212,1.4329458,1.1331421,0.6788901,0.24592641,0.18053895,0.28226715,44670.35671250941
210,300,0.9295051,0.5822246,3.4429507,1.4538975,0.63513136,0.6681638,0.22652817,0.14663579,0.28334936,43832.21449884257
211,300,-2.094603,0.12372191,3.3737025,1.4762301,0.5213628,0.5022879,0.16210392,0.19612175,0.2825957,43879.77180677486
212,300,-0.13010696,0.09395323,3.4040978,1.4675204,0.51873505,0.6403197,0.17211574,0.15071444,0.28314584,43652.37893935603
213,300,0.9430461,-2.7396772,3.4224932,1.4835082,0.4546773,0.5756177,0.20082644,0.14503518,0.29412827,43477.26130959865
214,300,-0.56931204,0.26990435,3.3960745,1.4692028,0.5509398,0.60905623,0.16918534,0.17118724,0.282521,43780.10050194258
215,300,-0.46684554,-1.4169061,3.4141297,1.4782381,0.4667015,0.58945435,0.16842747,0.14730527,0.2899383,43508.10046177308
216,300,0.8689635,0.27687192,3.4351282,1.4582926,0.5407562,0.6632365,0.22335061,0.14367932,0.28385335,43691.074906841335
217,300,-0.97110456,0.3148172,3.3887281,1.4709133,0.55888677,0.57789445,0.16760042,0.1844836,0.2822006,43853.547574266144
218,300,0.8215857,0.005292646,3.42716,1.4620287,0.50288457,0.6568682,0.22078738,0.14311422,0.28445405,43632.91853058257
219,300,0.8005648,0.078260176,3.4286785,1.4612823,0.51031786,0.6583755,0.22014454,0.14324705,0.28423285,43644.00240366934
220,300,-0.39522898,-1.1594205,3.4126148,1.4765682,0.47070476,0.6011053,0.1690211,0.14713906,0.28896248,43522.38175406822
221,300,-0.085930765,0.19429293,3.4075248,1.4666568,0.54334897,0.6427274,0.1738991,0.15397213,0.28304976,43700.20317162554
222,300,0.87583274,-0.11510747,3.4250174,1.4630985,0.49400434,0.65463126,0.22253641,0.14288098,0.28490698,43619.32393577856
223,300,0.4574156,-0.964612,3.4123912,1.473839,0.4724148,0.6268244,0.18621165,0.14538549,0.28842348,43544.17564955558
224,300,-0.78262913,-0.1103893,3.3978686,1.4715133,0.4946769,0.598362,0.16687736,0.15711814,0.28379768,43629.50233985443
225,300,-1.0546285,0.8202478,3.3891182,1.4697152,0.7696141,0.5643082,0.16538605,0.19810602,0.28110495,44230.40034804251
226,300,0.46313033,0.27909577,3.4263415,1.4611858,0.5495748,0.65883464,0.19998649,0.14618479,0.28339863,43695.59169609346
227,300,0.3389041,2.0210435,3.452808,1.447053,1.1836314,0.6522372,0.22985749,0.19955106,0.2807993,44817.555602973815
228,300,-0.4688642,-2.2014413,3.4193046,1.4824392,0.45913926,0.5613377,0.16983068,0.14746451,0.29247108,43478.9479652432
229,300,0.1993002,-0.050603542,3.4100547,1.4666169,0.5000107,0.6485801,0.18310477,0.14529257,0.28388512,43611.75064644663
230,300,-0.51751906,-0.97882986,3.4105263,1.4756314,0.47252363,0.6011498,0.16654317,0.14752574,0.28815132,43529.93919142509
231,300,-0.43918952,0.18133843,3.3984056,1.4688227,0.5322022,0.61961657,0.17022327,0.16187948,0.2827791,43714.40286456995
232,300,-0.5028167,2.4124537,3.4376502,1.454711,1.1948689,0.6033015,0.20221934,0.19999065,0.27917364,44857.10465711458
233,300,-0.96050435,-0.79311734,3.4054842,1.4754622,0.4715222,0.5821966,0.16049829,0.1500611,0.28701395,43539.05727891037
234,300,-2.28862,0.25148442,3.367667,1.4765266,0.54460764,0.49207485,0.1617235,0.19832802,0.28205344,43940.296357603496
235,300,-2.0164065,-0.53945464,3.3887765,1.4780958,0.4717528,0.51226354,0.15801962,0.17508915,0.28551137,43676.18742049224
236,300,-0.27567053,-0.70972794,3.409882,1.4733682,0.47997516,0.6200311,0.16999878,0.14686692,0.28704432,43552.208038617115
237,300,1.7388726,0.99439436,3.4622989,1.4400358,0.7939645,0.6795566,0.24610686,0.14540651,0.28347325,44059.90282233279
238,300,1.3191369,-0.8824188,3.4222372,1.4696801,0.46677744,0.63693845,0.22900155,0.14226116,0.28839976,43560.165886504095
239,300,1.128594,0.49600095,3.4448977,1.4533292,0.59169465,0.6694361,0.2339018,0.14397272,0.28370965,43770.25820516627
240,300,0.77140594,1.0294389,3.4473119,1.450994,0.9039185,0.66670173,0.22630581,0.16833632,0.28265288,44282.76886809756
241,300,-0.90876323,-0.42431763,3.4015822,1.4733608,0.47858012,0.5914709,0.16270252,0.15173149,0.28528047,43569.92327941581
242,300,0.86259604,-2.6556191,3.4219525,1.4832267,0.45512936,0.57766885,0.1984183,0.1452263,0.29392067,43478.60385998645
243,300,1.5133281,0.55313206,3.4522574,1.4492291,0.6007086,0.6732539,0.24322754,0.142742,0.2840135,43786.62466124552
244,300,-0.045703962,0.22050765,3.4097676,1.4661306,0.5511562,0.64484745,0.17577511,0.15400924,0.2830426,43712.03146396624
245,300,-1.0299352,-0.34994337,3.3986595,1.4735792,0.48075804,0.58154964,0.16294082,0.15530328,0.28486434,43590.97514137145
246,300,1.1002843,1.298022,3.4568908,1.4440402,1.0194921,0.6726248,0.23818658,0.17196406,0.2825209,44465.89681612601
247,300,2.696224,-0.07392467,3.4584186,1.4487427,0.49237865,0.67162704,0.2496141,0.14055428,0.2868197,43636.256587169766
248,300,-0.65855294,-0.51423395,3.4052925,1.4729378,0.4795849,0.6063032,0.16372429,0.14878008,0.2858262,43558.62174257572
249,300,-1.0180418,-0.07785475,3.3940675,1.47247,0.49719214,0.5795468,0.16607505,0.16522473,0.28361046,43668.8073581434
250,300,0.38273242,-0.03424228,3.4153092,1.4652935,0.50072455,0.65118945,0.1943236,0.14452264,0.28403717,43617.170274938275
251,300,1.0963469,-0.2342158,3.4270792,1.4631464,0.486554,0.6539303,0.23117465,0.14231218,0.2855835,43610.546056178755
252,300,-0.34745064,-0.5812685,3.4083762,1.4726102,0.48193717,0.6205107,0.16831857,0.14715959,0.28639027,43559.04167627469
253,300,-1.6326345,-1.5677677,3.4073718,1.4810437,0.45940068,0.5259654,0.15556832,0.15303628,0.289935,43519.63337363744
254,300,-1.179158,1.3014281,3.3931806,1.4683207,1.0265285,0.55031,0.1653212,0.19980597,0.28010744,44639.21190093175
255,300,0.8952603,1.3749641,3.4545586,1.445969,1.0622907,0.6691277,0.23504606,0.18264784,0.28232336,44568.165052407225
256,300,-1.3322116,-1.9686247,3.413161,1.4824855,0.45793673,0.5311488,0.15819134,0.15045556,0.2915309,43494.54135188912
257,300,-0.6600563,0.17581895,3.3948102,1.4698553,0.5304669,0.6040207,0.16944551,0.16790901,0.28269607,43736.656544411264
258,300,0.49869028,1.0479722,3.4419785,1.4539708,0.93677795,0.6604954,0.21769373,0.17887923,0.2824251,44366.77385063652
259,300,0.28427967,1.7426687,3.447867,1.45046,1.1619403,0.65135574,0.2233203,0.19884974,0.2811668,44776.15575213356
260,300,-0.22260568,-0.9130792,3.411521,1.4747018,0.4762026,0.6156248,0.17126225,0.14682342,0.2879805,43540.6841178847
261,300,-1.6812183,-0.8889713,3.3993227,1.4781024,0.46479315,0.53517,0.1568463,0.1572265,0.287145,43563.748826227355
262,300,0.24211796,-0.8887203,3.411448,1.4738492,0.47535077,0.62716156,0.1795994,0.14606468,0.28804427,43547.79284695928
263,300,0.9367425,1.4123276,3.4557488,1.4450257,1.0734026,0.669923,0.23635644,0.18317015,0.2823062,44586.9471203939
264,300,-2.369587,0.8640523,3.3583517,1.4754163,0.75111806,0.4839594,0.16104692,0.19986968,0.28007153,44302.73337897034
265,300,-2.239604,0.40149906,3.3656328,1.475873,0.5797171,0.49328125,0.16242512,0.19892511,0.28151962,44002.85253258
266,300,1.2248706,0.064856105,3.4372063,1.458483,0.50772315,0.6621493,0.23715684,0.14221703,0.2847892,43649.019290480544
267,300,-1.2796892,-0.5854312,3.399535,1.4755002,0.47209692,0.56398517,0.15986827,0.15511312,0.28591722,43569.32300540924
268,300,-0.26164544,-0.18224478,3.4054093,1.4694812,0.49364126,0.6337341,0.1690437,0.14722945,0.28431207,43592.61329077577
269,300,-0.20289683,-0.10988278,3.4051578,1.4687846,0.49691737,0.63760877,0.17014886,0.14710166,0.28394806,43600.8913239285
270,300,0.21348006,-1.2085737,3.4135547,1.4760683,0.46980792,0.6168246,0.179766,0.14619876,0.2893237,43528.93490319663
271,300,-0.24201983,1.5182612,3.429928,1.4589276,1.1256373,0.6265555,0.19441319,0.19934222,0.28087908,44719.96880142785
272,300,-0.38464543,-0.4438361,3.4068794,1.4717182,0.48470625,0.62239444,0.1671907,0.147456,0.28565395,43568.25976888999
273,300,1.0781974,-2.5591846,3.4219015,1.4823337,0.45517543,0.58273786,0.20593812,0.1445515,0.29373306,43484.42990982756
274,300,1.1813786,-0.63190377,3.422305,1.4677218,0.47205034,0.64281845,0.2274023,0.14234957,0.28729957,43574.92093959928
275,300,0.16392857,0.09632136,3.4137685,1.4651943,0.5167432,0.6518301,0.18193676,0.14613304,0.2834097,43638.558817783785
276,300,0.9424681,-0.26759475,3.4230125,1.4646391,0.4851452,0.65120614,0.2236086,0.1426726,0.2855615,43603.355981405955
277,300,-0.6780258,1.2978458,3.4105458,1.4646316,1.0518155,0.5946526,0.17408942,0.19945262,0.2807522,44628.13360191292
278,300,-2.364174,0.020334182,3.3718138,1.4775996,0.50777346,0.49021274,0.16043955,0.19677168,0.28297716,43866.82119965121
279,300,-1.3479254,-0.7615734,3.4013166,1.4764751,0.46860093,0.5581114,0.15863529,0.1538829,0.28669035,43553.47171253553
280,300,2.0112567,-0.044595428,3.4488678,1.4540156,0.49596256,0.66683364,0.24791057,0.14104928,0.28599316,43637.54591699167
281,300,0.1950697,-1.7815628,3.4173245,1.4795687,0.46254432,0.59666836,0.18114966,0.14633265,0.29132092,43500.88803554909
282,300,-0.7290447,0.1965574,3.3935518,1.4701174,0.53420764,0.59854054,0.16907816,0.1712565,0.28261358,43756.663042716624
283,300,0.3547577,0.61688656,3.4307568,1.4592783,0.6956281,0.6572937,0.20130421,0.16008079,0.2828831,43947.780277450205
284,300,0.008627899,0.5270042,3.4187083,1.4635329,0.66895854,0.64575845,0.18410094,0.1681932,0.28265503,43934.88336129907
285,300,0.4537819,-1.8297404,3.4171295,1.4794967,0.4612177,0.60027397,0.18629366,0.14590646,0.29159725,43501.63405504
286,300,0.037005723,0.76790243,3.4246569,1.4615182,0.80152136,0.6457441,0.19070607,0.18084958,0.28233492,44174.02265623535
287,300,0.5898798,-0.36385882,3.4139168,1.468018,0.4832302,0.64385176,0.19940218,0.14396816,0.285716,43584.817912155064
288,300,-0.8056265,-1.1183119,3.409717,1.4770951,0.46816775,0.5826062,0.16244075,0.14867507,0.2886098,43519.441007381225
289,300,-0.13105401,1.1330799,3.426259,1.4606404,0.99982405,0.635334,0.19104685,0.19610654,0.28158543,44518.76608933325
290,300,-1.9518042,-0.6598917,3.3916593,1.4782655,0.468299,0.51686466,0.15737922,0.16882193,0.28603637,43636.4713376568
291,300,-1.1398025,0.7849575,3.3866782,1.4702878,0.74513555,0.5577736,0.16504648,0.19811423,0.2810977,44199.07501902828
292,300,-0.5543096,-0.47063765,3.4057763,1.4723458,0.48182458,0.61304164,0.16485432,0.14824152,0.28567058,43562.99784924202
293,300,-0.21694957,0.44539326,3.4083362,1.4661783,0.6253872,0.633498,0.17399763,0.17209288,0.28255722,43887.62877835251
294,300,-0.392389,-3.046143,3.4247665,1.4860442,0.45468467,0.53365254,0.17317005,0.14754623,0.29452026,43463.10491586824
295,300,0.5433119,0.43904296,3.4318252,1.4589254,0.59951586,0.66123277,0.20596263,0.14861026,0.28322202,43776.21973645248
296,300,-0.21954103,-1.0840366,3.4127324,1.4758453,0.47295597,0.60993904,0.17170645,0.14685696,0.2886993,43530.44019039136
297,300,0.35178012,0.37923554,3.4257665,1.4612129,0.5878426,0.6571195,0.19516873,0.15025732,0.28315818,43759.09801525863
298,300,-0.47003287,-0.21673147,3.4036644,1.4705273,0.48929828,0.62178725,0.16711773,0.14870805,0.28440237,43587.09494026659
299,300,-0.9301565,-0.17858909,3.3971508,1.4724538,0.48990574,0.5879258,0.16530181,0.15831402,0.28408808,43624.165756819566
300,300,-1.5504293,0.41731882,3.3777685,1.4731327,0.58408046,0.53267217,0.16517189,0.19600438,0.28168255,43963.79186720312
301,300,-0.9443685,0.23810315,3.3897364,1.4709742,0.54213595,0.5812636,0.16803126,0.1799461,0.2824203,43807.96813477125
302,300,-1.405963,-0.5900577,3.3978727,1.476007,0.47144613,0.5544697,0.15938723,0.15745062,0.28588188,43580.15894868858
303,300,-0.110489406,-1.6606998,3.416699,1.4792483,0.46457866,0.59269774,0.17518851,0.14684166,0.29085508,43502.6878856627
304,300,0.115147874,-0.37914756,3.4082317,1.4702307,0.489173,0.63957524,0.17603567,0.14617763,0.28557864,43583.27676387268
305,300,-1.7423562,-1.3032428,3.4036803,1.4800636,0.46079254,0.5258317,0.15541308,0.15491952,0.28884703,43537.798393852514
306,300,0.60512006,0.895556,3.4417439,1.4541992,0.8380073,0.66324323,0.21802625,0.16659646,0.28271878,44179.68133478002
307,300,-0.13190864,0.40476182,3.4105797,1.4657373,0.61127853,0.6392011,0.17583956,0.16662,0.2827096,43845.78130124685
308,300,0.22384356,0.32962298,3.4211762,1.462813,0.5768242,0.6540597,0.18852328,0.15125863,0.28314662,43743.565347162155
309,300,1.285984,-1.5069984,3.4194355,1.4753591,0.46038896,0.61716574,0.21902347,0.14291129,0.29067,43525.47093717491
310,300,0.67646074,-0.38200897,3.4154372,1.4677379,0.48193446,0.6443114,0.2045458,0.14364426,0.2858579,43584.786589669755
311,300,-0.22425893,-0.30224973,3.406856,1.4702725,0.49075028,0.6329831,0.16969283,0.14689732,0.28501743,43583.4364482211
312,300,-0.3751471,-1.2261962,3.4131622,1.4769571,0.46984226,0.59971046,0.16947313,0.14712068,0.28923818,43519.33352788535
313,300,0.1833392,1.670943,3.444528,1.4524724,1.1535859,0.647435,0.2180663,0.19884752,0.28114608,44761.78075937147
314,300,-0.05613302,-0.0013850428,3.4053016,1.4674957,0.5041893,0.6454341,0.17267801,0.14672467,0.28342453,43617.128504001856
315,300,-0.687299,-0.11747455,3.3992646,1.4711025,0.49426943,0.6057088,0.16727825,0.15460275,0.2838513,43619.02854071308
316,300,0.46616644,-0.37024245,3.4115257,1.4687434,0.484341,0.6423683,0.19135101,0.1445454,0.28566417,43582.594584668645
317,300,-0.45380405,0.40326455,3.3997576,1.468075,0.5959846,0.61615825,0.1694882,0.17656434,0.28236735,43865.989314562175
318,300,-0.91800475,0.25249663,3.390044,1.4708264,0.54506105,0.5831187,0.16810165,0.17998996,0.28238833,43812.274645194855
319,300,0.8203218,1.3599485,3.453055,1.4470823,1.060713,0.66756964,0.23322576,0.18413377,0.2822808,44571.09585388675
320,300,-0.09038201,1.3675972,3.432009,1.4583855,1.0897138,0.63618684,0.19853407,0.19821429,0.28125855,44659.59764835816
321,300,1.0344099,-0.99621266,3.4171119,1.4721341,0.4668901,0.6300922,0.21252231,0.14319491,0.2887308,43547.25079859061
322,300,-1.2179385,-0.30496365,3.395544,1.4741852,0.48242038,0.5665764,0.16266052,0.16126063,0.2846207,43621.86215822384
323,300,1.0289356,-0.07228701,3.4295824,1.461572,0.4963107,0.65723217,0.22989959,0.1425338,0.28494525,43627.17526830646
324,300,-0.6006576,1.5522432,3.4184453,1.4623939,1.1272888,0.60015875,0.17944708,0.19977093,0.28051543,44737.4684472693
325,300,0.28690448,-2.3205943,3.420523,1.4822807,0.45790657,0.5791236,0.18447289,0.14628339,0.29291552,43482.03559876877
326,300,0.31716064,0.52004063,3.4278333,1.4604442,0.64924604,0.656422,0.19719446,0.15654074,0.28298026,43867.79490348305
327,300,0.22560866,0.4497121,3.4238482,1.461871,0.6232902,0.6539626,0.19165628,0.15598449,0.28299528,43826.89428507974
328,300,-0.067275606,-1.3183959,3.4145539,1.4771605,0.46918783,0.6062691,0.17514282,0.14669682,0.28964245,43520.17080294577
329,300,-0.370704,-0.94561577,3.4111834,1.4751498,0.4744283,0.60899824,0.16894953,0.14706194,0.2880705,43534.93370593464
330,300,-0.9327409,-1.2630683,3.4100487,1.47818,0.46555758,0.57154757,0.16111629,0.14915952,0.28914246,43512.72784583333
331,300,0.45248908,0.097896144,3.4211717,1.4633389,0.5142622,0.6553001,0.19925536,0.1445126,0.2837508,43640.023719914105
332,300,-0.44816536,-0.64933795,3.408255,1.4733274,0.47925773,0.614148,0.16669574,0.1475101,0.2866693,43552.000149608015
333,300,-0.023423105,1.0791948,3.42877,1.4598577,0.9763328,0.6412642,0.19504157,0.19377702,0.2817854,44475.59540069164
334,300,-2.0042157,0.37687653,3.3702188,1.4750243,0.5733961,0.5051212,0.16337062,0.19809811,0.28166735,43976.95792941024
335,300,-0.545712,-1.8845859,3.4169965,1.4809282,0.46146414,0.56987387,0.16810286,0.14752546,0.2915216,43488.225380622054
336,300,-1.945703,-0.9127835,3.3964615,1.4790622,0.46330464,0.5187968,0.1559892,0.1617764,0.287172,43587.42830693584
337,300,0.21950956,0.39306292,3.4224553,1.4623716,0.60029984,0.6538739,0.18997887,0.15373664,0.28306514,43785.86075065401
338,300,-0.9389816,1.017021,3.3955758,1.468185,0.89438105,0.5723291,0.16661328,0.19895941,0.2808572,44412.30229947076
339,300,1.4229835,0.39608657,3.4479704,1.4523355,0.5601032,0.6701914,0.24175568,0.14240609,0.28425288,43728.25272879897
340,300,-0.59140265,1.1244192,3.409853,1.4650092,0.97897565,0.60259914,0.1739106,0.19865806,0.28112033,44511.70719703098
341,300,0.7553957,0.86740744,3.4443805,1.4527236,0.8080426,0.6662005,0.22288361,0.1601124,0.28282565,44115.69801133401
342,300,-0.6564637,-2.8345544,3.4226594,1.4854009,0.45534533,0.5332308,0.16809253,0.14790848,0.2940408,43466.1784442021
343,300,2.116791,-1.6108783,3.4293406,1.4729344,0.45682278,0.62344193,0.24337663,0.1412999,0.2913082,43530.77907112651
344,300,-0.035768073,2.3807454,3.4495475,1.4489552,1.1947942,0.63301474,0.22329845,0.19996163,0.27967697,44846.58769704013
345,300,0.33057675,0.94924647,3.4363813,1.4567844,0.8940059,0.6561284,0.20859891,0.1795106,0.28241092,44304.977240208325
346,300,-1.5023966,-1.7776669,3.4102006,1.4818408,0.45854482,0.52772826,0.1565239,0.15185861,0.2907823,43507.105458314334
347,300,-0.5327028,1.0907497,3.4111533,1.4647446,0.9647335,0.6075771,0.17481264,0.19826514,0.2812615,44486.07909877644
348,300,-0.34624946,-0.7946363,3.410171,1.4740813,0.47748405,0.6146163,0.16898361,0.14702076,0.2874039,43544.774747962874
349,300,0.19796729,1.0819352,3.4352515,1.4572558,0.9747006,0.6510577,0.2054764,0.1895134,0.2820715,44458.188701449595
350,300,-1.4449402,-1.210543,3.405467,1.4789099,0.4631101,0.5438253,0.15677455,0.15252765,0.28860763,43527.797279230945
351,300,-0.7886692,1.0946383,3.4022443,1.4667346,0.9505025,0.58527774,0.16957198,0.1989769,0.2808774,44484.48287316134
352,300,0.23482153,2.1321535,3.4521751,1.4474934,1.1886251,0.64728415,0.22845712,0.1997835,0.28047943,44828.485892107805
353,300,0.9364457,-0.035095178,3.4285848,1.461748,0.49916306,0.6571085,0.22612971,0.14278047,0.28471702,43629.824212520005
354,300,1.2650778,0.21149701,3.4413786,1.4561788,0.5261638,0.6656289,0.23832129,0.14230971,0.2844727,43677.33443084676
355,300,-0.70492136,0.67997485,3.3968692,1.4683353,0.7115064,0.5942671,0.16771439,0.1936225,0.28167808,44108.05163327533
356,300,-0.6963267,-0.2903971,3.401992,1.4718807,0.48460874,0.60651886,0.16505155,0.1506518,0.28468478,43581.75884960318
357,300,1.3277828,-0.10128149,3.4351125,1.4598725,0.4936748,0.6595646,0.23926409,0.14192216,0.28538603,43627.8685123934
358,300,-0.8031414,-0.46433768,3.4033186,1.4731396,0.47875488,0.59837073,0.16300939,0.15013172,0.28550375,43563.03527562667
359,300,1.0217906,-0.55254066,3.4201958,1.4677225,0.474811,0.6433048,0.22109622,0.1427016,0.28685722,43577.91216343175
360,300,-0.38687086,-0.51029277,3.4074898,1.4722065,0.48306325,0.6207336,0.16731647,0.14738232,0.286008,43563.14156123409
361,300,0.1839255,-0.38548976,3.4084888,1.4700539,0.48818877,0.6398709,0.178131,0.14591742,0.28562748,43582.55431176522
362,300,-1.6018361,-0.8871809,3.4001808,1.4778383,0.46529347,0.5401705,0.15713257,0.15606141,0.2871585,43557.8951494842
363,300,-0.932789,1.2433194,3.400399,1.4669573,1.0155798,0.5719124,0.16846302,0.19958949,0.28046578,44596.29656077891
364,300,0.81267405,0.58725935,3.4406736,1.4549326,0.64599526,0.6665238,0.22133756,0.14825138,0.2832343,43848.67533061384
365,300,-0.50535834,-0.81579155,3.40927,1.4745685,0.47541386,0.6066198,0.16625854,0.14760953,0.28742772,43540.02720106802
366,300,-0.5075176,-1.0518801,3.411204,1.4760679,0.47145805,0.5994596,0.16689356,0.14744084,0.28846687,43525.910370254285
367,300,2.4972005,-2.2453218,3.4313009,1.4766994,0.4534959,0.60575366,0.24535291,0.14111,0.29320723,43508.27891202414
368,300,0.56400853,-1.2845523,3.4142857,1.4758548,0.46685284,0.61852574,0.18929991,0.14528337,0.28974646,43527.53812915473
369,300,-0.10434349,-0.98800194,3.4123864,1.4750655,0.4750507,0.6164968,0.17364033,0.14668138,0.28832138,43538.44663138808
370,300,-1.177629,-1.1401963,3.4070358,1.4779445,0.4654027,0.5608005,0.15850332,0.15072367,0.2884523,43522.58125046936
371,300,1.7549862,-0.13298842,3.4425423,1.4571965,0.49071783,0.662924,0.24599878,0.1412923,0.2859664,43626.94690770126
372,300,-0.7657022,0.55578697,3.3936648,1.4691889,0.6460624,0.5905926,0.16736323,0.19081971,0.28183174,44003.54090011203
373,300,0.010349315,0.72003376,3.4228024,1.4621475,0.7735132,0.6448043,0.1884174,0.17930079,0.28237146,44127.79746735486
374,300,-1.8242567,0.30360392,3.3744893,1.4745202,0.5559025,0.5163272,0.16393217,0.19645828,0.28196466,43931.20331947187
375,300,0.7726948,-1.6615983,3.4168186,1.4778309,0.46171528,0.60899425,0.19646236,0.14485651,0.29112494,43512.26216415276
376,300,0.44819528,1.6961815,3.4506464,1.4486357,1.1542904,0.6575925,0.22820808,0.19784918,0.28145617,44761.596509845695
377,300,-0.014857704,0.82140595,3.4240158,1.4616829,0.8329989,0.64309525,0.1894939,0.18513697,0.28218678,44235.56012605983
378,300,0.67057043,-0.7075057,3.4131844,1.4710596,0.47444218,0.6349556,0.19703603,0.14415345,0.28734696,43559.75853618901
379,300,0.039766736,-1.5669947,3.4161394,1.4785272,0.46546054,0.60050654,0.17763332,0.14652544,0.29056126,43508.67441787588
380,300,-0.45130304,0.26568797,3.3984566,1.4686143,0.55191606,0.61758274,0.16980985,0.1675457,0.2826098,43765.916189172145
381,300,0.7231005,0.024612125,3.4254587,1.4624507,0.50496536,0.6563068,0.2155858,0.14341709,0.28428105,43633.499465869616
382,300,0.71998376,-1.1029062,3.4142647,1.4741114,0.4681149,0.6247163,0.19655049,0.14440317,0.2890244,43537.883508112456
383,300,-0.10169727,0.019279385,3.4044442,1.467631,0.506632,0.642704,0.17253868,0.14779434,0.28332537,43624.293776626146
384,300,1.8495913,-0.21416666,3.442516,1.4575616,0.4861358,0.6621163,0.24667941,0.14116532,0.2863142,43619.31649791114
385,300,-0.49901664,0.021351224,3.3992255,1.4696344,0.50691897,0.61758614,0.16991505,0.15546086,0.2832561,43648.56881276784
386,300,-0.91911346,0.19275385,3.3906016,1.4709705,0.5334504,0.58396715,0.16820481,0.1767821,0.2825667,43780.50228658604
387,300,-0.3650552,-1.7913276,3.416986,1.4802363,0.46286103,0.5798693,0.17072138,0.1472193,0.29125232,43493.427540403376
388,300,-0.058586553,-0.3175431,3.4079034,1.4700439,0.492486,0.6382154,0.172874,0.14647415,0.28517538,43587.50449319341
389,300,-1.6324233,-0.06713416,3.385077,1.4750602,0.49843,0.5325031,0.1630666,0.18399557,0.28346974,43764.68344295958
390,300,1.4893559,0.5213038,3.4513164,1.449928,0.5915973,0.6726036,0.24285194,0.14267135,0.28405383,43773.53723542433
391,300,0.6119272,-1.3414967,3.4147365,1.4761184,0.46588066,0.6172787,0.19101517,0.14515689,0.28996748,43525.219973649575
392,300,0.47689837,0.14844958,3.4231691,1.462595,0.5215958,0.6566378,0.20072258,0.14466731,0.28366464,43651.91285738368
393,300,0.5290452,0.4226286,3.4311402,1.4592102,0.5939833,0.6609055,0.20499712,0.14840874,0.2832337,43767.32861840175
394,300,-1.3597807,-0.041400813,3.388546,1.4738301,0.5007721,0.55227023,0.16452225,0.17776434,0.283399,43734.53965317371
395,300,-0.75787085,-0.050084095,3.3970885,1.4711728,0.49964458,0.59947455,0.167764,0.1589962,0.28352773,43647.2309146171
396,300,-0.8974009,1.3124703,3.4031222,1.466279,1.0469899,0.574968,0.1697483,0.19967005,0.2804011,44640.67646793111
397,300,-0.8589724,-0.8989422,3.4073093,1.4758544,0.47085023,0.58556175,0.1614313,0.14924094,0.28757697,43531.95740459581
398,300,0.07458641,-1.0770991,3.4129534,1.4754152,0.4728072,0.6182156,0.17703217,0.14639404,0.28873032,43535.247337068984
399,300,-0.4246633,-0.8299646,3.4099278,1.4744741,0.47598046,0.60999787,0.16769187,0.14727463,0.2875306,43540.75135176917
400,300,1.411172,0.78580385,3.4547446,1.4466279,0.70120716,0.6752232,0.24148944,0.14522491,0.28350213,43928.69330914543
401,300,-0.057469517,-0.39121705,3.4084158,1.4706304,0.49013162,0.6361725,0.17307208,0.14648998,0.28555635,43581.520853886366
402,300,0.9409176,0.4052041,3.4395175,1.456062,0.56958616,0.6663,0.22654259,0.14421447,0.2836733,43735.187647486055
403,300,0.49805242,-0.026192237,3.4185028,1.464488,0.500981,0.6526778,0.20163497,0.1440981,0.28415287,43620.62881487753
404,300,-1.68823,-0.112465985,3.385173,1.4754413,0.49438736,0.52915466,0.1625727,0.18345144,0.28365904,43755.930835709245
405,300,-0.5324899,0.6450553,3.4016442,1.4673927,0.70482373,0.60870427,0.16987759,0.19017644,0.28187743,44078.81869435255
406,300,1.0118425,-0.65795106,3.418861,1.4689302,0.47252518,0.64007354,0.21818626,0.14286295,0.28730595,43569.66531552524
407,300,0.46838522,1.735879,3.4515944,1.4479704,1.1591877,0.65811414,0.22948533,0.19805007,0.28142,44770.52113730145
408,300,-0.66771275,1.6819217,3.4188266,1.4621092,1.1493967,0.59398127,0.1794412,0.19988468,0.28023612,44777.41087588294
409,300,-0.85258585,0.022959756,3.3944268,1.4713187,0.5072459,0.59126323,0.16773152,0.16542497,0.28319573,43687.922069132626
410,300,-0.011145612,0.0114989,3.4061646,1.4671577,0.50601655,0.64755523,0.17333677,0.1464708,0.28337574,43619.90171339478
411,300,-0.837678,-0.5911831,3.404424,1.4739563,0.47600016,0.5941626,0.16207275,0.14980903,0.28610963,43552.58363665949
412,300,-0.66772026,0.3269626,3.3942893,1.4695096,0.56473905,0.6008857,0.16851878,0.17757925,0.28234404,43827.872576956586
413,300,0.33003512,2.2259443,3.4552646,1.4451553,1.1913936,0.6508674,0.23261485,0.19980492,0.28045768,44835.2299527969
414,300,1.370989,-0.50984323,3.427652,1.4650425,0.47443938,0.6492306,0.23670506,0.14183515,0.2869165,43588.07935231745
415,300,0.3248696,0.997118,3.4370718,1.4564476,0.9220009,0.65582836,0.20945418,0.1821883,0.28233975,44355.50802912198
416,300,0.030601824,-0.069641575,3.4062762,1.4677911,0.5008211,0.6462343,0.1740896,0.14624783,0.28386056,43609.868633437494
417,300,0.05157494,0.8672766,3.427084,1.4606246,0.8601577,0.6458676,0.19368422,0.1851431,0.28220594,44274.84841544632
418,300,-0.84832054,-0.32566947,3.400621,1.4726968,0.48240873,0.59544796,0.16396214,0.15243277,0.2848018,43582.8718317902
419,300,0.47043315,0.31144708,3.4272685,1.4607965,0.55874693,0.6592248,0.20064475,0.14670151,0.28334722,43710.394830134595
420,300,0.23958276,-0.36980116,3.4087162,1.4697318,0.48771563,0.6405153,0.18018326,0.14560848,0.28554904,43582.985603690264
421,300,0.9725358,2.1338682,3.4646852,1.436172,1.1854556,0.6699941,0.24343003,0.19842258,0.28132203,44823.04228138955
422,300,0.4064155,-0.1931767,3.412269,1.4671171,0.49098167,0.6467771,0.19199224,0.14448833,0.28475153,43597.91770196549
423,300,0.7557403,-0.53913265,3.415335,1.4690143,0.47707736,0.64072704,0.20554352,0.14359082,0.2866283,43573.37389704246
424,300,-0.74969035,0.032808747,3.3956404,1.4707924,0.50839335,0.59906816,0.16843589,0.16281144,0.2831708,43679.14913962364
425,300,-2.5827966,-1.1539503,3.392046,1.4818032,0.4588358,0.48763597,0.15386699,0.17085569,0.28797075,43632.44087240987
426,300,-0.34796184,-1.3533889,3.4141078,1.4777054,0.46816903,0.59633595,0.17009492,0.14709719,0.2897326,43513.34681847375
427,300,-1.0326431,-0.43674833,3.400138,1.4739314,0.47747496,0.5821461,0.16203883,0.15350114,0.28528515,43574.96507653911
428,300,-1.6429653,-0.40607178,3.3915873,1.4762526,0.47720125,0.5356107,0.16015227,0.1694748,0.2849909,43653.794516401176
429,300,-0.53527015,0.025405208,3.3986673,1.4697936,0.5074206,0.6149832,0.16971609,0.15652713,0.28323406,43653.311230757434
430,300,1.154184,0.17250441,3.4383774,1.457545,0.52100223,0.66383904,0.23514087,0.14248882,0.2844324,43667.95191034202
431,300,0.021062022,0.099454455,3.4094827,1.4662853,0.52183545,0.6484093,0.17604625,0.14812852,0.2832846,43649.27121112752
432,300,0.22739278,-1.0167387,3.412247,1.4747689,0.4729632,0.623119,0.17954156,0.14613812,0.2885752,43539.94096216859
433,300,-0.11477532,0.30875126,3.409043,1.4661989,0.57654184,0.64059705,0.1747864,0.16048501,0.2828618,43772.36098063832
434,300,-1.37076,0.8656529,3.381602,1.4711707,0.7792042,0.538847,0.1639201,0.19912873,0.28076524,44271.8590986116
435,300,1.0813761,-0.63137597,3.4204168,1.4682698,0.47263366,0.641613,0.22260195,0.14261834,0.28723884,43573.06873224816
436,300,-0.24133779,-0.87819034,3.4112134,1.4744911,0.47678226,0.6161028,0.17089285,0.14684269,0.28782505,43542.39602024268
437,300,0.69938046,-1.0612223,3.4139934,1.4738598,0.46883836,0.62570924,0.19585738,0.14443731,0.28885043,43539.89624001325
438,300,-0.222477,-0.8589199,3.4111423,1.4743294,0.47730592,0.6173669,0.17115708,0.1468103,0.2877444,43544.07964963168
439,300,0.05095428,-1.7942293,3.417556,1.479808,0.46282172,0.592579,0.1784293,0.14654584,0.2913195,43498.593944057066
440,300,1.3264617,-0.9646064,3.42168,1.4704808,0.46556976,0.6345635,0.22793624,0.14233066,0.28872538,43555.19584277258
441,300,0.059894685,-0.21252304,3.4071467,1.468976,0.49523136,0.64318156,0.17467108,0.14625524,0.28467277,43597.15012424132
442,300,-0.7621145,-0.88778013,3.4079535,1.4755812,0.47184834,0.5913218,0.16255434,0.14876722,0.28759104,43532.86931104029
443,300,0.93639857,-0.5256406,3.4188592,1.4678956,0.476026,0.6430904,0.21698824,0.14292863,0.28668445,43578.267141386386
444,300,0.2711702,-0.80149686,3.410957,1.4731634,0.47694945,0.6298468,0.18010879,0.14593138,0.28767008,43553.193374515155
445,300,-0.64718145,0.47224715,3.3957052,1.4688742,0.61513835,0.6008623,0.16817859,0.18522784,0.28207874,43932.479103561185
446,300,0.9304085,-0.17531641,3.4247553,1.4634805,0.4902024,0.6536875,0.22461157,0.1427082,0.28518704,43613.68882298127
447,300,-1.4219198,1.997956,3.3994308,1.4662545,1.1752635,0.52831,0.1670941,0.19999374,0.2785778,44909.59529498383
448,300,-0.8565493,-1.5415874,3.412852,1.4795556,0.46311864,0.566587,0.16286129,0.14851221,0.2902506,43500.17282360315
449,300,2.5944245,-0.4040323,3.4512906,1.454533,0.47626388,0.66499066,0.24942262,0.1405598,0.28764588,43604.84110432607
450,300,-1.4617327,-0.6834398,3.3988557,1.476558,0.46907318,0.5507619,0.15857339,0.15663469,0.28631192,43570.28184592952
451,300,0.3675449,0.19031155,3.4217381,1.4628396,0.53067446,0.656302,0.19380653,0.1457113,0.28345987,43663.76753063535
452,300,-0.8517292,1.8227236,3.4155443,1.4627284,1.1653366,0.57756317,0.17668843,0.19995764,0.27976292,44820.5311628793
453,300,-0.5215797,-1.1846865,3.4121995,1.4769173,0.46941048,0.5947062,0.16702841,0.14741474,0.2890101,43518.427559841366
454,300,0.9606934,1.3290628,3.4550583,1.445579,1.0409365,0.6703847,0.23574986,0.17835689,0.28241915,44520.61473536435
455,300,-0.8174931,-1.4013473,3.4119797,1.4787278,0.46474388,0.57298875,0.16305809,0.14846273,0.28974456,43505.929863771475
456,300,1.0304383,-2.0473237,3.4195611,1.4795913,0.4579273,0.5992368,0.20589793,0.14426579,0.29235107,43500.7754447555
457,300,-1.2266216,0.96744615,3.3862505,1.4700613,0.84587336,0.54904675,0.16432649,0.19927052,0.28068262,44363.4201151376
458,300,-0.055352546,-0.26393735,3.4075308,1.4696046,0.49428296,0.63976985,0.1728081,0.14645912,0.2848935,43592.07967011713
459,300,0.3528166,-0.15277442,3.4117126,1.4669504,0.49325478,0.64737433,0.18970157,0.14467432,0.2845088,43601.483482027754
460,300,-1.2986867,1.2760754,3.3887982,1.4691873,1.0083377,0.54066837,0.163956,0.19983016,0.2800631,44624.209316838766
461,300,1.325014,0.20533256,3.4423306,1.4558095,0.52492625,0.6660062,0.2398106,0.14217249,0.28455982,43676.32984974936
462,300,0.045134015,2.339625,3.4508126,1.4482154,1.1941047,0.63733006,0.22565034,0.19994399,0.2798587,44843.76377277315
463,300,-0.27643284,-0.25957698,3.4060512,1.4700767,0.49115098,0.6315703,0.16864552,0.14716339,0.28473234,43585.44311717221
464,300,0.36448124,1.471322,3.4456367,1.4518528,1.1138573,0.65558404,0.22118649,0.19597664,0.28169513,44690.58069514703
465,300,1.5927707,-0.25857264,3.4367821,1.4600246,0.48436445,0.65868276,0.24371564,0.14145774,0.2861861,43613.87297057129
466,300,0.30833125,-1.3780835,3.414466,1.4770148,0.46681535,0.61298764,0.18204798,0.14607026,0.2900145,43520.80623517416
467,300,-0.3119761,-0.84029037,3.4106784,1.4743397,0.47692078,0.61467075,0.16968529,0.14694683,0.28762978,43542.84717114144
468,300,-1.0068318,1.6815767,3.4073648,1.4649019,1.1440722,0.5642792,0.17151453,0.19994448,0.2796893,44803.2049537868
469,300,-0.79228663,-0.5316059,3.404191,1.4734733,0.4776056,0.59809786,0.1626807,0.14968659,0.28583923,43557.12821034977
470,300,0.36584878,1.2978252,3.4430218,1.4533734,1.0613278,0.6562457,0.21783659,0.19247134,0.2819553,44598.64270241119
471,300,0.48111513,2.759355,3.4638035,1.4370482,1.1983562,0.65440965,0.2412501,0.19996415,0.279791,44859.701957009835
472,300,-0.074667975,0.25871643,3.409464,1.4661518,0.5615703,0.6431379,0.17533793,0.15662947,0.28296813,43736.532047918925
473,300,0.27560067,1.4350494,3.4430451,1.4533279,1.1067569,0.65251887,0.21682358,0.19635016,0.281634,44680.08423537271
474,300,0.5072389,-0.1162297,3.4162042,1.4654953,0.49476957,0.6503941,0.20093878,0.14400102,0.2844963,43609.63562176164
475,300,-0.9474886,0.24444346,3.3896313,1.4709735,0.5434102,0.5809251,0.1680002,0.18036537,0.28240108,43811.78383212151
476,300,1.4013448,-0.4103818,3.4299805,1.4634854,0.47782597,0.6525224,0.23892191,0.14173238,0.2865503,43597.38127058448
477,300,0.5289436,0.24614778,3.4270558,1.4610916,0.5392057,0.6592621,0.20382702,0.14519097,0.2835277,43680.46766446526
478,300,0.86351967,-0.8047537,3.4154391,1.4711256,0.4709802,0.63399494,0.20625772,0.1435557,0.2878673,43556.095627811104
479,300,2.346647,-1.2791611,3.4355643,1.4684623,0.4586225,0.6369879,0.24729446,0.14085627,0.29036647,43546.261839921375
480,300,-0.36555108,0.9380925,3.413741,1.4643633,0.88826936,0.6211811,0.17691475,0.19546078,0.28170207,44357.79999490293
481,300,0.29673317,0.82998616,3.4333673,1.4581442,0.8251738,0.6553963,0.20423417,0.17414299,0.28254426,44185.04732636831
482,300,-0.49610233,-0.074804984,3.4009943,1.4700195,0.49764037,0.6189336,0.16890396,0.1519155,0.28368676,43617.27292259658
483,300,0.012231983,1.5692596,3.4385092,1.4555366,1.1379015,0.64017785,0.20834532,0.19892772,0.2810665,44736.36408886055
484,300,0.69042903,0.7966721,3.441846,1.4541227,0.77096725,0.6648704,0.2191239,0.15861596,0.28287035,44056.51470334312
485,300,-0.6579261,0.9688826,3.404119,1.4664726,0.8882538,0.59718347,0.17073968,0.19777222,0.28123456,44379.67156542218
486,300,0.22558166,1.3891454,3.4411383,1.4543678,1.0951333,0.6506716,0.21375757,0.1962049,0.28163928,44661.51303835786
487,300,2.0140603,-0.30676576,3.4435687,1.4576143,0.48129287,0.6617333,0.24767454,0.14097972,0.28677654,43611.177120145105
488,300,-0.40630314,-0.86404496,3.4103441,1.4746608,0.47554687,0.6098915,0.16810524,0.14718823,0.28769165,43539.033809735585
489,300,-0.14357951,-0.38202545,3.4080427,1.4706918,0.4897162,0.634074,0.1715241,0.14660601,0.2854854,43579.85515512096
490,300,0.3595044,-0.14456682,3.412017,1.4668052,0.49363276,0.64771533,0.19038428,0.14463104,0.28447556,43602.567872312255
491,300,-0.36159927,1.0645851,3.4165797,1.46351,0.958267,0.6210945,0.17922123,0.19717671,0.28151673,44465.20019351733
492,300,-0.9378802,0.43310794,3.389073,1.470484,0.59269345,0.5783332,0.16693483,0.18901841,0.28194773,43922.60515963977
493,300,-0.40594172,0.7243685,3.4077392,1.4659803,0.75951755,0.618855,0.17318527,0.19079682,0.2819249,44156.27332952455
494,300,1.3852615,-0.30309826,3.4317045,1.4620984,0.4825308,0.6552951,0.23956683,0.14175633,0.28613162,43607.66848306326
495,300,0.44103292,0.17879286,3.4231489,1.462477,0.52710783,0.65691876,0.19837305,0.14508612,0.28355396,43659.6203229054
496,300,-0.7994224,0.2407875,3.392087,1.4703277,0.54279417,0.592476,0.16859797,0.17598121,0.28246498,43790.246091228655
497,300,0.2891205,0.41287082,3.4248223,1.4615567,0.6041704,0.65574306,0.19322981,0.15280302,0.28308862,43789.571476590776
498,300,-0.1983989,0.0941923,3.4026914,1.4678943,0.51774395,0.63620365,0.171724,0.15189934,0.28310275,43654.97267354809
499,300,-1.1476109,-0.35811406,3.3972654,1.47411,0.4800998,0.572386,0.16237877,0.15768707,0.28487957,43600.29786757679
0,400,1.7640524,0.4001572,3.466673,1.4837232,0.45174348,0.668298,0.23522326,0.14262359,0.29252908,43506.24401041926
1,400,0.978738,2.2408931,3.4819996,1.4834733,1.1994879,0.6901861,0.17481305,0.19892122,0.29241073,44675.543681163464
2,400,1.867558,-0.9772779,3.4585338,1.4847362,0.45235497,0.6487626,0.22986801,0.14230269,0.2933095,43488.61872734391
3,400,0.95008844,-0.1513572,3.455502,1.4844241,0.45371136,0.65662605,0.21442136,0.14289044,0.29258648,43491.13092393967
4,400,-0.10321885,0.41059852,3.4549522,1.4846252,0.6275765,0.6624118,0.17353587,0.15608773,0.29233068,43743.57739290802
5,400,0.14404356,1.4542735,3.471584,1.4842199,1.1959898,0.68126744,0.16359076,0.1953947,0.29237038,44653.01097660644
6,400,0.7610377,0.121675014,3.4563634,1.4842979,0.45428503,0.65983844,0.2102889,0.14331847,0.29241854,43493.13051658242
7,400,0.44386324,0.33367434,3.4574547,1.4843056,0.46312928,0.6636032,0.19772238,0.14621627,0.292351,43509.875204363656
8,400,1.4940791,-0.20515826,3.459472,1.4842589,0.45211458,0.65848726,0.22844648,0.14227968,0.29271114,43495.70152797135
9,400,0.3130677,-0.85409576,3.4510436,1.4852021,0.46119452,0.6446802,0.18768427,0.14505008,0.29309893,43482.52244232109
10,400,-2.5529897,0.6536186,3.4571338,1.4857504,1.1999786,0.629465,0.15156744,0.19526139,0.29267478,44680.1081236824
11,400,0.8644362,-0.742165,3.4524603,1.4849138,0.45610058,0.6479768,0.20390756,0.14376014,0.29301858,43484.21812560568
12,400,2.2697546,-1.4543657,3.4597497,1.4849523,0.45208585,0.64372313,0.2340723,0.14226253,0.29368237,43485.88048081274
13,400,0.045758516,-0.18718386,3.4489715,1.4847903,0.460055,0.65218633,0.18562694,0.144533,0.292504,43485.7565297344
14,400,1.5327792,1.4693588,3.4773579,1.4833001,0.69654334,0.6846494,0.2187852,0.17270985,0.29243535,43938.06686402338
15,400,0.15494743,0.37816253,3.4562647,1.4844651,0.5060374,0.66367626,0.18386671,0.15084532,0.29232475,43574.2554401712
16,400,-0.88778573,-1.9807965,3.455156,1.486224,0.49855545,0.6082445,0.17169142,0.14683844,0.29400545,43503.37467034853
17,400,-0.34791216,0.15634897,3.4501219,1.4847949,0.5387036,0.6526052,0.17425066,0.14918785,0.29235473,43597.41815947619
18,400,1.2302907,1.2023798,3.4735146,1.4835689,0.6095771,0.6810303,0.21221596,0.16564405,0.29241055,43792.03610977356
19,400,-0.3873268,-0.30230275,3.449444,1.4849787,0.46487677,0.6444154,0.1807526,0.14453223,0.29263565,43482.15363142869
20,400,-1.048553,-1.420018,3.4532294,1.4858851,0.4914814,0.61556107,0.17176583,0.14570405,0.29359582,43494.32713915922
21,400,-1.7062702,1.9507754,3.4696164,1.485129,1.2,0.67358685,0.15057668,0.19991952,0.29247332,44671.2202293217
22,400,-0.5096522,-0.4380743,3.4499192,1.4851015,0.46724656,0.6405709,0.17921233,0.14463417,0.29276294,43481.29651512516
23,400,-1.2527953,0.7774904,3.457487,1.4851303,1.1984525,0.6545578,0.15479569,0.18965155,0.29244453,44640.71911541744
24,400,-1.6138978,-0.21274029,3.4501808,1.4854994,0.93730557,0.6211519,0.16143048,0.15172544,0.2927693,44133.1288659345
25,400,-0.89546657,0.3869025,3.453033,1.4850231,1.1007072,0.6500902,0.16148794,0.1657514,0.29242444,44409.56049230747
26,400,-0.51080513,-1.1806322,3.4525247,1.4856093,0.47516084,0.6295549,0.17698318,0.14573218,0.2933753,43484.4473821169
27,400,-0.028182229,0.42833188,3.4558232,1.4845738,0.600985,0.66365695,0.17550845,0.1557187,0.29232723,43709.48442177422
28,400,0.06651722,0.3024719,3.4543,1.484539,0.4982604,0.6615597,0.18200654,0.14974007,0.29232067,43557.94700505714
29,400,-0.6343221,-0.36274117,3.4497175,1.485101,0.47183803,0.63870937,0.17725748,0.14460635,0.29272196,43484.75491295881
30,400,-0.67246044,-0.35955316,3.449706,1.4851142,0.47396547,0.63793314,0.17659704,0.14464375,0.29272467,43486.70091802178
31,400,-0.8131463,-1.7262826,3.4543145,1.4860413,0.49086857,0.61443084,0.17286293,0.14642677,0.29381302,43495.49708203471
32,400,0.17742614,-0.40178093,3.4496155,1.4849106,0.46005198,0.65000206,0.18715322,0.1446393,0.2927028,43484.75569138694
33,400,-1.6301984,0.46278226,3.4544432,1.4853547,1.1965338,0.6403802,0.15516666,0.18103732,0.29254007,44609.386971427266
34,400,-0.9072984,0.051945396,3.4501362,1.4850874,0.7304853,0.6414831,0.16703953,0.15151261,0.29248828,43850.05950673956
35,400,0.7290906,0.12898292,3.4561949,1.4843056,0.454463,0.6598057,0.20928957,0.14337985,0.29241067,43492.97078559373
36,400,1.1394007,-1.2348258,3.4534907,1.4851828,0.4563028,0.6423432,0.20705271,0.14407472,0.29343033,43482.391638099696
37,400,0.40234163,-0.6848101,3.4505348,1.4850444,0.45956776,0.64714736,0.19072452,0.14469112,0.29295868,43483.63938306455
38,400,-0.87079716,-0.5788497,3.4504688,1.4853059,0.47723547,0.63116014,0.17486429,0.1447068,0.2929254,43484.8816490798
39,400,-0.31155252,0.05616534,3.44911,1.4847938,0.48949343,0.6507971,0.17777938,0.14652115,0.29236326,43525.2159535157
40,400,-1.1651498,0.9008265,3.4588792,1.4850614,1.1991131,0.65893346,0.15437412,0.1926864,0.29242212,44652.15811271986
41,400,0.46566245,-1.5362437,3.4531918,1.4856436,0.46364507,0.6357773,0.18760388,0.1457932,0.2936557,43479.90841860601
42,400,1.4882522,1.8958892,3.4808376,1.4832066,1.1466054,0.68864024,0.20593037,0.19172138,0.2924307,44597.91944918087
43,400,1.1787796,-0.17992483,3.457172,1.4843594,0.45294043,0.65733063,0.22077718,0.14261667,0.2926431,43493.03929783189
44,400,-1.0707526,1.0544517,3.46073,1.4849839,1.199584,0.6637638,0.15388125,0.19542022,0.292408,44661.66926900036
45,400,-0.40317693,1.222445,3.465708,1.4846305,1.1980369,0.6746117,0.15714629,0.19493103,0.29238153,44653.2713849803
46,400,0.20827498,0.97663903,3.4659173,1.4842896,1.0683732,0.67498565,0.17305677,0.17904213,0.29235005,44420.52006130178
47,400,0.3563664,0.7065732,3.462836,1.4842582,0.6473224,0.6710325,0.18443498,0.16075712,0.2923412,43797.05700151837
48,400,0.01050002,1.7858706,3.4745483,1.4842384,1.1997846,0.6844125,0.15775664,0.19881944,0.2923882,44666.827295894094
49,400,0.12691209,0.40198937,3.4565024,1.484477,0.5231952,0.66406256,0.18215144,0.15211317,0.29232547,43600.161902966465
50,400,1.8831507,-1.347759,3.4576058,1.4850073,0.45297527,0.6436675,0.22680655,0.14273429,0.29356727,43485.1045025297
51,400,-1.270485,0.9693967,3.4596071,1.4851007,1.1996485,0.6590643,0.15357669,0.19473971,0.29243296,44661.02085490106
52,400,-1.1731234,1.9436212,3.4709983,1.4848891,1.1999996,0.6784157,0.15110411,0.19985422,0.2924588,44669.31400232916
53,400,-0.41361898,-0.7474548,3.4509912,1.4852899,0.46901166,0.6380038,0.17900185,0.14512606,0.2930125,43482.43895432608
54,400,1.922942,1.4805148,3.4788516,1.4830713,0.526537,0.6850376,0.2314694,0.16384518,0.29247943,43696.52979386854
55,400,1.867559,0.90604466,3.4730854,1.4833606,0.45534864,0.67705196,0.23523462,0.14605263,0.29250687,43530.36023401318
56,400,-0.86122566,1.9100649,3.4719179,1.4847431,1.1999981,0.68053544,0.15172516,0.19975783,0.2924378,44668.46285005385
57,400,-0.26800337,0.8024564,3.4603577,1.4846396,1.1347933,0.66857713,0.16324541,0.17951538,0.2923565,44508.266991559074
58,400,0.947252,-0.15501009,3.455451,1.4844279,0.45373172,0.6565575,0.21428981,0.14289457,0.29258847,43491.04860041635
59,400,0.61407936,0.9222067,3.4672627,1.4840358,0.7148541,0.67560256,0.19047564,0.16586027,0.29235947,43910.245728736016
60,400,0.37642553,-1.0994008,3.45181,1.4853603,0.46195894,0.64160216,0.18779312,0.14529887,0.2933045,43481.46124464428
61,400,0.2982382,1.3263859,3.4708462,1.484148,1.1813436,0.6802214,0.16965875,0.19125731,0.29236546,44620.05990572148
62,400,-0.69456786,-0.14963454,3.449092,1.4850397,0.5011235,0.64013237,0.17418936,0.14578931,0.29256123,43527.074859166605
63,400,-0.43515354,1.8492638,3.4732306,1.4845152,1.1999804,0.68289924,0.15351658,0.19947585,0.29240865,44667.53759200872
64,400,0.67229474,0.40746182,3.460157,1.484164,0.46015814,0.66569304,0.20544487,0.14582543,0.29237795,43510.27955842487
65,400,-0.76991606,0.5392492,3.454805,1.4849349,1.1429312,0.65587044,0.16053116,0.17272115,0.29238838,44494.38934507252
66,400,-0.6743327,0.031830557,3.4495902,1.4849782,0.5763415,0.6447314,0.17122559,0.14875187,0.2924475,43637.87978334559
67,400,-0.6358461,0.67643327,3.4566648,1.48484,1.1634779,0.66112393,0.15997732,0.17872761,0.29236847,44545.67694328931
68,400,0.57659084,-0.20829876,3.4520044,1.4846137,0.45584506,0.653845,0.20158768,0.14346617,0.29257232,43486.80056516518
69,400,0.3960067,-1.0930616,3.451777,1.4853503,0.46174258,0.6417506,0.18819623,0.14526315,0.29330033,43481.462640557555
70,400,-1.4912575,0.4393917,3.454073,1.4852935,1.1928598,0.6420574,0.15610828,0.17787346,0.29251897,44590.14033207864
71,400,0.1666735,0.63503146,3.4606385,1.4843966,0.6950022,0.66894346,0.17851484,0.16158243,0.29233578,43857.86655415108
72,400,2.3831449,0.94447947,3.4755054,1.4831097,0.45226812,0.67824477,0.24247281,0.14417696,0.2925813,43523.842614318295
73,400,-0.91282225,1.1170163,3.4618776,1.484895,1.1995046,0.6670674,0.15427923,0.19580531,0.29239875,44661.75061460272
74,400,-1.3159074,-0.4615846,3.4500387,1.485435,0.5612322,0.62200224,0.16788337,0.145914,0.29290393,43592.78561686917
75,400,-0.0682416,1.7133427,3.473417,1.4843075,1.1997395,0.6833807,0.15730245,0.19862287,0.29238722,44666.27204839507
76,400,-0.74475485,-0.82643855,3.4513,1.485421,0.4746339,0.6311505,0.17596722,0.14499903,0.29310757,43482.41796459589
77,400,-0.09845252,-0.6634783,3.4507174,1.4851596,0.46420094,0.6441248,0.18251583,0.14518753,0.29292965,43483.47949179991
78,400,1.1266359,-1.0799315,3.453483,1.4850724,0.4557542,0.6444533,0.20823146,0.14380352,0.29330614,43483.22976183347
79,400,-1.1474687,-0.43782005,3.449985,1.4853508,0.5227623,0.6262714,0.16999438,0.14545111,0.29285923,43542.60350147358
80,400,-0.49803245,1.929532,3.4738064,1.4845358,1.1999917,0.68338114,0.15292257,0.19964062,0.29241496,44667.40416241245
81,400,0.9494208,0.08755124,3.4575307,1.484249,0.45345256,0.66021097,0.21586737,0.14301665,0.2924642,43494.33333674273
82,400,-1.2254355,0.844363,3.458251,1.4851035,1.198945,0.6566782,0.15448304,0.19153464,0.292435,44648.19261368629
83,400,-1.0002153,-1.5447711,3.453625,1.4859576,0.492825,0.6140928,0.17168456,0.14595887,0.29368576,43496.02372732892
84,400,1.1880298,0.3169426,3.4620361,1.484004,0.4532203,0.66490453,0.22287762,0.14324781,0.29245335,43501.57774249105
85,400,0.9208588,0.31872764,3.4602547,1.4841071,0.45466623,0.664103,0.2151932,0.14381807,0.29241693,43500.543037121184
86,400,0.8568306,-0.6510256,3.4526098,1.4848492,0.4557734,0.6491068,0.20487642,0.14361238,0.2929464,43484.81270443497
87,400,-1.0342429,0.6815945,3.4564316,1.48504,1.1925491,0.65545714,0.15678029,0.18371218,0.292418,44607.83143923678
88,400,-0.80340964,-0.6895498,3.4507952,1.4853482,0.474109,0.6314843,0.17583102,0.14480086,0.29300123,43481.64542981654
89,400,-0.4555325,0.017479159,3.4491014,1.4848741,0.5028607,0.6477674,0.17568232,0.14676668,0.29240772,43539.64995965021
90,400,-0.35399392,-1.3749512,3.4532077,1.485705,0.4745347,0.62921214,0.17810959,0.14617597,0.29352677,43485.24394196044
91,400,-0.6436184,-2.2234032,3.4560037,1.4863262,0.49543267,0.60884196,0.17335896,0.1475261,0.29417622,43502.3713626143
92,400,0.62523144,-1.6020577,3.4532804,1.4856464,0.4624658,0.6353389,0.1903335,0.14566413,0.29371357,43479.36328001084
93,400,-1.1043833,0.05216508,3.450487,1.4851829,0.87760776,0.6381847,0.16427454,0.15376762,0.29252914,44057.402066217925
94,400,-0.739563,1.5430146,3.4681368,1.4847472,1.1999534,0.6764324,0.15312952,0.19891521,0.29241577,44668.82145205235
95,400,-1.2928569,0.26705086,3.4523652,1.4852277,1.1473391,0.6407525,0.15933163,0.16575316,0.2925083,44477.22014461233
96,400,-0.039282817,-1.1680934,3.4523213,1.4855012,0.46683934,0.63737875,0.18138187,0.14588854,0.29335314,43482.34655750259
97,400,0.5232767,-0.17154633,3.4517503,1.4846041,0.45603916,0.65412545,0.2002692,0.1435241,0.29253614,43486.79294084607
98,400,0.77179056,0.82350415,3.4668028,1.4839615,0.5376151,0.6744977,0.2007694,0.15714034,0.292373,43655.321945185555
99,400,2.163236,1.336528,3.4784517,1.4830006,0.46773398,0.68349606,0.23760077,0.15326124,0.2925266,43582.12237428376
100,400,-0.36918184,-0.23937918,3.4492393,1.4849341,0.4647555,0.64536446,0.18091868,0.14448555,0.29258168,43482.85747099786
101,400,1.0996596,0.6552637,3.466302,1.4838473,0.4609168,0.67164475,0.21743365,0.14708875,0.29242152,43526.91105703606
102,400,0.64013153,-1.616956,3.4533205,1.4856523,0.46240625,0.63518375,0.1905763,0.14566231,0.2937255,43479.30124852255
103,400,-0.024326125,-0.7380309,3.4508934,1.4851985,0.46369982,0.6440265,0.18289854,0.14527774,0.29299277,43483.13454849241
104,400,0.2799246,-0.09815039,3.450097,1.4846387,0.45751473,0.6540321,0.19315128,0.14390236,0.29244465,43486.237929260984
105,400,0.9101789,0.3172182,3.4601603,1.4841123,0.45472422,0.6640433,0.21486235,0.14383602,0.29241556,43500.45469620596
106,400,0.78632796,-0.4664191,3.4526472,1.4847374,0.4555096,0.6512085,0.20511138,0.14343098,0.29279667,43485.814738356254
107,400,-0.94444627,-0.4100497,3.4499216,1.4852506,0.4937815,0.6313407,0.17270346,0.1450089,0.29280406,43507.0536198222
108,400,-0.017020414,0.37915173,3.4550352,1.4845774,0.5585216,0.6626887,0.17691801,0.15355316,0.29232508,43646.979049496746
109,400,2.259309,-0.042257152,3.4660726,1.4838421,0.45086533,0.6643748,0.24126394,0.14168553,0.29275656,43502.012205326435
110,400,-0.955945,-0.34598178,3.449634,1.4852296,0.50513136,0.6318186,0.17213482,0.14531945,0.29275864,43523.41740408265
111,400,-0.463596,0.48148146,3.454289,1.484791,0.9749811,0.65897685,0.16496117,0.16511308,0.29235208,44235.65184456591
112,400,-1.540797,0.06326199,3.4513216,1.48539,1.1198381,0.63075256,0.15936095,0.16021906,0.29261473,44420.592323663805
113,400,0.15650654,0.23218104,3.453629,1.4844975,0.47046947,0.66044044,0.18752313,0.14680049,0.29232097,43514.000246134776
114,400,-0.5973161,-0.23792173,3.4492683,1.4850259,0.47594067,0.64077413,0.17702849,0.14477871,0.2926156,43492.494070689994
115,400,-1.424061,-0.49331987,3.4501474,1.485495,0.5869318,0.61895883,0.16671129,0.14612839,0.29294443,43626.54399578413
116,400,-0.54286146,0.41605005,3.4533439,1.4848443,0.94798964,0.6561909,0.1651223,0.16246457,0.29236284,44188.52383531927
117,400,-1.1561824,0.7811981,3.4575527,1.4850814,1.1977874,0.65613145,0.15524544,0.18899041,0.2924291,44636.428047932735
118,400,1.4944845,-2.069985,3.4552183,1.4856759,0.4573271,0.6316012,0.20982009,0.14483604,0.2940812,43479.11292817931
119,400,0.42625874,0.676908,3.4627807,1.4842179,0.58140266,0.67080146,0.18824689,0.15775162,0.2923439,43703.017566841074
120,400,-0.63743705,-0.3972718,3.4498239,1.4851209,0.47099113,0.6382941,0.17744432,0.14459959,0.29274917,43483.36195376701
121,400,-0.13288058,-0.29779088,3.4494414,1.4849094,0.46232727,0.6486545,0.18326083,0.14467454,0.29260808,43484.3580833003
122,400,-0.30901298,-1.6760038,3.454156,1.4858975,0.47706288,0.6248782,0.17766136,0.14671727,0.29375988,43486.88544255459
123,400,1.1523316,1.0796186,3.4718032,1.4836543,0.5522504,0.67916703,0.21183185,0.16106781,0.29240394,43699.89874103764
124,400,-0.81336427,-1.4664243,3.453398,1.4858679,0.4861964,0.6191031,0.17337574,0.14597088,0.2936142,43490.867917241936
125,400,0.5210649,-0.57578796,3.4507265,1.4849125,0.45796546,0.64889634,0.19508761,0.14426282,0.29286286,43484.406142594955
126,400,0.14195317,-0.31932843,3.449356,1.4848603,0.45994103,0.6508949,0.186842,0.14458197,0.2926278,43485.17086101128
127,400,0.69153875,0.6947491,3.464579,1.4840468,0.502024,0.6719734,0.20039117,0.15330872,0.2923659,43593.374315404195
128,400,-0.7255974,-1.383364,3.4531472,1.4857941,0.48262954,0.62219375,0.1743752,0.1458964,0.293545,43488.331181776615
129,400,-1.5829384,0.6103794,3.455774,1.4853135,1.1985939,0.64503384,0.15440275,0.18671049,0.2925166,44633.447920604965
130,400,-1.1888592,-0.5068163,3.450275,1.4853966,0.5167656,0.62445,0.16985339,0.14526117,0.29291597,43532.59428815318
131,400,-0.596314,-0.052567296,3.4490252,1.4849629,0.50871587,0.6438822,0.17432116,0.14649054,0.2924746,43542.44938434573
132,400,-1.9362798,0.1887786,3.4527886,1.4855517,1.1925871,0.62701714,0.15550707,0.17264622,0.29265392,44576.77468022415
133,400,0.52389103,0.08842209,3.4539726,1.4844095,0.45547223,0.65817326,0.20258018,0.1436042,0.29238534,43490.333224667986
134,400,-0.31088617,0.097400166,3.449459,1.4847852,0.5022438,0.651771,0.17663044,0.14738388,0.29235485,43544.75654254835
135,400,0.39904633,-2.7725928,3.4570255,1.4864846,0.47396582,0.6151099,0.1818773,0.14791787,0.29454893,43481.865863972555
136,400,1.9559124,0.39009333,3.4677057,1.4836555,0.45135805,0.6688222,0.23813055,0.14234982,0.29256052,43506.63308726473
137,400,-0.6524086,-0.39095336,3.4498127,1.4851228,0.47181937,0.63802844,0.1771588,0.14460891,0.2927469,43484.11432043025
138,400,0.49374178,-0.11610394,3.4518294,1.4845706,0.45599625,0.65484506,0.20000888,0.14353253,0.2924894,43487.21477717264
139,400,-2.0306845,2.064493,3.470186,1.4852651,1.2,0.6721979,0.15033975,0.19996202,0.29249722,44671.257219408784
140,400,-0.11054066,1.0201727,3.4646301,1.484494,1.1706064,0.67402065,0.16348109,0.18666655,0.29235542,44584.803872129814
141,400,-0.69204986,1.5363771,3.4682794,1.4847248,1.1999402,0.6767797,0.15336,0.19882198,0.29241246,44668.40550255213
142,400,0.2863437,0.60884386,3.4609296,1.4843266,0.59497386,0.66894627,0.18385072,0.15759484,0.29233605,43716.36945064298
143,400,-1.0452534,1.2111453,3.4627256,1.4849423,1.1998546,0.6673404,0.15325913,0.19737622,0.29241025,44667.65261747695
144,400,0.68981814,1.3018463,3.4722738,1.4838969,1.0936141,0.6810196,0.18417129,0.18390423,0.29237062,44480.62255172582
145,400,-0.6280876,-0.48102713,3.45009,1.4851661,0.4696216,0.63764024,0.17787907,0.14463925,0.29281288,43481.30861561896
146,400,2.3039167,-1.0600158,3.4610763,1.4846387,0.45153987,0.64958227,0.23721033,0.14185551,0.29342398,43490.04198697919
147,400,-0.1359497,1.1368914,3.4661036,1.484484,1.1882762,0.67566156,0.16160178,0.19085063,0.2923616,44624.739300667316
148,400,0.09772497,0.5829537,3.4593487,1.4844533,0.68202907,0.6676059,0.17698579,0.16051707,0.29233265,43835.47282482832
149,400,-0.39944902,0.37005588,3.4528344,1.4847801,0.782012,0.65720373,0.1680834,0.15824774,0.29234564,43950.52527658627
150,400,-1.3065269,1.6581306,3.467376,1.4849895,1.1999981,0.6727384,0.15135877,0.1996286,0.29243922,44672.120107191986
151,400,-0.11816405,-0.6801782,3.4507864,1.4851756,0.46457708,0.6436163,0.18229659,0.14520839,0.29294443,43483.459893777275
152,400,0.6663831,-0.4607198,3.4518044,1.4847753,0.45626596,0.650851,0.2011374,0.14368497,0.29277748,43485.22914226902
153,400,-1.3342584,-1.3467175,3.4530575,1.4859078,0.4974662,0.61044043,0.1699259,0.14539275,0.29356825,43498.06344447808
154,400,0.69377315,-0.15957344,3.453268,1.4845287,0.45495084,0.655203,0.20610979,0.14324191,0.292552,43488.37919679611
155,400,-0.13370156,1.0777438,3.4653037,1.4844959,1.1821074,0.67476434,0.16232026,0.18900028,0.29235905,44609.32274440013
156,400,-1.1268258,-0.7306777,3.4510193,1.4854803,0.48789364,0.6233476,0.17198247,0.1448231,0.29307914,43492.43734863319
157,400,-0.3848798,0.09435159,3.4495451,1.4848217,0.51721215,0.6506263,0.17525624,0.14785922,0.29236907,43564.019321454776
158,400,-0.042171452,-0.2868872,3.449389,1.4848808,0.4613816,0.6500432,0.18423793,0.14470328,0.29259527,43485.05845365033
159,400,-0.0616264,-0.10730527,3.448749,1.4847567,0.46064013,0.6520881,0.18459198,0.14446452,0.2924322,43485.72472411797
160,400,-0.7196044,-0.812993,3.4512537,1.4854057,0.47405738,0.63183665,0.17622109,0.14499497,0.29309422,43482.296264779216
161,400,0.27451634,-0.8909151,3.4512067,1.485239,0.46171433,0.6440901,0.18682371,0.14514595,0.29312804,43482.35958543219
162,400,-1.1573553,-0.31229225,3.4496598,1.485311,0.5688817,0.62801754,0.16862854,0.14648026,0.2927621,43608.62765629716
163,400,-0.15766701,2.2567234,3.4783463,1.4842434,1.1999964,0.68805254,0.15359181,0.19983152,0.29241073,44665.809952054835
164,400,-0.7047003,0.9432607,3.460179,1.4848267,1.1959028,0.6660873,0.1567279,0.19076726,0.29238197,44637.36544826266
165,400,0.7471883,-1.1889449,3.4521627,1.4852986,0.45916188,0.64159805,0.19610992,0.14485583,0.2933907,43481.69353158217
166,400,0.77325296,-1.1838807,3.4521875,1.4852847,0.45891106,0.6417616,0.19696134,0.14479922,0.29338652,43481.86887006879
167,400,-2.6591723,0.60631955,3.4569185,1.4858063,1.1999803,0.6259966,0.15150711,0.19505152,0.2927007,44681.77034286626
168,400,-1.7558906,0.45093447,3.4545007,1.4854151,1.1977079,0.63792706,0.15464833,0.18225303,0.29256314,44617.510029850586
169,400,-0.6840109,1.6595508,3.469827,1.4846987,1.1999745,0.67862755,0.15295827,0.19924054,0.2924173,44668.71599200393
170,400,1.0685093,-0.4533858,3.45476,1.4846232,0.45400724,0.6526125,0.21436368,0.14290701,0.292827,43488.23424046968
171,400,-0.6878376,-1.2140774,3.4525614,1.4856703,0.4792385,0.62581027,0.17512771,0.1456508,0.29340976,43485.967881248456
172,400,-0.44092262,-0.28035548,3.4493892,1.4849837,0.46621096,0.6435461,0.17997062,0.14451368,0.29262587,43482.70108760787
173,400,-0.36469355,0.15670386,3.4501348,1.4848028,0.5443135,0.65236926,0.17392796,0.14933358,0.2923575,43604.84386220644
174,400,0.5785215,0.34965447,3.4586155,1.4842342,0.4598433,0.664169,0.20271674,0.14552364,0.2923684,43506.22302038938
175,400,-0.76414394,-1.4377915,3.4533205,1.4858389,0.48445496,0.62052274,0.17388874,0.14595832,0.29358932,43489.622854664165
176,400,1.3645319,-0.6894492,3.4560475,1.4846984,0.45338255,0.6506035,0.22023514,0.14271495,0.29303986,43488.12987789742
177,400,-0.6522936,-0.52118933,3.4502177,1.4851985,0.47015637,0.63669616,0.17759065,0.14467172,0.2928483,43481.16006198814
178,400,-1.8430696,-0.477974,3.4504163,1.4856815,0.8424903,0.609336,0.1615995,0.14866029,0.29299343,43989.466689090805
179,400,-0.4796558,0.6203583,3.4562907,1.4847739,1.1049454,0.66201144,0.16258208,0.17341113,0.29235682,44444.29567562901
180,400,0.6984571,0.003770889,3.4546127,1.4844024,0.4545117,0.6577449,0.20790246,0.14325717,0.2924494,43490.661581566426
181,400,0.93184835,0.339965,3.4606383,1.4840893,0.45481634,0.6645901,0.21541686,0.14393042,0.2924177,43501.5672274028
182,400,-0.015682112,0.16092817,3.4509969,1.4846259,0.4756985,0.6576822,0.18190299,0.14691673,0.29231507,43516.43427627534
183,400,-0.19065349,-0.3948495,3.4497852,1.4849919,0.46351233,0.6465125,0.18235742,0.14477047,0.2926969,43483.62899226749
184,400,-0.26773354,-1.1280113,3.452352,1.4855188,0.47039878,0.6346361,0.17960097,0.14582507,0.293325,43483.7694388397
185,400,0.2804417,-0.9931236,3.4515498,1.4853103,0.4621977,0.64274246,0.18650301,0.14527112,0.2932132,43481.885819816656
186,400,0.8416313,-0.24945858,3.4539447,1.4845439,0.4544722,0.6545424,0.20976634,0.14307193,0.29264134,43488.59216273439
187,400,0.04949498,0.4938368,3.4575312,1.4845058,0.618516,0.6655645,0.17701265,0.15725361,0.29232877,43739.705433813375
188,400,0.6433145,-1.5706234,3.4531744,1.4856181,0.4621058,0.63588846,0.19089164,0.145585,0.29368973,43479.45838532447
189,400,-0.20690368,0.8801789,3.461978,1.4845865,1.1497246,0.6707433,0.16338746,0.18218097,0.292356,44539.017320310224
190,400,-1.6981058,0.38728046,3.453916,1.4853985,1.195402,0.6371479,0.15537569,0.17849332,0.29256272,44598.99320976793
191,400,-2.2555642,-1.0225068,3.4521606,1.4860549,0.7158624,0.58930016,0.16079448,0.14612144,0.29344994,43800.13757710732
192,400,0.038630553,-1.6567152,3.4537945,1.4858203,0.46949604,0.6305068,0.18061769,0.14657028,0.29374257,43481.87148630202
193,400,-0.98551077,-1.471835,3.4533901,1.4859059,0.49084666,0.61572444,0.17201808,0.14584737,0.2936299,43494.12068990579
194,400,1.648135,0.16422775,3.4635215,1.4839287,0.45165378,0.66445994,0.23291618,0.14232484,0.292566,43501.39990815357
195,400,0.5672903,-0.2226751,3.4518676,1.484629,0.4559594,0.6535896,0.20107892,0.14350073,0.2925823,43486.578053126264
196,400,-0.35343176,-1.6164742,3.4539773,1.4858677,0.4774183,0.6251612,0.17745467,0.14660409,0.29371527,43487.12019893047
197,400,-0.29183736,-0.7614922,3.4510977,1.4852715,0.4674242,0.639792,0.1802905,0.14523216,0.29301995,43482.82139939811
198,400,0.8579239,1.1411018,3.4711742,1.4838213,0.8063464,0.67954564,0.19619593,0.17170808,0.29237843,44058.191059297525
199,400,1.4665787,0.85255194,3.4706588,1.483578,0.4608114,0.67574424,0.22638905,0.14801873,0.29245913,43538.92549233996
200,400,-0.5986539,-1.1158969,3.4522488,1.485585,0.47611427,0.6290363,0.17621365,0.1455576,0.29332614,43484.435771855
201,400,0.7666632,0.3562928,3.4599164,1.4841471,0.4566578,0.6645911,0.20959492,0.14462931,0.29239368,43503.02146953489
202,400,-1.7685385,0.3554818,3.4537663,1.4854364,1.1956167,0.63500524,0.15524723,0.17804688,0.2925806,44598.702847321714
203,400,0.8145198,0.058925588,3.456132,1.4843196,0.45397326,0.65913826,0.21171871,0.14315787,0.29244936,43492.59600688344
204,400,-0.18505368,-0.8076485,3.4512444,1.4852797,0.46640733,0.64080775,0.18130346,0.14537448,0.29305544,43483.31404817845
205,400,-1.4465348,0.800298,3.4577491,1.4852209,1.1993966,0.65218335,0.15383092,0.19181666,0.2924758,44651.95657284518
206,400,-0.30911446,-0.23346666,3.4492009,1.4849106,0.46359324,0.64660144,0.18172807,0.1444874,0.29256824,43482.886895733216
207,400,1.7327212,0.6845011,3.4698086,1.4835489,0.4532661,0.67302376,0.23411126,0.14414482,0.29250854,43516.55964229291
208,400,0.370825,0.1420618,3.4535046,1.4844326,0.45708266,0.65853906,0.19751227,0.14411634,0.29235247,43491.491225910024
209,400,1.5199949,1.7195894,3.479541,1.4832368,1.0186217,0.6872042,0.21218625,0.18526383,0.29243654,44405.66271917526
210,400,0.9295051,0.5822246,3.4643407,1.4839618,0.46195924,0.66993773,0.21245798,0.14703885,0.29240328,43523.876516365235
211,400,-2.094603,0.12372191,3.4526472,1.4856392,1.1937854,0.62200695,0.15505885,0.1722105,0.29270554,44580.02621620226
212,400,-0.13010696,0.09395323,3.4492805,1.4846985,0.47564703,0.65428734,0.18049972,0.14617573,0.29232395,43510.669969760915
213,400,0.9430461,-2.7396772,3.4565666,1.4863398,0.4666184,0.6186813,0.19130778,0.14700647,0.29454187,43477.209631164624
214,400,-0.56931204,0.26990435,3.4515543,1.4848847,0.77142453,0.6520987,0.16772947,0.15547745,0.29238126,43923.83273221212
215,400,-0.46684554,-1.4169061,3.453368,1.4857574,0.47725287,0.62652826,0.17683862,0.14615384,0.2935635,43486.11720451496
216,400,0.8689635,0.27687192,3.4593015,1.4841542,0.454604,0.6630676,0.21370623,0.14369802,0.29241252,43498.54634601696
217,400,-0.97110456,0.3148172,3.4523318,1.4850676,1.0790257,0.64713275,0.16177513,0.163063,0.29244414,44369.61346084741
218,400,0.8215857,0.005292646,3.4556828,1.4843551,0.45395696,0.65837896,0.21176386,0.14309876,0.2924716,43491.948657010376
219,400,0.8005648,0.078260176,3.4562116,1.4843116,0.45404333,0.65936,0.21134947,0.14319634,0.29243976,43492.73420093709
220,400,-0.39522898,-1.1594205,3.4524906,1.4855677,0.4728326,0.6319918,0.17818865,0.14577746,0.29335487,43483.95565883184
221,400,-0.085930765,0.19429293,3.4510741,1.4846593,0.49337664,0.65749973,0.17877017,0.14832579,0.29232085,43542.293012623326
222,400,0.87583274,-0.11510747,3.455143,1.4844246,0.4539379,0.6567912,0.21252939,0.14298388,0.29254994,43490.85492318991
223,400,0.4574156,-0.964612,3.4513633,1.4852359,0.4605081,0.64369845,0.19015591,0.14499204,0.29319704,43482.06729630494
224,400,-0.78262913,-0.1103893,3.449189,1.4850715,0.53408825,0.63939846,0.1718636,0.1467917,0.29254743,43572.12951526697
225,400,-1.0546285,0.8202478,3.458006,1.485022,1.1975079,0.65858907,0.1554596,0.18953452,0.29241124,44637.2968429632
226,400,0.46313033,0.27909577,3.4566505,1.4843199,0.459497,0.66223294,0.1993264,0.1451805,0.29235658,43501.500994038026
227,400,0.3389041,2.0210435,3.478171,1.4839537,1.1998415,0.6874577,0.16111839,0.19917262,0.2923947,44668.86926452355
228,400,-0.4688642,-2.2014413,3.4558609,1.4862775,0.48930213,0.6126039,0.1749114,0.14764442,0.29415447,43497.2375679402
229,400,0.1993002,-0.050603542,3.449658,1.4846311,0.4579423,0.65433824,0.19111389,0.14400852,0.29239553,43486.37953889862
230,400,-0.51751906,-0.97882986,3.451792,1.4854734,0.47300327,0.6326668,0.17735848,0.14540122,0.2932104,43483.251257408054
231,400,-0.43918952,0.18133843,3.4504623,1.4848349,0.5914103,0.65186864,0.17193452,0.15074243,0.29236764,43669.73160119146
232,400,-0.5028167,2.4124537,3.478446,1.4844329,1.1999998,0.6879293,0.15172091,0.19993913,0.2924355,44664.427565138016
233,400,-0.96050435,-0.79311734,3.4511569,1.4854606,0.47865376,0.6266646,0.1741623,0.1448577,0.29310173,43483.45399453018
234,400,-2.28862,0.25148442,3.4537878,1.4857035,1.1988463,0.62209064,0.15356976,0.18118891,0.2927053,44624.95452105921
235,400,-2.0164065,-0.53945464,3.4506245,1.4857799,0.90707695,0.6038424,0.1603859,0.14900751,0.29306567,44084.12890701762
236,400,-0.27567053,-0.70972794,3.4509146,1.4852319,0.4667856,0.640805,0.1805974,0.14516613,0.2929751,43482.845853295425
237,400,1.7388726,0.99439436,3.4734857,1.4833775,0.4605148,0.67836267,0.2318713,0.14867026,0.29248697,43546.55119072108
238,400,1.3191369,-0.8824188,3.4551604,1.4848602,0.45405507,0.6478168,0.21669787,0.14305328,0.29317257,43485.89813480616
239,400,1.128594,0.49600095,3.464202,1.4839154,0.45534772,0.66832674,0.22024634,0.14459583,0.2924357,43509.54717295642
240,400,0.77140594,1.0294389,3.4694257,1.483906,0.72881293,0.67775476,0.19508907,0.16772297,0.29237133,43939.678694612216
241,400,-0.90876323,-0.42431763,3.4499736,1.4852415,0.4883396,0.63199747,0.17329472,0.14489171,0.29280996,43500.15968887958
242,400,0.86259604,-2.6556191,3.45638,1.4863043,0.46696815,0.6197725,0.19013497,0.14699824,0.29448265,43477.61405624481
243,400,1.5133281,0.55313206,3.4670243,1.4837209,0.45329484,0.670215,0.23020361,0.14380175,0.292485,43511.09765592275
244,400,-0.045703962,0.22050765,3.4518955,1.4846315,0.49381465,0.6587412,0.17943963,0.14865555,0.29231966,43545.15992988266
245,400,-1.0299352,-0.34994337,3.4496405,1.4852645,0.5187187,0.6301532,0.17103595,0.14556174,0.29277325,43540.69116005753
246,400,1.1002843,1.298022,3.4740138,1.4836254,0.81606656,0.6821062,0.20369428,0.17412433,0.29240125,44086.62542675908
247,400,2.696224,-0.07392467,3.4686239,1.4836965,0.45054775,0.665821,0.24483202,0.14139113,0.29284918,43502.71286514198
248,400,-0.65855294,-0.51423395,3.450201,1.4851961,0.4702971,0.636635,0.17752811,0.14466257,0.29284352,43481.246047090695
249,400,-1.0180418,-0.07785475,3.4496317,1.4851747,0.6616885,0.6361343,0.1673923,0.14921974,0.29257417,43746.70943356639
250,400,0.38273242,-0.03424228,3.4514523,1.4845487,0.45642304,0.6555354,0.19735917,0.14368828,0.29241282,43487.44287575663
251,400,1.0963469,-0.2342158,3.456129,1.4844337,0.4533358,0.65610707,0.21781974,0.14272222,0.29266733,43491.46925512106
252,400,-0.34745064,-0.5812685,3.4504087,1.4851583,0.46667314,0.64151704,0.18014604,0.14493078,0.29286766,43482.480401603534
253,400,-1.6326345,-1.5677677,3.453772,1.4861227,0.5143471,0.5994936,0.16739334,0.14553913,0.29375815,43515.509982515985
254,400,-1.179158,1.3014281,3.4635293,1.4849918,1.1999563,0.667516,0.15248601,0.19835038,0.29242098,44671.05858300108
255,400,0.8952603,1.3749641,3.4739313,1.4837385,1.0547764,0.68245125,0.1915372,0.18292853,0.29238307,44429.617089100066
256,400,-1.3322116,-1.9686247,3.4549809,1.4863052,0.51574194,0.59937966,0.16828933,0.14643241,0.29402024,43520.148798847935
257,400,-0.6600563,0.17581895,3.4506629,1.484941,0.712556,0.64848614,0.16841982,0.15280895,0.2924068,43833.81130461996
258,400,0.49869028,1.0479722,3.468349,1.4840844,0.9682143,0.6770532,0.18229231,0.17575066,0.29235676,44278.67185357291
259,400,0.28427967,1.7426687,3.4753246,1.4840567,1.1990795,0.6848192,0.16318572,0.1979249,0.29238272,44665.67101121824
260,400,-0.22260568,-0.9130792,3.451618,1.4853609,0.46777868,0.6386603,0.18063907,0.14551206,0.29314572,43483.295674628185
261,400,-1.6812183,-0.8889713,3.4516494,1.4857682,0.5492,0.60705,0.16576411,0.14526315,0.29327512,43565.85365495703
262,400,0.24211796,-0.8887203,3.451228,1.485246,0.46195352,0.64400584,0.18625177,0.14517891,0.29312485,43482.319667684926
263,400,0.9367425,1.4123276,3.4744928,1.4837015,1.0646789,0.6829812,0.19250329,0.1837445,0.29238647,44446.82491078956
264,400,-2.369587,0.8640523,3.458723,1.4856389,1.1999906,0.6387845,0.1513895,0.19719851,0.29262123,44681.692966180526
265,400,-2.239604,0.40149906,3.4547992,1.4856483,1.1995238,0.6276833,0.15308516,0.18647172,0.29265925,44644.3025055287
266,400,1.2248706,0.064856105,3.4595072,1.4841598,0.45256615,0.661175,0.22337219,0.1426738,0.29252356,43496.82312374184
267,400,-1.2796892,-0.5854312,3.4505768,1.4854684,0.5200642,0.6212873,0.16906393,0.14521393,0.29298896,43534.54189751456
268,400,-0.26164544,-0.18224478,3.4490242,1.484863,0.4628779,0.647983,0.18233113,0.14445202,0.2925191,43483.49024864429
269,400,-0.20289683,-0.10988278,3.4487667,1.4847994,0.46219477,0.64973986,0.18300228,0.14440887,0.29245064,43484.5384990967
270,400,0.21348006,-1.2085737,3.4522958,1.4854772,0.46395528,0.6393925,0.1845536,0.14562953,0.2933877,43481.0263598977
271,400,-0.24201983,1.5182612,3.4704049,1.4844668,1.1995088,0.6802339,0.15673476,0.197772,0.29238364,44663.86140067619
272,400,-0.38464543,-0.4438361,3.4499533,1.4850712,0.46583825,0.64293575,0.18035704,0.14470305,0.2927555,43482.15181708309
273,400,1.0781974,-2.5591846,3.455975,1.4861788,0.4637143,0.62226826,0.19502899,0.14643797,0.29442465,43476.32551823155
274,400,1.1813786,-0.63190377,3.454951,1.484721,0.45398208,0.6506046,0.2155815,0.14293978,0.29297277,43487.21756762229
275,400,0.16392857,0.09632136,3.451111,1.484541,0.4587622,0.6568131,0.19060141,0.14440715,0.29232693,43489.958684235935
276,400,0.9424681,-0.26759475,3.4546592,1.4845195,0.45404738,0.65478504,0.21274248,0.142938,0.29266927,43489.36981077949
277,400,-0.6780258,1.2978458,3.465232,1.4847596,1.1996473,0.6730696,0.15452343,0.19717716,0.29240227,44664.20658194126
278,400,-2.364174,0.020334182,3.4524684,1.485787,1.195699,0.61320406,0.15429924,0.17198619,0.29279903,44588.26249459904
279,400,-1.3479254,-0.7615734,3.4511616,1.485578,0.5078906,0.6174276,0.16914362,0.14498071,0.29313472,43514.984249271874
280,400,2.0112567,-0.044595428,3.4643884,1.4839398,0.45112875,0.66324776,0.23830743,0.14186884,0.2927131,43500.969147991505
281,400,0.1950697,-1.7815628,3.454115,1.4858727,0.46803725,0.63030225,0.18232122,0.146548,0.29383612,43480.497855780595
282,400,-0.7290447,0.1965574,3.450942,1.4849707,0.78943026,0.64794654,0.16694257,0.15436925,0.29241616,43942.19791580229
283,400,0.3547577,0.61688656,3.461445,1.4842794,0.5690329,0.66939604,0.18656193,0.1565278,0.29233888,43680.94706609052
284,400,0.008627899,0.5270042,3.4577894,1.4845269,0.6778246,0.6659702,0.17475449,0.15960024,0.29233098,43824.50449565677
285,400,0.4537819,-1.8297404,3.4541354,1.4858491,0.46555477,0.6313016,0.18620878,0.14624079,0.29387975,43479.25885248206
286,400,0.037005723,0.76790243,3.4618444,1.4844521,0.9627961,0.6707164,0.17113337,0.17183068,0.29234073,44249.022970411985
287,400,0.5898798,-0.36385882,3.4515386,1.4847302,0.45638686,0.65179193,0.19991314,0.14367448,0.29269284,43485.53532811405
288,400,-0.8056265,-1.1183119,3.4522307,1.4856294,0.48019007,0.6253705,0.17450157,0.14540777,0.29334325,43485.93492036514
289,400,-0.13105401,1.1330799,3.4660792,1.4844817,1.1877003,0.6756381,0.16173354,0.1906935,0.29236114,44623.3791350802
290,400,-1.9518042,-0.6598917,3.450739,1.4857893,0.76362157,0.603125,0.16190398,0.1471939,0.29314744,43872.49554995033
291,400,-1.1398025,0.7849575,3.4575996,1.4850724,1.1977025,0.6564756,0.1552997,0.1889899,0.2924264,44636.16818138979
292,400,-0.5543096,-0.47063765,3.4500334,1.4851358,0.46811718,0.6393048,0.1786973,0.14465256,0.29279494,43481.14745743143
293,400,-0.21694957,0.44539326,3.45474,1.4846804,0.74596715,0.6616296,0.16995029,0.15950914,0.29233915,43909.54618748197
294,400,-0.392389,-3.046143,3.4583507,1.4868001,0.50267094,0.59765357,0.17321348,0.14942081,0.29473317,43513.31773539122
295,400,0.5433119,0.43904296,3.4598308,1.4842153,0.46746236,0.66627747,0.19985998,0.14752656,0.292357,43523.301444638055
296,400,-0.21954103,-1.0840366,3.4521892,1.4854782,0.46918172,0.6360748,0.18015479,0.14577937,0.29328722,43483.494229330856
297,400,0.35178012,0.37923554,3.4575977,1.48434,0.47479895,0.66458416,0.19270945,0.14818358,0.29233757,43529.97909914675
298,400,-0.47003287,-0.21673147,3.4491925,1.4849613,0.4691556,0.64359015,0.17898399,0.14458339,0.29257882,43486.347115357654
299,400,-0.9301565,-0.17858909,3.4493394,1.4851626,0.55045617,0.6352285,0.17040737,0.14676337,0.2926221,43590.13777786817
300,400,-1.5504293,0.41731882,3.4539552,1.4853244,1.1933644,0.64049584,0.15594976,0.177682,0.2925318,44590.87547292286
301,400,-0.9443685,0.23810315,3.4516113,1.4850669,0.9948092,0.6456498,0.16332504,0.15895906,0.2924491,44238.02315729491
302,400,-1.405963,-0.5900577,3.4505692,1.4855242,0.5467465,0.618041,0.16752106,0.14551175,0.2930122,43569.37813167116
303,400,-0.110489406,-1.6606998,3.4539633,1.4858491,0.4723866,0.62836534,0.17925236,0.14669035,0.29374474,43483.82930163971
304,400,0.115147874,-0.37914756,3.4495845,1.4849124,0.46043396,0.6500971,0.18607336,0.14468668,0.29267973,43484.79692250419
305,400,-1.7423562,-1.3032428,3.452952,1.4860034,0.51949406,0.59997374,0.1667638,0.14518405,0.29357874,43521.89630901507
306,400,0.60512006,0.895556,3.4668627,1.4840481,0.68925536,0.67516375,0.19077535,0.16463374,0.29235864,43872.30859338715
307,400,-0.13190864,0.40476182,3.454623,1.4846435,0.6395093,0.6618856,0.17282504,0.15628172,0.29233223,43759.19131084696
308,400,0.22384356,0.32962298,3.455859,1.4844314,0.4803407,0.66298705,0.1880626,0.14843425,0.29232663,43534.44949427967
309,400,1.285984,-1.5069984,3.4541197,1.485331,0.45643097,0.6391108,0.20878555,0.14426062,0.2936484,43481.45145901695
310,400,0.67646074,-0.38200897,3.452114,1.4847128,0.4558731,0.65187544,0.20256639,0.14351842,0.29271802,43485.81400556061
311,400,-0.22425893,-0.30224973,3.4494343,1.484933,0.46321848,0.64729136,0.18231104,0.1446207,0.2926181,43483.58539833542
312,400,-0.3751471,-1.2261962,3.4527206,1.4856082,0.47321728,0.6312859,0.17825083,0.14590035,0.29340854,43484.30739322432
313,400,0.1833392,1.670943,3.4741476,1.4841423,1.1989905,0.683807,0.16184533,0.19770518,0.29237974,44664.28591217553
314,400,-0.05613302,-0.0013850428,3.448369,1.4846833,0.46032837,0.6533371,0.1849354,0.14435142,0.29233798,43486.53897611245
315,400,-0.687299,-0.11747455,3.4490695,1.4850272,0.50800896,0.6409006,0.17376561,0.14611714,0.29253525,43537.6066332029
316,400,0.46616644,-0.37024245,3.4506273,1.4847777,0.45735306,0.6512765,0.19562343,0.1439768,0.29268324,43485.102644270686
317,400,-0.45380405,0.40326455,3.4532287,1.484801,0.86819357,0.6572138,0.1665734,0.1606292,0.29235083,44074.43582972718
318,400,-0.91800475,0.25249663,3.4516966,1.4850519,0.9948861,0.64642334,0.16339174,0.15923566,0.29244214,44239.158614648986
319,400,0.8203218,1.3599485,3.4734533,1.4837933,1.0790794,0.68206507,0.18844676,0.18381971,0.29237804,44463.63138764714
320,400,-0.09038201,1.3675972,3.469331,1.4844021,1.1972084,0.67919964,0.15994084,0.19547963,0.29237026,44653.768731242504
321,400,1.0344099,-0.99621266,3.4530725,1.4850428,0.4560199,0.6452383,0.20631875,0.14385709,0.29323477,43483.38547956888
322,400,-1.2179385,-0.30496365,3.4497051,1.4853373,0.5972723,0.6268901,0.16762632,0.14690372,0.29276562,43647.34695895093
323,400,1.0289356,-0.07228701,3.4567518,1.4843358,0.45326564,0.65820843,0.21750069,0.14280139,0.29255164,43493.07653770354
324,400,-0.6006576,1.5522432,3.468938,1.4846749,1.1999209,0.67781776,0.15375945,0.19875555,0.29240808,44667.79147278195
325,400,0.28690448,-2.3205943,3.4557269,1.4862127,0.4713217,0.62206465,0.18180971,0.14730781,0.29423368,43480.88058841604
326,400,0.31716064,0.52004063,3.45968,1.4843264,0.52471167,0.6673745,0.1873558,0.15323134,0.29233488,43611.22250282014
327,400,0.22560866,0.4497121,3.4579475,1.4844031,0.51784337,0.6655263,0.18509766,0.15218519,0.29232895,43596.06093895098
328,400,-0.067275606,-1.3183959,3.4528325,1.485609,0.46847397,0.6346372,0.18066075,0.14613035,0.29347497,43482.58457170399
329,400,-0.370704,-0.94561577,3.4517345,1.4854168,0.47021234,0.63572156,0.17898782,0.14545968,0.29317772,43483.02273125312
330,400,-0.9327409,-1.2630683,3.4527135,1.4857551,0.48543236,0.6205621,0.17308477,0.1455393,0.2934664,43489.3715044359
331,400,0.45248908,0.097896144,3.4534857,1.4844306,0.4559689,0.65798795,0.20023468,0.14374107,0.29236972,43490.00766906751
332,400,-0.44816536,-0.64933795,3.4506397,1.4852278,0.46852237,0.6389383,0.17901339,0.14496054,0.29293314,43482.16690460438
333,400,-0.023423105,1.0791948,3.4659498,1.4844227,1.171987,0.67547166,0.16452639,0.18769543,0.29235786,44591.04779563617
334,400,-2.0042157,0.37687653,3.4542727,1.485543,1.198537,0.6313565,0.15403955,0.18248922,0.29262018,44623.72908925009
335,400,-0.545712,-1.8845859,3.4549131,1.4860848,0.4860753,0.61696637,0.17502154,0.1469411,0.2939254,43493.13180023621
336,400,-1.945703,-0.9127835,3.451769,1.4858835,0.62267804,0.59950364,0.16311553,0.14572056,0.29332793,43666.90138016246
337,400,0.21950956,0.39306292,3.456933,1.4844196,0.49772424,0.6643135,0.18622547,0.1503587,0.29232728,43563.5501261775
338,400,-0.9389816,1.017021,3.4605336,1.4849265,1.199072,0.66463256,0.15470162,0.19413471,0.2923975,44655.60698090318
339,400,1.4229835,0.39608657,3.4645572,1.4838593,0.4526988,0.6670805,0.22859073,0.1431503,0.2924804,43504.89173534951
340,400,-0.59140265,1.1244192,3.4632678,1.4847469,1.1982293,0.6709353,0.15617204,0.19431376,0.29238987,44652.39309732154
341,400,0.7553957,0.86740744,3.4673092,1.4839604,0.57248616,0.6752183,0.19882065,0.15953471,0.29237205,43707.99969952554
342,400,-0.6564637,-2.8345544,3.457835,1.4867207,0.5105696,0.596794,0.17188913,0.14888084,0.29459846,43521.49053666186
343,400,2.116791,-1.6108783,3.4583938,1.4851178,0.4527438,0.64086777,0.22963369,0.14270905,0.29377252,43483.83976677828
344,400,-0.035768073,2.3807454,3.4798377,1.4841318,1.1999975,0.689294,0.15388124,0.19987401,0.2924174,44665.20306154871
345,400,0.33057675,0.94924647,3.4662106,1.4842163,0.97101426,0.67500985,0.1779353,0.17462534,0.29235053,44275.05796057005
346,400,-1.5023966,-1.7776669,3.4544697,1.4862227,0.51568276,0.5995422,0.16780995,0.1459127,0.29389983,43518.28970572548
347,400,-0.5327028,1.0907497,3.4631097,1.4847238,1.1971099,0.67098117,0.15690136,0.19320813,0.29238486,44646.53650656309
348,400,-0.34624946,-0.7946363,3.451199,1.4853075,0.46845663,0.6383985,0.17962834,0.14524518,0.2930497,43482.68745862472
349,400,0.19796729,1.0819352,3.467281,1.484271,1.1342771,0.676534,0.17076929,0.18419378,0.29235426,44528.77504787279
350,400,-1.4449402,-1.210543,3.4525704,1.4858576,0.4992481,0.6093129,0.16939533,0.14515181,0.29347557,43499.313429735026
351,400,-0.7886692,1.0946383,3.4619558,1.4848421,1.1990322,0.6681199,0.15508634,0.19488642,0.2923938,44657.175509504275
352,400,0.23482153,2.1321535,3.478756,1.4839983,1.1999536,0.6881118,0.1582713,0.1995317,0.29239964,44667.86013483524
353,400,0.9364457,-0.035095178,3.4563012,1.4843425,0.45355096,0.65833217,0.21503597,0.14292908,0.29251385,43492.61717675384
354,400,1.2650778,0.21149701,3.461268,1.4840462,0.45257834,0.6634841,0.22476625,0.1428142,0.2924834,43499.48773244795
355,400,-0.70492136,0.67997485,3.4565744,1.4848735,1.1726637,0.66026443,0.15926419,0.17978846,0.29237413,44562.80317174434
356,400,-0.6963267,-0.2903971,3.4494717,1.4850918,0.47985673,0.6381425,0.1757682,0.14483172,0.29267246,43494.9316628118
357,400,1.3277828,-0.10128149,3.4589272,1.4842448,0.4524003,0.65923125,0.22527716,0.14246155,0.2926215,43495.61149807278
358,400,-0.8031414,-0.46433768,3.4500897,1.4852189,0.47729024,0.63394266,0.17520747,0.14468697,0.29282755,43487.24475390357
359,400,1.0217906,-0.55254066,3.4540732,1.4847181,0.45450157,0.6510125,0.21162438,0.1431116,0.29289287,43486.721021085665
360,400,-0.38687086,-0.51029277,3.4501631,1.485117,0.46650597,0.6419805,0.18007573,0.14480013,0.29281098,43482.288598433326
361,400,0.1839255,-0.38548976,3.4495664,1.4848957,0.45991835,0.65021724,0.18738553,0.14460924,0.29268864,43484.859347910664
362,400,-1.6018361,-0.8871809,3.4516196,1.4857365,0.5330282,0.60921586,0.16666992,0.14514495,0.29326382,43544.53076560029
363,400,-0.932789,1.2433194,3.463439,1.4848843,1.1998181,0.6693179,0.15357618,0.19740258,0.29240558,44666.88919133499
364,400,0.81267405,0.58725935,3.4637456,1.4840184,0.46712533,0.66991866,0.2080287,0.14824522,0.29238623,43532.540918463084
365,400,-0.50535834,-0.81579155,3.451204,1.4853566,0.47103524,0.6354443,0.17792577,0.14516735,0.29307538,43482.55706341815
366,400,-0.5075176,-1.0518801,3.452066,1.4855211,0.47362652,0.6316788,0.17731182,0.14552483,0.2932701,43483.62553467022
367,400,2.4972005,-2.2453218,3.4593644,1.4854453,0.45278785,0.6330726,0.23222438,0.14295353,0.29423302,43479.93027802426
368,400,0.56400853,-1.2845523,3.4523127,1.4854364,0.46125427,0.6397023,0.190703,0.14528418,0.29346168,43480.61663227608
369,400,-0.10434349,-0.98800194,3.4518044,1.4853874,0.46650597,0.6392605,0.18142302,0.14564338,0.29320544,43482.8708615702
370,400,-1.177629,-1.1401963,3.4523542,1.4857363,0.48864138,0.6171377,0.17158695,0.14519681,0.29339528,43490.11984773756
371,400,1.7549862,-0.13298842,3.461926,1.4841065,0.451538,0.6608031,0.2340754,0.14204605,0.29271495,43498.6798732515
372,400,-0.7657022,0.55578697,3.4550023,1.4849294,1.1482159,0.6563483,0.1603371,0.17363554,0.2923864,44505.23551062054
373,400,0.010349315,0.72003376,3.4609265,1.4844819,0.924219,0.66968477,0.1711128,0.1697736,0.29233968,44189.131882298345
374,400,-1.8242567,0.30360392,3.4534435,1.4854728,1.1948869,0.6324641,0.15533048,0.17641482,0.29260084,44592.39712636489
375,400,0.7726948,-1.6615983,3.4534388,1.4856404,0.46139327,0.6350348,0.19324814,0.14551343,0.29376382,43479.06667689273
376,400,0.44819528,1.6961815,3.4755378,1.4839593,1.1974363,0.6847856,0.16796991,0.19682707,0.2923832,44662.13768575365
377,400,-0.014857704,0.82140595,3.462307,1.4844757,1.0483277,0.67132974,0.16859862,0.17583278,0.29234576,44378.57340822616
378,400,0.67057043,-0.7075057,3.4514148,1.4849578,0.4573911,0.64770824,0.19823143,0.14415988,0.2929807,43483.94033797064
379,400,0.039766736,-1.5669947,3.4535105,1.4857593,0.4687071,0.6320107,0.1809156,0.14642558,0.29367292,43481.721474598235
380,400,-0.45130304,0.26568797,3.4514766,1.4848278,0.6838254,0.6537658,0.16965215,0.15400788,0.29236138,43802.92988509536
381,400,0.7231005,0.024612125,3.455022,1.484378,0.45437902,0.658175,0.20875053,0.14324296,0.29244488,43491.17196010005
382,400,0.71998376,-1.1029062,3.4519315,1.4852433,0.45895758,0.6426823,0.19614008,0.14476988,0.29331893,43482.17429834827
383,400,-0.10169727,0.019279385,3.448471,1.4846982,0.4635281,0.65297955,0.183476,0.14471258,0.29233205,43490.75220077782
384,400,1.8495913,-0.21416666,3.4620616,1.4841306,0.4514442,0.6600596,0.23529801,0.14195152,0.29277605,43498.23883543541
385,400,-0.49901664,0.021351224,3.4492035,1.4848946,0.5136947,0.64719653,0.17472944,0.14714608,0.29241505,43554.00406981884
386,400,-0.91911346,0.19275385,3.4511971,1.4850625,0.9242493,0.6448916,0.16443413,0.15664028,0.29245186,44132.65812630126
387,400,-0.3650552,-1.7913276,3.4545426,1.4859865,0.47995988,0.621907,0.17686251,0.14691289,0.293849,43488.93835938238
388,400,-0.058586553,-0.3175431,3.449506,1.4849062,0.46172032,0.6494303,0.18399435,0.14474,0.29262325,43484.870167167624
389,400,-1.6324233,-0.06713416,3.4507563,1.4854654,1.0754253,0.62512827,0.15973833,0.15645233,0.29269445,44345.21184753895
390,400,1.4893559,0.5213038,3.4664876,1.4837508,0.4531672,0.669567,0.2298033,0.14365433,0.29248223,43509.71262474567
391,400,0.6119272,-1.3414967,3.452489,1.4854616,0.4611234,0.6390679,0.19144882,0.14529312,0.29350877,43480.37443151078
392,400,0.47689837,0.14844958,3.4544487,1.484388,0.456196,0.6590486,0.20107768,0.14389864,0.2923664,43491.86434111082
393,400,0.5290452,0.4226286,3.4594762,1.4842288,0.46662515,0.66587317,0.19958246,0.14729488,0.29235625,43520.924961206074
394,400,-1.3597807,-0.041400813,3.4504087,1.4853287,0.94816697,0.6310211,0.16230711,0.15381287,0.29262578,44154.869375264745
395,400,-0.75787085,-0.050084095,3.449304,1.4850409,0.5561594,0.64129674,0.17123415,0.14766914,0.29250604,43605.249887407015
396,400,-0.8974009,1.3124703,3.4644394,1.4848597,1.1998732,0.6709921,0.15342389,0.19791189,0.29241127,44668.02683477571
397,400,-0.8589724,-0.8989422,3.4515452,1.4854975,0.4776146,0.6277624,0.17477602,0.1450402,0.2931763,43483.40105592247
398,400,0.07458641,-1.0770991,3.451928,1.4854158,0.4645414,0.6401739,0.18295765,0.14564796,0.29327786,43481.76794094597
399,400,-0.4246633,-0.8299646,3.4512935,1.4853499,0.46995315,0.6365592,0.17869142,0.14524038,0.29308245,43482.61910836682
400,400,1.411172,0.78580385,3.4695935,1.4836366,0.45915744,0.6744945,0.22552735,0.14713499,0.29245424,43531.82230995476
401,400,-0.057469517,-0.39121705,3.44976,1.4849584,0.46209887,0.6484559,0.18375894,0.14483318,0.29268938,43484.52702645413
402,400,0.9409176,0.4052041,3.4617407,1.4840467,0.45565158,0.6660242,0.21511795,0.14443262,0.29241616,43505.13168855777
403,400,0.49805242,-0.026192237,3.4525657,1.4845,0.4556504,0.6562534,0.20123453,0.14351529,0.29242903,43488.409868944254
404,400,-1.68823,-0.112465985,3.4506385,1.4855044,1.067864,0.6226586,0.15965402,0.15559731,0.29272854,44332.14787144847
405,400,-0.5324899,0.6450553,3.4564843,1.4847949,1.1332563,0.66184485,0.16155313,0.17559886,0.29236102,44491.6039113869
406,400,1.0118425,-0.65795106,3.4536834,1.4848012,0.45489156,0.6495962,0.20996015,0.1432916,0.2929697,43485.72179629582
407,400,0.46838522,1.735879,3.4760106,1.4839361,1.1978946,0.6852219,0.16790503,0.19714919,0.29238513,44663.84109419682
408,400,-0.66771275,1.6819217,3.47018,1.4846859,1.1999767,0.67906857,0.15295386,0.19928616,0.29241738,44668.627658227546
409,400,-0.85258585,0.022959756,3.449848,1.4850675,0.6611218,0.6416229,0.16836028,0.1501552,0.29248846,43752.15765215946
410,400,-0.011145612,0.0114989,3.4483168,1.4846596,0.45966026,0.654199,0.1855576,0.14433858,0.29232085,43486.824071752584
411,400,-0.837678,-0.5911831,3.4505029,1.4853009,0.47547626,0.6317827,0.17538007,0.14470728,0.29292887,43483.28338708698
412,400,-0.66772026,0.3269626,3.4522552,1.4849234,0.92136467,0.65204096,0.16517308,0.15937026,0.2923925,44139.93882002621
413,400,0.33003512,2.2259443,3.4798913,1.4839102,1.1999646,0.68901515,0.15895517,0.19961414,0.2924036,44668.121827326686
414,400,1.370989,-0.50984323,3.4567487,1.4845519,0.45298818,0.6532411,0.22248122,0.14251918,0.29290915,43490.41698783522
415,400,0.3248696,0.997118,3.4668355,1.4842082,1.0251383,0.67573524,0.1767128,0.17732118,0.29235247,44357.62721268762
416,400,0.030601824,-0.069641575,3.448566,1.4847081,0.4596441,0.65351737,0.18583485,0.14441639,0.29239595,43486.45481391363
417,400,0.05157494,0.8672766,3.4634242,1.4844192,1.0539442,0.6725123,0.16984747,0.17687239,0.292345,44390.680791171544
418,400,-0.84832054,-0.32566947,3.449583,1.4851735,0.492282,0.634444,0.17360859,0.1450879,0.2927251,43508.20458307436
419,400,0.47043315,0.31144708,3.4572523,1.4843016,0.4608355,0.66306686,0.19912218,0.14562559,0.29235655,43505.172087358835
420,400,0.23958276,-0.36980116,3.4495566,1.4848627,0.45937297,0.65055466,0.18890673,0.14450832,0.29267645,43485.15111412971
421,400,0.9725358,2.1338682,3.481162,1.4835042,1.1989268,0.6894487,0.1767335,0.19842319,0.29240668,44674.5126738692
422,400,0.4064155,-0.1931767,3.4507265,1.4846663,0.4569651,0.6532794,0.19605407,0.14378223,0.29253656,43485.946354006315
423,400,0.7557403,-0.53913265,3.4522138,1.4848022,0.45598558,0.65017843,0.20304954,0.14363045,0.29284883,43485.10675803052
424,400,-0.74969035,0.032808747,3.4497316,1.4850149,0.6124859,0.6435555,0.16989565,0.1494416,0.2924629,43686.60570352505
425,400,-2.5827966,-1.1539503,3.4526227,1.4862405,0.8254683,0.57808405,0.15878938,0.14651833,0.2935875,43964.02598251234
426,400,-0.34796184,-1.3533889,3.4531348,1.4856892,0.47417217,0.62967056,0.17822385,0.14614338,0.29350942,43485.071666732445
427,400,-1.0326431,-0.43674833,3.4500153,1.4853001,0.5021658,0.6289923,0.17160468,0.14512615,0.29283854,43516.42193847102
428,400,-1.6429653,-0.40607178,3.450167,1.4855676,0.7678958,0.6155359,0.16312832,0.14829299,0.2929085,43883.07764993859
429,400,-0.53527015,0.025405208,3.4492965,1.4849114,0.52462107,0.6467402,0.1739375,0.14749403,0.29242095,43568.62875012492
430,400,1.154184,0.17250441,3.460019,1.484114,0.45284727,0.66241693,0.22186536,0.14288414,0.2924746,43497.80863373016
431,400,0.021062022,0.099454455,3.4500914,1.4846152,0.4643442,0.6564791,0.1849074,0.14537917,0.29231173,43497.38683068952
432,400,0.22739278,-1.0167387,3.4516582,1.4853402,0.46273705,0.6421889,0.18550977,0.14535996,0.2932313,43481.728394761565
433,400,-0.11477532,0.30875126,3.4530022,1.4846531,0.55225605,0.6598784,0.17530616,0.15220517,0.29232746,43631.38346593177
434,400,-1.37076,0.8656529,3.4584503,1.4851717,1.199495,0.6550075,0.15377165,0.19300076,0.29245555,44655.62296119707
435,400,1.0813761,-0.63137597,3.4542396,1.4847566,0.4544447,0.65018713,0.21252394,0.14311114,0.29295826,43486.41806089612
436,400,-0.24133779,-0.87819034,3.451515,1.4853405,0.4677462,0.6388917,0.18054846,0.1454426,0.29311734,43483.18955078854
437,400,0.69938046,-1.0612223,3.4518094,1.4852192,0.45892277,0.6431774,0.1959253,0.14474206,0.29328382,43482.3682086915
438,400,-0.222477,-0.8589199,3.45144,1.4853232,0.46732754,0.63947153,0.18079239,0.1454274,0.2931003,43483.23015175636
439,400,0.05095428,-1.7942293,3.4542124,1.4859103,0.4704836,0.6283584,0.18033326,0.14678177,0.29384792,43482.03170539692
440,400,1.3264617,-0.9646064,3.4549723,1.484918,0.45424855,0.64673954,0.21585116,0.14317316,0.2932335,43485.19846277286
441,400,0.059894685,-0.21252304,3.4490483,1.4848053,0.46007004,0.65193444,0.18576922,0.14454894,0.29252774,43485.64497581699
442,400,-0.7621145,-0.88778013,3.4515061,1.485466,0.4757622,0.62992793,0.17563349,0.14507413,0.293158,43482.99053576848
443,400,0.93639857,-0.5256406,3.4535441,1.4847286,0.4548573,0.6510185,0.20924017,0.14322859,0.2928611,43486.31342755135
444,400,0.2711702,-0.80149686,3.4508977,1.4851758,0.4612816,0.64523935,0.18712547,0.1450352,0.29305264,43482.77163309509
445,400,-0.64718145,0.47224715,3.4540155,1.4848862,1.0645545,0.6560334,0.1628441,0.16707648,0.29237455,44364.52389388366
446,400,0.9304085,-0.17531641,3.455166,1.4844505,0.45385283,0.6561652,0.2135152,0.14291993,0.29259998,43490.569275858055
447,400,-1.4219198,1.997956,3.470759,1.4849916,1.1999999,0.67705,0.15076679,0.19991036,0.2924647,44669.74554172305
448,400,-0.8565493,-1.5415874,3.4536426,1.4859272,0.48871666,0.61693364,0.17282186,0.14606495,0.29367423,43492.96013599049
449,400,2.5944245,-0.4040323,3.4659867,1.48399,0.4507138,0.6608556,0.24347568,0.14140265,0.2930144,43498.73106422703
450,400,-1.4617327,-0.6834398,3.4509344,1.4855868,0.5391269,0.6154647,0.16729392,0.14532298,0.2930897,43556.83936432401
451,400,0.3675449,0.19031155,3.4543965,1.4844055,0.45815793,0.65974385,0.1969146,0.14454404,0.29234868,43494.670714191074
452,400,-0.8517292,1.8227236,3.4709754,1.4847537,1.1999962,0.67946017,0.15193614,0.1996617,0.29243374,44668.96314918771
453,400,-0.5215797,-1.1846865,3.452536,1.4856145,0.47542024,0.6292934,0.17686732,0.14573029,0.2933789,43484.5302641126
454,400,0.9606934,1.3290628,3.473719,1.4837061,0.96850055,0.68213737,0.19599035,0.17924727,0.29238746,44302.82393637825
455,400,-0.8174931,-1.4013473,3.45317,1.4858242,0.48518533,0.6201689,0.17350367,0.1458611,0.2935642,43489.925414665675
456,400,1.0304383,-2.0473237,3.4545717,1.4858311,0.46110973,0.63016325,0.19708386,0.14568146,0.29406053,43477.70172719191
457,400,-1.2266216,0.96744615,3.459596,1.4850787,1.1995751,0.659638,0.15374263,0.19450526,0.29242665,44659.75883264326
458,400,-0.055352546,-0.26393735,3.4493165,1.4848673,0.4614073,0.65018314,0.18420039,0.14467336,0.29257476,43485.142426734594
459,400,0.3528166,-0.15277442,3.4504566,1.4846547,0.45719114,0.6535952,0.19481197,0.1438319,0.2924978,43486.04549400086
460,400,-1.2986867,1.2760754,3.4629924,1.4850545,1.1999674,0.6655706,0.1522509,0.19837019,0.29242897,44671.962631417504
461,400,1.325014,0.20533256,3.461632,1.4840268,0.45239967,0.6636502,0.22622567,0.1427298,0.29249573,43499.89536349446
462,400,0.045134015,2.339625,3.4797993,1.4840859,1.1999953,0.68920684,0.15470344,0.19983569,0.29241097,44665.7543678112
463,400,-0.27643284,-0.25957698,3.4492965,1.4849172,0.4633427,0.64697313,0.18197979,0.14453326,0.292587,43483.088444917135
464,400,0.36448124,1.471322,3.4728184,1.4840693,1.1911116,0.682163,0.16920416,0.19398116,0.29237247,44643.66290402999
465,400,1.5927707,-0.25857264,3.4598696,1.4842622,0.45196003,0.65820044,0.23018807,0.14218403,0.2927621,43495.81281994562
466,400,0.30833125,-1.3780835,3.452785,1.4855733,0.46409804,0.63741016,0.18548895,0.14575917,0.2935267,43480.45580758926
467,400,-0.3119761,-0.84029037,3.4513772,1.4853306,0.46838096,0.6383033,0.17987218,0.14533669,0.29308748,43482.87038192781
468,400,-1.0068318,1.6815767,3.4686265,1.4848535,1.1999946,0.676051,0.15188158,0.19952872,0.29243815,44670.42633449816
469,400,-0.79228663,-0.5316059,3.4502974,1.4852517,0.4746308,0.63346463,0.1757853,0.14467314,0.29287693,43483.58983523004
470,400,0.36584878,1.2978252,3.4708405,1.4841094,1.1698265,0.68007237,0.17226315,0.18945345,0.29236567,44598.57724713592
471,400,0.48111513,2.759355,3.484246,1.4836789,1.1999986,0.6925015,0.1569205,0.19993117,0.29242638,44665.6236738564
472,400,-0.074667975,0.25871643,3.4523845,1.4846406,0.5136297,0.65925527,0.17761448,0.15006976,0.29232293,43574.95702685753
473,400,0.27560067,1.4350494,3.471999,1.4841366,1.1920891,0.68147165,0.16723727,0.19405998,0.29236954,44644.3548341956
474,400,0.5072389,-0.1162297,3.4519477,1.4845655,0.45590803,0.65491384,0.20046218,0.14351061,0.2924915,43487.318228750926
475,400,-0.9474886,0.24444346,3.4516685,1.4850674,1.0034983,0.6457615,0.16318083,0.15929101,0.29244864,44251.20303438252
476,400,1.4013448,-0.4103818,3.45746,1.4844575,0.45268267,0.6549212,0.22427249,0.14242302,0.29284012,43491.930382436185
477,400,0.5289436,0.24614778,3.4565034,1.4843079,0.45723373,0.6614798,0.20221883,0.14446318,0.29236853,43497.16690224863
478,400,0.86351967,-0.8047537,3.4523418,1.4849613,0.4563789,0.6471522,0.20313531,0.14388585,0.29307023,43483.877647508816
479,400,2.346647,-1.2791611,3.4606957,1.4847933,0.45169863,0.6465527,0.23651117,0.14198992,0.29357517,43487.84406086181
480,400,-0.36555108,0.9380925,3.4618254,1.4846667,1.1826589,0.6700425,0.16013041,0.1869753,0.29236865,44602.71603661026
481,400,0.29673317,0.82998616,3.464347,1.4842669,0.84606004,0.67294747,0.17923328,0.16888572,0.29234517,44086.67309520686
482,400,-0.49610233,-0.074804984,3.44886,1.4849211,0.48594117,0.6450141,0.17676708,0.1455875,0.29247034,43511.964811072576
483,400,0.012231983,1.5692596,3.472227,1.4842869,1.1989814,0.68210524,0.15964606,0.19743477,0.29237825,44662.61645601257
484,400,0.69042903,0.7966721,3.4660144,1.48402,0.5512337,0.6738622,0.19761972,0.15759872,0.29236656,43671.88422199173
485,400,-0.6579261,0.9688826,3.460706,1.4848031,1.195888,0.6671804,0.15688412,0.19113731,0.2923842,44638.42802911323
486,400,0.22558166,1.3891454,3.4712358,1.4841799,1.1910951,0.68075657,0.16656065,0.1935561,0.2923675,44640.76298273601
487,400,2.0140603,-0.30676576,3.4626398,1.4841383,0.4512718,0.6595149,0.23739146,0.14181383,0.29286093,43497.73637500724
488,400,-0.40630314,-0.86404496,3.45143,1.4853693,0.4699884,0.6363487,0.1788217,0.145307,0.2931103,43482.742284723376
489,400,-0.14357951,-0.38202545,3.449754,1.4849713,0.4629503,0.64739525,0.18291141,0.14478186,0.29268405,43484.04274098072
490,400,0.3595044,-0.14456682,3.450542,1.4846456,0.4571014,0.6537403,0.19515416,0.1438045,0.29249245,43486.13873871647
491,400,-0.36159927,1.0645851,3.4637258,1.4846394,1.1927773,0.6723746,0.15893742,0.19108768,0.29237267,44631.956442329974
492,400,-0.9378802,0.43310794,3.453568,1.4850366,1.1369641,0.65060496,0.1603881,0.16900063,0.29242736,44472.44456356914
493,400,-0.40594172,0.7243685,3.4582417,1.484725,1.1365256,0.66526824,0.1620954,0.17791238,0.29236233,44504.61528311746
494,400,1.3852615,-0.30309826,3.4579809,1.4843775,0.4525376,0.6565174,0.22495496,0.14240284,0.29276,43493.314737746005
495,400,0.44103292,0.17879286,3.4546666,1.4843826,0.4569379,0.65962476,0.19972885,0.14417827,0.29236054,43493.35263088229
496,400,-0.7994224,0.2407875,3.4514363,1.4849973,0.90203345,0.6479532,0.16508846,0.1570726,0.2924229,44104.40018938136
497,400,0.2891205,0.41287082,3.4577343,1.4843698,0.4909106,0.66509837,0.18888722,0.14996642,0.29233196,43555.32500218719
498,400,-0.1983989,0.0941923,3.4493072,1.4847319,0.48343152,0.6532957,0.17903727,0.14656764,0.29233557,43520.35841761992
499,400,-1.1476109,-0.35811406,3.4497025,1.4853215,0.5465928,0.6274679,0.16930632,0.14599524,0.29279613,43576.97917551246
0,500,1.7640524,0.4001572,3.4767795,1.491477,0.4560587,0.6737957,0.20071149,0.1430509,0.29573536,43469.08150581377
1,500,0.978738,2.2408931,3.4953027,1.4923334,1.2,0.69659275,0.15411398,0.19993573,0.2983018,44632.40681518715
2,500,1.867558,-0.9772779,3.4707093,1.4925208,0.45367682,0.66302407,0.19889179,0.14167425,0.29644156,43449.43716183029
3,500,0.95008844,-0.1513572,3.4684691,1.4920635,0.45123824,0.66680366,0.19627906,0.14227355,0.29535824,43454.65940578279
4,500,-0.10321885,0.41059852,3.4745073,1.4923334,0.54810417,0.677259,0.17684649,0.15528186,0.29573536,43621.10087824625
5,500,0.14404356,1.4542735,3.490223,1.4925147,1.199997,0.69236356,0.15770774,0.19873492,0.29759663,44633.85389213354
6,500,0.7610377,0.121675014,3.4693136,1.4918971,0.4512987,0.66907525,0.19577545,0.14269677,0.29514354,43458.49884274849
7,500,0.44386324,0.33367434,3.4728253,1.4920132,0.46254525,0.6744918,0.18706405,0.14661703,0.29537815,43485.45456741185
8,500,1.4940791,-0.20515826,3.4707868,1.4919479,0.45149782,0.66668606,0.20023566,0.14184389,0.29563877,43454.134826062065
9,500,0.3130677,-0.85409576,3.4666257,1.4927275,0.45239282,0.66432387,0.18930678,0.14313203,0.2960018,43451.40671526
10,500,-2.5529897,0.6536186,3.4856749,1.4938502,1.0650303,0.67429495,0.15970212,0.18932368,0.2975792,44416.39486510677
11,500,0.8644362,-0.742165,3.4676647,1.4925799,0.45240027,0.66461813,0.1929614,0.14251508,0.29595262,43451.318744832606
12,500,2.2697546,-1.4543657,3.47221,1.4927884,0.45702934,0.66115016,0.19943246,0.14149623,0.29695755,43449.261751360165
13,500,0.045758516,-0.18718386,3.4647686,1.4923315,0.45106882,0.66675,0.18974698,0.14327963,0.29506874,43456.41828747987
14,500,1.5327792,1.4693588,3.4906502,1.491807,1.1999483,0.6915312,0.16666993,0.19434875,0.29734805,44622.05567495101
15,500,0.15494743,0.37816253,3.4736226,1.4921727,0.49584913,0.67628986,0.18141398,0.1510154,0.29551792,43541.715454496894
16,500,-0.88778573,-1.9807965,3.4702842,1.4937391,0.45091102,0.6494188,0.18959862,0.14313559,0.2971002,43431.41013174925
17,500,-0.34791216,0.15634897,3.4688241,1.4924209,0.4530775,0.66941214,0.1836948,0.14599195,0.29526895,43465.92096177215
18,500,1.2302907,1.2023798,3.4879453,1.4918799,1.19886,0.6890062,0.17002065,0.18716803,0.29697746,44593.21932303811
19,500,-0.3873268,-0.30230275,3.4658158,1.4925584,0.45048022,0.6632392,0.18996611,0.14310683,0.29527506,43450.54251478359
20,500,-1.048553,-1.420018,3.4694448,1.4934766,0.45032713,0.65129364,0.18986154,0.14294247,0.29661047,43433.380048324834
21,500,-1.7062702,1.9507754,3.494588,1.4938507,1.2,0.6947361,0.15155913,0.19997144,0.2985872,44628.66559790808
22,500,-0.5096522,-0.4380743,3.4664006,1.4926927,0.4504098,0.66155124,0.18997441,0.14305016,0.29547364,43447.78679045384
23,500,-1.2527953,0.7774904,3.48388,1.4932219,1.1751355,0.68159324,0.1615477,0.18851164,0.2970916,44562.79811032809
24,500,-1.6138978,-0.21274029,3.4704769,1.4930851,0.4500714,0.65382546,0.18649587,0.14345244,0.29598308,43436.056222023035
25,500,-0.89546657,0.3869025,3.4762745,1.492854,0.522747,0.6736492,0.17227085,0.1594997,0.29619426,43599.43010971428
26,500,-0.51080513,-1.1806322,3.467918,1.4931518,0.45095122,0.657702,0.18965676,0.14322564,0.29631805,43442.46580023375
27,500,-0.028182229,0.42833188,3.4748073,1.4922875,0.5645596,0.67768455,0.1772045,0.15551595,0.29574257,43642.96750216788
28,500,0.06651722,0.3024719,3.4717171,1.4921938,0.46962124,0.6745733,0.18273638,0.1487562,0.29536676,43500.71425550128
29,500,-0.6343221,-0.36274117,3.4665923,1.4926949,0.4502668,0.66079146,0.19014499,0.14290299,0.295453,43446.34904235487
30,500,-0.67246044,-0.35955316,3.4666874,1.4927087,0.45023987,0.66046077,0.19018339,0.14286709,0.29546863,43445.79118068837
31,500,-0.8131463,-1.7262826,3.4696364,1.4935735,0.4508323,0.6517808,0.18969771,0.14313698,0.2968698,43434.36507953395
32,500,0.17742614,-0.40178093,3.465415,1.4924535,0.45142117,0.666045,0.1897892,0.14319675,0.29539204,43454.69414398977
33,500,-1.6301984,0.46278226,3.4803596,1.4932978,0.6263305,0.6727634,0.16661961,0.17082082,0.29681626,43769.780045165215
34,500,-0.9072984,0.051945396,3.4699137,1.4927042,0.45081103,0.6638381,0.18404822,0.14517102,0.29558954,43452.94250106791
35,500,0.7290906,0.12898292,3.4692655,1.4919038,0.4513158,0.6691541,0.19545478,0.1427578,0.295128,43458.67558012665
36,500,1.1394007,-1.2348258,3.4688811,1.4928668,0.45452234,0.662942,0.19325775,0.14239213,0.29653132,43449.84501502523
37,500,0.40234163,-0.6848101,3.4663348,1.492608,0.45207256,0.6650536,0.19030425,0.14301617,0.29579523,43452.63041523304
38,500,-0.87079716,-0.5788497,3.4675906,1.4929193,0.45018533,0.65754783,0.19015142,0.14278172,0.2957668,43441.42079648049
39,500,-0.31155252,0.05616534,3.466222,1.4923524,0.4507804,0.6665244,0.18795219,0.14375171,0.29501545,43455.817413108714
40,500,-1.1651498,0.9008265,3.485343,1.493217,1.1956728,0.68420696,0.15984364,0.19298792,0.29723674,44607.462607807145
41,500,0.46566245,-1.5362437,3.4684153,1.4931316,0.45501256,0.66138417,0.18857539,0.14306977,0.29676938,43448.077747423944
42,500,1.4882522,1.8958892,3.4936266,1.49196,1.1999999,0.6947548,0.15909041,0.19933635,0.29787636,44635.78995801961
43,500,1.1787796,-0.17992483,3.4694386,1.4920206,0.4513468,0.666717,0.19789453,0.14208162,0.29548335,43454.29860764644
44,500,-1.0707526,1.0544517,3.4870143,1.4932106,1.1995225,0.6869441,0.1581,0.19641268,0.29741755,44624.95263523393
45,500,-0.40317693,1.222445,3.4881358,1.4927912,1.1999536,0.690154,0.15787576,0.19761112,0.29742685,44630.171613234124
46,500,0.20827498,0.97663903,3.4847598,1.4923291,1.197309,0.6872446,0.16568002,0.18836357,0.29679513,44594.96240561697
47,500,0.3563664,0.7065732,3.4804995,1.4921722,1.0624706,0.682842,0.17381148,0.1686436,0.29620004,44338.488235801735
48,500,0.01050002,1.7858706,3.4928195,1.4926953,1.2,0.6946858,0.15431875,0.19977927,0.29804888,44633.305902328895
49,500,0.12691209,0.40198937,3.4741766,1.4921945,0.51642615,0.6769109,0.18023999,0.15244912,0.29558927,43572.42072993272
50,500,1.8831507,-1.347759,3.4710684,1.4928002,0.45583564,0.66188574,0.19718821,0.1417539,0.2967871,43448.90923323387
51,500,-1.270485,0.9693967,3.4863915,1.4933034,1.1983668,0.68508637,0.15857054,0.19513267,0.2973849,44618.63170582323
52,500,-1.1731234,1.9436212,3.494221,1.493503,1.2,0.6951384,0.15187685,0.19995975,0.29846412,44629.67676473952
53,500,-0.41361898,-0.7474548,3.46678,1.4928511,0.4507603,0.66090226,0.1898729,0.14320955,0.29581007,43447.163652080846
54,500,1.922942,1.4805148,3.4908686,1.4916064,1.1998849,0.69129324,0.1701343,0.19154797,0.2973519,44612.0925349842
55,500,1.867559,0.90604466,3.4846227,1.4914632,0.942865,0.68381613,0.18759455,0.15565991,0.29650515,44132.42394507928
56,500,-0.86122566,1.9100649,3.4938922,1.4932879,1.2,0.69517756,0.15220642,0.19994187,0.29836935,44630.46427115622
57,500,-0.26800337,0.8024564,3.4823728,1.4925712,1.1820991,0.6847198,0.16522399,0.18383099,0.2966646,44555.6539664196
58,500,0.947252,-0.15501009,3.468439,1.4920678,0.45124033,0.6667797,0.19622886,0.14227554,0.2953602,43454.61965303521
59,500,0.61407936,0.9222067,3.4840643,1.4921072,1.186152,0.6860342,0.17078766,0.17981195,0.29656655,44547.01781216856
60,500,0.37642553,-1.0994008,3.4672801,1.4928737,0.45314524,0.6633332,0.18905592,0.14310458,0.2962979,43449.96526942437
61,500,0.2982382,1.3263859,3.4889696,1.4923904,1.1999769,0.6911783,0.16024622,0.19731924,0.29735065,44630.79839791064
62,500,-0.69456786,-0.14963454,3.4663975,1.4925994,0.45019242,0.6612271,0.19011952,0.14289452,0.2952924,43447.15145719531
63,500,-0.43515354,1.8492638,3.4934008,1.4929986,1.2,0.69500136,0.15300767,0.19989124,0.29821536,44631.78233100527
64,500,0.67229474,0.40746182,3.4747832,1.4919221,0.4704143,0.675813,0.18781807,0.1470725,0.29554212,43497.43792548784
65,500,-0.76991606,0.5392492,3.478829,1.492843,0.822615,0.6781044,0.16866578,0.16958228,0.29640847,44022.77253801809
66,500,-0.6743327,0.031830557,3.4681025,1.4925623,0.4506165,0.6643014,0.18637167,0.144205,0.29534167,43452.35570689598
67,500,-0.6358461,0.67643327,3.4808595,1.4928035,1.1075618,0.6816003,0.16615574,0.1787115,0.2965924,44435.57990019018
68,500,0.57659084,-0.20829876,3.4664516,1.492228,0.4511929,0.66637796,0.19302598,0.14264555,0.29525164,43454.63533153488
69,500,0.3960067,-1.0930616,3.467267,1.4928665,0.4531665,0.66339815,0.18911785,0.14308986,0.2962918,43450.06069077666
70,500,-1.4912575,0.4393917,3.479486,1.493213,0.58565784,0.67267025,0.16780904,0.16790222,0.29669166,43707.32925967784
71,500,0.1666735,0.63503146,3.4791265,1.4922462,0.9808552,0.6817844,0.17360738,0.16663511,0.2961203,44222.51100030223
72,500,2.3831449,0.94447947,3.485432,1.4912096,0.84934103,0.68353754,0.19413891,0.1515579,0.29657996,43996.87612796264
73,500,-0.91282225,1.1170163,3.4874616,1.4931197,1.1998072,0.6881597,0.15773618,0.1971039,0.29744738,44627.78009930175
74,500,-1.3159074,-0.4615846,3.4685311,1.4930278,0.45004946,0.6535758,0.19070202,0.14241146,0.29586715,43435.861130833626
75,500,-0.0682416,1.7133427,3.4923284,1.4927214,1.1999999,0.69424915,0.15458974,0.19970682,0.29798245,44633.57513765249
76,500,-0.74475485,-0.82643855,3.4676895,1.4930203,0.45035434,0.657525,0.18990278,0.14299741,0.29596275,43441.777243974466
77,500,-0.09845252,-0.6634783,3.4660797,1.492686,0.45134422,0.663637,0.18937439,0.14330113,0.29572916,43451.18055692089
78,500,1.1266359,-1.0799315,3.468693,1.4927673,0.45374802,0.663449,0.19362634,0.14235578,0.29636937,43450.023425685205
79,500,-1.1474687,-0.43782005,3.4680738,1.4929456,0.45007417,0.65547276,0.19058724,0.14250739,0.2957671,43438.36135823757
80,500,-0.49803245,1.929532,3.4938996,1.4930615,1.2,0.6954104,0.152564,0.19993055,0.29831034,44631.06510826256
81,500,0.9494208,0.08755124,3.4698358,1.4918563,0.45127317,0.6687778,0.19741322,0.14241938,0.29523402,43457.74660900724
82,500,-1.2254355,0.844363,3.4847405,1.4932308,1.1903348,0.68299973,0.16049087,0.19124797,0.29718083,44593.65856806141
83,500,-1.0002153,-1.5447711,3.469614,1.4935318,0.45042804,0.65104985,0.18986246,0.14299472,0.29671818,43433.14239301838
84,500,1.1880298,0.3169426,3.4738305,1.4917022,0.45394102,0.67254096,0.19673905,0.14337078,0.29546124,43465.70825566417
85,500,0.9208588,0.31872764,3.4731188,1.4918002,0.45470253,0.6729045,0.19406046,0.14401434,0.29539096,43468.25216850149
86,500,0.8568306,-0.6510256,3.4675813,1.4925134,0.45215476,0.6648725,0.19312452,0.14248793,0.29585052,43451.590603633
87,500,-1.0342429,0.6815945,3.4819613,1.493057,1.1116512,0.68034124,0.1641566,0.18186752,0.2968198,44452.40571315836
88,500,-0.80340964,-0.6895498,3.4676301,1.4929606,0.450255,0.65762794,0.19001521,0.14288552,0.29584515,43441.687968040635
89,500,-0.4555325,0.017479159,3.4664354,1.4924316,0.45052263,0.66496444,0.18827052,0.14357042,0.29511017,43453.082298670575
90,500,-0.35399392,-1.3749512,3.4681625,1.4932114,0.4516133,0.657917,0.18929371,0.14330214,0.29654518,43442.87196814302
91,500,-0.6436184,-2.2234032,3.470449,1.4937911,0.4519937,0.6502111,0.18909341,0.14328314,0.29732293,43433.06791803315
92,500,0.62523144,-1.6020577,3.4686005,1.4931458,0.45593658,0.66144776,0.1888598,0.14296515,0.29684472,43448.75044979985
93,500,-1.1043833,0.05216508,3.4710813,1.4928181,0.45084015,0.66297483,0.18273331,0.14577715,0.29576853,43452.681861337216
94,500,-0.739563,1.5430146,3.491353,1.4931077,1.1999996,0.6928394,0.15415937,0.19960836,0.2979501,44633.02967827478
95,500,-1.2928569,0.26705086,3.4759095,1.493021,0.4646582,0.6686894,0.17392603,0.15491346,0.29627043,43504.45788651184
96,500,-0.039282817,-1.1680934,3.4672902,1.4929953,0.45221314,0.6612093,0.18878776,0.14327489,0.2963462,43447.19654455398
97,500,0.5232767,-0.17154633,3.4663,1.4922115,0.45113564,0.6665507,0.1928235,0.14269306,0.29519045,43455.015345118496
98,500,0.77179056,0.82350415,3.4827116,1.491997,1.1229236,0.68421525,0.17524406,0.16962641,0.2963656,44422.62238041281
99,500,2.163236,1.336528,3.4897048,1.4914356,1.1983447,0.6895331,0.17703733,0.18086755,0.29716253,44568.71110683187
100,500,-0.36918184,-0.23937918,3.4656405,1.4925108,0.4504661,0.6636791,0.1899945,0.1430967,0.29519826,43451.21953012681
101,500,1.0996596,0.6552637,3.480138,1.4917803,0.6422503,0.68049926,0.18520135,0.15272388,0.2960466,43732.276513451805
102,500,0.64013153,-1.616956,3.468643,1.4931526,0.45607647,0.6614024,0.18888006,0.14295617,0.29685986,43448.79490398562
103,500,-0.024326125,-0.7380309,3.4661903,1.4927155,0.45157835,0.6636488,0.18918806,0.14328791,0.2958288,43450.99070231834
104,500,0.2799246,-0.09815039,3.4653733,1.492216,0.45100692,0.6669179,0.19146116,0.14295654,0.2950075,43456.2514438668
105,500,0.9101789,0.3172182,3.473063,1.4918044,0.45467532,0.672886,0.19398125,0.14402406,0.29538608,43468.221859485275
106,500,0.78632796,-0.4664191,3.4672306,1.4923861,0.45170596,0.665447,0.19340616,0.14249349,0.29561993,43452.62615668838
107,500,-0.94444627,-0.4100497,3.4674911,1.492849,0.45012304,0.65766436,0.1903926,0.1426543,0.2956466,43441.461418737694
108,500,-0.017020414,0.37915173,3.473648,1.4922646,0.5116532,0.676546,0.17891614,0.15278614,0.2956153,43566.9290311096
109,500,2.259309,-0.042257152,3.4748063,1.4915518,0.4518604,0.6683892,0.20725706,0.14140211,0.29587483,43457.14565480803
110,500,-0.955945,-0.34598178,3.4674182,1.4928157,0.45011073,0.65782285,0.19048236,0.14262827,0.29559404,43441.7262941139
111,500,-0.463596,0.48148146,3.476801,1.4926221,0.6785972,0.6779209,0.17207102,0.16285636,0.2961011,43812.44333435575
112,500,-1.540797,0.06326199,3.4736872,1.4930674,0.45103484,0.66133046,0.1795365,0.14764977,0.29615456,43454.63701682183
113,500,0.15650654,0.23218104,3.4699244,1.4921261,0.4559715,0.6724927,0.18647222,0.14583997,0.29515374,43473.71331722839
114,500,-0.5973161,-0.23792173,3.466264,1.4926044,0.4502521,0.6616967,0.19022213,0.14288533,0.2953127,43447.70500173918
115,500,-1.424061,-0.49331987,3.4688478,1.4930888,0.45003882,0.6522484,0.19077335,0.14235215,0.29594404,43434.13730685743
116,500,-0.54286146,0.41605005,3.4757085,1.4926531,0.559317,0.6759703,0.17343119,0.15891287,0.29601187,43645.803336888945
117,500,-1.1561824,0.7811981,3.4837294,1.4931666,1.1766154,0.68199456,0.16178338,0.18821377,0.2970484,44563.76680938385
118,500,1.4944845,-2.069985,3.470637,1.4933226,0.4628218,0.65985024,0.19275232,0.14225714,0.29732862,43453.24530612898
119,500,0.42625874,0.676908,3.4799898,1.492127,0.9841432,0.6821919,0.17544901,0.16520178,0.29612225,44221.61367821234
120,500,-0.63743705,-0.3972718,3.4666586,1.4927175,0.45027632,0.6606057,0.1901067,0.1429146,0.295488,43446.08056273575
121,500,-0.13288058,-0.29779088,3.4651675,1.4924558,0.45091408,0.6652885,0.18980283,0.14330496,0.29521406,43454.33591586277
122,500,-0.30901298,-1.6760038,3.4688733,1.4933776,0.4522937,0.6564679,0.18884905,0.14328465,0.2968641,43440.8211531234
123,500,1.1523316,1.0796186,3.486486,1.4918814,1.1945274,0.6875429,0.17237593,0.18112394,0.29678762,44563.52511906272
124,500,-0.81336427,-1.4664243,3.469114,1.4934244,0.45062864,0.6533607,0.1898561,0.14309116,0.29662147,43436.32511519736
125,500,0.5210649,-0.57578796,3.4664907,1.4925256,0.45186633,0.66539294,0.19144529,0.14284906,0.29567826,43453.02969819955
126,500,0.14195317,-0.31932843,3.4651823,1.4924042,0.4512841,0.6663326,0.18984026,0.14321607,0.29527116,43455.35166823478
127,500,0.69153875,0.6947491,3.4805298,1.491998,0.91886055,0.6820487,0.17816935,0.16160427,0.2961259,44122.10176962362
128,500,-0.7255974,-1.383364,3.4687757,1.4933466,0.450712,0.65468735,0.18983354,0.14312844,0.29653352,43438.14631131411
129,500,-1.5829384,0.6103794,3.4822633,1.4933375,0.9847937,0.67664105,0.16348216,0.18109687,0.29701108,44279.11440616166
130,500,-1.1888592,-0.5068163,3.4682875,1.4930024,0.45007208,0.6547414,0.19053777,0.14249502,0.2958464,43437.30416926647
131,500,-0.596314,-0.052567296,3.4664567,1.4925156,0.4503033,0.6630392,0.18898848,0.14323255,0.2952003,43449.80737473654
132,500,-1.9362798,0.1887786,3.4776309,1.4933283,0.45546588,0.66349566,0.17311807,0.15493575,0.29662064,43485.749794084535
133,500,0.52389103,0.08842209,3.4677942,1.4919872,0.45110366,0.66853976,0.1940689,0.14282581,0.29501858,43458.083830095835
134,500,-0.31088617,0.097400166,3.4671743,1.49237,0.45133924,0.667765,0.18629989,0.14448127,0.29509684,43458.9072199184
135,500,0.39904633,-2.7725928,3.471294,1.4938663,0.46349332,0.65376556,0.18718667,0.14310381,0.2977867,43446.69738663716
136,500,1.9559124,0.39009333,3.477213,1.4914088,0.45545462,0.67352,0.20267946,0.1426938,0.29579312,43467.69750525794
137,500,-0.6524086,-0.39095336,3.4666896,1.4927194,0.4502633,0.6604978,0.19013108,0.14289857,0.29548898,43445.894878292165
138,500,0.49374178,-0.11610394,3.4663584,1.4921693,0.45106888,0.6668529,0.1929331,0.1427112,0.29512122,43455.52932372232
139,500,-2.0306845,2.064493,3.4953103,1.4940741,1.2,0.6951047,0.15115748,0.1999866,0.29873806,44627.45690533193
140,500,-0.11054066,1.0201727,3.485441,1.4925333,1.1990178,0.68790746,0.16225648,0.19245046,0.29699904,44611.87362489106
141,500,-0.69204986,1.5363771,3.4912677,1.4930742,1.1999996,0.6928281,0.15428053,0.19958098,0.2979303,44633.123459043854
142,500,0.2863437,0.60884386,3.4786577,1.4921777,0.8733984,0.6811063,0.17581987,0.16271663,0.29601112,44066.58226947219
143,500,-1.0452534,1.2111453,3.4886537,1.4932357,1.1999497,0.6891022,0.15640728,0.19829829,0.29762745,44631.095826413904
144,500,0.68981814,1.3018463,3.488766,1.4921877,1.1999261,0.6906595,0.16329427,0.19539808,0.29719424,44625.13075851079
145,500,-0.6280876,-0.48102713,3.4667888,1.4927654,0.45031464,0.6602952,0.19000928,0.14295687,0.29556665,43445.67079559186
146,500,2.3039167,-1.0600158,3.4719925,1.4924719,0.45423314,0.66237867,0.20157045,0.14140508,0.29663023,43449.27600178284
147,500,-0.1359497,1.1368914,3.4869533,1.4925872,1.199812,0.68931156,0.16026829,0.19559917,0.2972029,44624.14243377322
148,500,0.09772497,0.5829537,3.4781194,1.4922646,0.87705344,0.6808605,0.17423862,0.16393584,0.29603842,44075.76395779683
149,500,-0.39944902,0.37005588,3.4742262,1.4925413,0.5112724,0.67539084,0.17585236,0.15514468,0.29581195,43572.51963070029
150,500,-1.3065269,1.6581306,3.4926143,1.4935242,1.1999999,0.69313216,0.15287706,0.19984224,0.29822743,44631.36719396158
151,500,-0.11816405,-0.6801782,3.4661515,1.4927028,0.4513234,0.6634316,0.18940356,0.1433028,0.29574952,43450.890384277445
152,500,0.6663831,-0.4607198,3.4668612,1.4924113,0.45166722,0.66558135,0.19256203,0.14263047,0.29557815,43452.94989551096
153,500,-1.3342584,-1.3467175,3.4700625,1.4935344,0.45013955,0.64855796,0.18998957,0.14268677,0.2966128,43429.49498055848
154,500,0.69377315,-0.15957344,3.4671705,1.4921491,0.45116296,0.666659,0.19418146,0.14250731,0.29525292,43454.77728469241
155,500,-0.13370156,1.0777438,3.4862185,1.4925672,1.1995697,0.6886192,0.16117385,0.19424137,0.29710478,44619.08772573406
156,500,-1.1268258,-0.7306777,3.468511,1.4931067,0.45011264,0.65422463,0.19025728,0.142625,0.29601282,43436.677150211974
157,500,-0.3848798,0.09435159,3.4675682,1.4924126,0.45129195,0.66735786,0.18592483,0.14460257,0.29516274,43458.30485751947
158,500,-0.042171452,-0.2868872,3.4650137,1.492418,0.45106268,0.6659117,0.18962678,0.14330879,0.29520905,43455.137960196014
159,500,-0.0616264,-0.10730527,3.4645662,1.492301,0.45088476,0.6666952,0.189851,0.14331551,0.29493612,43456.78734375922
160,500,-0.7196044,-0.812993,3.4675975,1.4930025,0.45037273,0.6578344,0.1898937,0.14301497,0.29594165,43442.2531182524
161,500,0.27451634,-0.8909151,3.4667182,1.4927579,0.4524143,0.66407,0.18914764,0.14316116,0.29604405,43451.03451819792
162,500,-1.1573553,-0.31229225,3.4678693,1.4928867,0.45007062,0.6559637,0.19039707,0.14260718,0.2956723,43439.45205693775
163,500,-0.15766701,2.2567234,3.4953988,1.4929441,1.2,0.69682056,0.15189572,0.19998135,0.29854476,44629.581241480075
164,500,-0.7047003,0.9432607,3.4849942,1.4929255,1.1976972,0.6861173,0.16074334,0.19273491,0.29709572,44610.12212060685
165,500,0.7471883,-1.1889449,3.4678526,1.4928815,0.45398897,0.6632281,0.19085015,0.14277215,0.29642627,43450.15484667585
166,500,0.77325296,-1.1838807,3.467897,1.4928759,0.45399055,0.663255,0.19103572,0.1427428,0.2964241,43450.17280716182
167,500,-2.6591723,0.60631955,3.4854925,1.493881,0.9782502,0.672721,0.1602102,0.18776006,0.29757738,44293.987402455496
168,500,-1.7558906,0.45093447,3.4806628,1.4933574,0.6056032,0.67198884,0.16640255,0.17100681,0.2968775,43743.394642391424
169,500,-0.6840109,1.6595508,3.4922078,1.493104,1.1999999,0.6937499,0.1535451,0.19977042,0.29807317,44632.517641456085
170,500,1.0685093,-0.4533858,3.4681103,1.4922998,0.45171446,0.665261,0.19542839,0.14221431,0.2956952,43452.17677836505
171,500,-0.6878376,-1.2140774,3.4683409,1.4932337,0.45064798,0.65599126,0.18986744,0.14312303,0.29635686,43439.91199631394
172,500,-0.44092262,-0.28035548,3.4659135,1.4925659,0.45040464,0.6628827,0.190026,0.14304644,0.29527617,43449.83899176758
173,500,-0.36469355,0.15670386,3.4689105,1.4924314,0.45308587,0.66933787,0.18355356,0.14605145,0.2952847,43465.92277489633
174,500,0.5785215,0.34965447,3.4733546,1.4919522,0.46138647,0.6745681,0.18854225,0.14608337,0.2954167,43482.57651543057
175,500,-0.76414394,-1.4377915,3.4689646,1.4933913,0.4506878,0.65400887,0.18983887,0.1431146,0.29658997,43437.21641229374
176,500,1.3645319,-0.6894492,3.4690967,1.492418,0.45241073,0.66431665,0.19654614,0.14200589,0.29602665,43450.68642168348
177,500,-0.6522936,-0.52118933,3.4669294,1.4927998,0.45031,0.6598801,0.19000319,0.14295164,0.2956177,43445.0465713875
178,500,-1.8430696,-0.477974,3.4700422,1.493265,0.45001864,0.64799255,0.19003865,0.14242128,0.29615444,43429.11785146658
179,500,-0.4796558,0.6203583,3.4794955,1.4926729,1.0217303,0.6809416,0.1682472,0.17333564,0.29640013,44300.708434445514
180,500,0.6984571,0.003770889,3.4680007,1.4919945,0.4510632,0.6678021,0.19538854,0.14251775,0.2951193,43456.62956741728
181,500,0.93184835,0.339965,3.4735594,1.4917948,0.45574254,0.6734068,0.19367906,0.14427495,0.29542577,43470.54558191306
182,500,-0.015682112,0.16092817,3.467853,1.4921925,0.4531593,0.67085534,0.1864833,0.1450673,0.29503173,43466.72397317069
183,500,-0.19065349,-0.3948495,3.4655097,1.4925418,0.4508856,0.66439474,0.18980636,0.14328706,0.2953481,43452.82605726554
184,500,-0.26773354,-1.1280113,3.4674735,1.4930335,0.4515161,0.6599669,0.18932873,0.1433023,0.29628187,43445.71023079356
185,500,0.2804417,-0.9931236,3.466993,1.4928228,0.4526608,0.663571,0.18901378,0.14316347,0.29616547,43450.30846032455
186,500,0.8416313,-0.24945858,3.467548,1.4921887,0.45130748,0.66617966,0.19474888,0.14237787,0.295403,43453.79194296307
187,500,0.04949498,0.4938368,3.4762657,1.4922631,0.66766846,0.67907184,0.17623673,0.15855263,0.2958597,43784.58254043447
188,500,0.6433145,-1.5706234,3.4685383,1.493124,0.45582142,0.6616234,0.18898064,0.14295205,0.2968136,43448.92037643929
189,500,-0.20690368,0.8801789,3.4835467,1.492554,1.1936195,0.68595135,0.16411044,0.18747687,0.29678354,44585.439828584
190,500,-1.6981058,0.38728046,3.479545,1.493297,0.5231161,0.6704825,0.16832238,0.16584754,0.29674637,43618.72085015351
191,500,-2.2555642,-1.0225068,3.471692,1.4936833,0.45000783,0.63962567,0.1910754,0.1419228,0.29668522,43418.73211497305
192,500,0.038630553,-1.6567152,3.4684863,1.4932816,0.45363903,0.658809,0.18829684,0.14323601,0.2968591,43444.24462722805
193,500,-0.98551077,-1.471835,3.4694352,1.4934855,0.4504086,0.6516363,0.18986632,0.1429914,0.296649,43433.89023530773
194,500,1.648135,0.16422775,3.4736235,1.4915943,0.45193368,0.67006683,0.2026475,0.14204593,0.29557675,43459.467456199774
195,500,0.5672903,-0.2226751,3.46639,1.4922422,0.45121318,0.66633415,0.19291145,0.1426613,0.29526436,43454.5973281959
196,500,-0.35343176,-1.6164742,3.4687777,1.4933556,0.4520085,0.65647125,0.1890438,0.1432948,0.2967977,43440.86973409317
197,500,-0.29183736,-0.7614922,3.4665713,1.4928149,0.45101964,0.6617665,0.18967167,0.14328393,0.29583204,43448.56286847602
198,500,0.8579239,1.1411018,3.4870439,1.4920491,1.1989017,0.6887034,0.16785103,0.18885694,0.29690924,44599.66945276661
199,500,1.4665787,0.85255194,3.4836068,1.4916523,0.9782755,0.68357515,0.18356276,0.15872799,0.2964085,44189.67414455847
200,500,-0.5986539,-1.1158969,3.4679596,1.4931439,0.45072436,0.657353,0.1898542,0.14315967,0.2962456,43441.869298095
201,500,0.7666632,0.3562928,3.4736946,1.4918652,0.45859137,0.67422897,0.19119316,0.14517587,0.29543507,43476.72205451863
202,500,-1.7685385,0.3554818,3.4793732,1.4933193,0.4990028,0.6693084,0.16890578,0.16419187,0.29674524,43581.00383627125
203,500,0.8145198,0.058925588,3.4689507,1.4919164,0.45115572,0.66839623,0.19642253,0.14247796,0.29516593,43457.34275723079
204,500,-0.18505368,-0.8076485,3.4665718,1.4928055,0.45132405,0.6623132,0.18944629,0.14330438,0.29590565,43449.22489168532
205,500,-1.4465348,0.800298,3.4845893,1.4933406,1.1815724,0.6814339,0.16058826,0.19042432,0.29721886,44578.51983635835
206,500,-0.30911446,-0.23346666,3.4654717,1.4924828,0.45054358,0.6642045,0.18995607,0.14315209,0.2951643,43452.210747667574
207,500,1.7327212,0.6845011,3.4811153,1.4914763,0.5395344,0.6797514,0.19369915,0.14778495,0.29611713,43588.44008773648
208,500,0.370825,0.1420618,3.4679315,1.4920208,0.45138714,0.669381,0.1922111,0.14331913,0.2949725,43459.98519423052
209,500,1.5199949,1.7195894,3.4925387,1.4918915,1.1999986,0.6935893,0.16184346,0.19833174,0.29766876,44634.50890871589
210,500,0.9295051,0.5822246,3.4786506,1.4918442,0.56624085,0.6793034,0.18530816,0.15130107,0.29590333,43631.64980622254
211,500,-2.094603,0.12372191,3.4773335,1.4933857,0.45241398,0.66067064,0.1742591,0.1527393,0.29664928,43470.61548839747
212,500,-0.13010696,0.09395323,3.4661329,1.4922537,0.4512888,0.6685423,0.1877645,0.14401643,0.29492134,43459.72676064578
213,500,0.9430461,-2.7396772,3.4713638,1.4937594,0.4710832,0.65639246,0.18775068,0.14283022,0.29779887,43457.6398552172
214,500,-0.56931204,0.26990435,3.4725447,1.4926084,0.4652057,0.6718003,0.17803603,0.15092188,0.29571015,43497.11578316381
215,500,-0.46684554,-1.4169061,3.4683838,1.4932765,0.45132726,0.65673614,0.18943962,0.14327782,0.296579,43441.227083019854
216,500,0.8689635,0.27687192,3.472178,1.4918239,0.45331404,0.6719842,0.1944057,0.14364117,0.29531437,43464.9606707452
217,500,-0.97110456,0.3148172,3.4752157,1.4928664,0.47755188,0.67132026,0.17404051,0.1554828,0.29611278,43526.137432845375
218,500,0.8215857,0.005292646,3.4686306,1.4919559,0.4511113,0.6678966,0.19635846,0.14240661,0.2951811,43456.56296509821
219,500,0.8005648,0.078260176,3.46904,1.4919078,0.451186,0.6685854,0.19627619,0.14252955,0.29515922,43457.649576129385
220,500,-0.39522898,-1.1594205,3.467677,1.4930978,0.4512044,0.6587973,0.18952936,0.14328189,0.29630283,43444.11709414059
221,500,-0.085930765,0.19429293,3.46891,1.492251,0.45534614,0.67177755,0.18430519,0.14621824,0.2951662,43472.75660584547
222,500,0.87583274,-0.11510747,3.4682698,1.4920523,0.45118308,0.6669999,0.19595921,0.14234287,0.2952929,43455.103211185015
223,500,0.4574156,-0.964612,3.4670148,1.4927754,0.45288458,0.6640359,0.18966497,0.14303514,0.2961433,43451.01356497499
224,500,-0.78262913,-0.1103893,3.467006,1.4926289,0.4502005,0.6610537,0.18909499,0.14310552,0.2953516,43446.66134194531
225,500,-1.0546285,0.8202478,3.4840384,1.4931221,1.1865072,0.68307096,0.16150004,0.18952638,0.29705876,44582.29413364147
226,500,0.46313033,0.27909577,3.4715052,1.4919899,0.45560682,0.67297137,0.18943235,0.14506687,0.2952594,43471.57169157964
227,500,0.3389041,2.0210435,3.4942315,1.4925836,1.2,0.6958442,0.15377572,0.19990525,0.2982251,44632.44135703125
228,500,-0.4688642,-2.2014413,3.4702792,1.4937257,0.45274583,0.6518698,0.18873596,0.14328691,0.29732224,43435.30651242109
229,500,0.1993002,-0.050603542,3.4651332,1.492197,0.45094344,0.6671493,0.19113058,0.14304149,0.29491946,43456.85686704287
230,500,-0.51751906,-0.97882986,3.467499,1.4930321,0.45075956,0.6588049,0.18984647,0.14318612,0.29608858,43443.99696361881
231,500,-0.43918952,0.18133843,3.4698753,1.4924889,0.45435542,0.6697399,0.18208277,0.14701293,0.2954064,43470.107755391015
232,500,-0.5028167,2.4124537,3.4961154,1.493206,1.2,0.6972978,0.15120922,0.19999361,0.29872483,44628.02746329521
233,500,-0.96050435,-0.79311734,3.4682128,1.4930812,0.45019037,0.6555712,0.19004269,0.14278771,0.2960024,43438.659267782714
234,500,-2.28862,0.25148442,3.4800298,1.4935381,0.4630018,0.66392016,0.16953203,0.1613488,0.29693657,43518.59103244384
235,500,-2.0164065,-0.53945464,3.4705234,1.4933645,0.45001274,0.6455851,0.19018398,0.14232418,0.29627305,43426.27836667957
236,500,-0.27567053,-0.70972794,3.4664202,1.4927763,0.4510038,0.66216123,0.18968773,0.14328551,0.29576695,43449.18267487618
237,500,1.7388726,0.99439436,3.4857302,1.4915545,1.1276518,0.6854886,0.18252897,0.16370802,0.29664862,44406.423792629765
238,500,1.3191369,-0.8824188,3.4691682,1.4925804,0.45306405,0.6637927,0.19525024,0.14209935,0.29621834,43449.835306606976
239,500,1.128594,0.49600095,3.4771082,1.4917234,0.47581044,0.6768423,0.19158998,0.14643155,0.29573476,43503.439040314326
240,500,0.77140594,1.0294389,3.485621,1.4920588,1.1955941,0.6873608,0.16966492,0.18413788,0.29673275,44576.76230748859
241,500,-0.90876323,-0.42431763,3.467423,1.492843,0.45013785,0.6579446,0.1903448,0.14268748,0.29564282,43441.88047362723
242,500,0.86259604,-2.6556191,3.4711626,1.493725,0.4684818,0.65659857,0.1877017,0.14287436,0.2977361,43454.9896693519
243,500,1.5133281,0.55313206,3.4786005,1.4915617,0.47876504,0.67732877,0.19483024,0.1458014,0.2958743,43506.04509270893
244,500,-0.045703962,0.22050765,3.469565,1.492231,0.45746174,0.6725279,0.18389523,0.14677402,0.29521447,43477.722700395054
245,500,-1.0299352,-0.34994337,3.4676118,1.4928495,0.4500922,0.65704966,0.19052926,0.14258711,0.2956351,43440.66891410165
246,500,1.1002843,1.298022,3.4888744,1.4919751,1.1997912,0.690237,0.16656467,0.19258997,0.2971304,44615.15875145648
247,500,2.696224,-0.07392467,3.4763556,1.4914398,0.45215976,0.6683866,0.21041653,0.14118284,0.29606998,43457.755675019995
248,500,-0.65855294,-0.51423395,3.4669313,1.4927979,0.4503022,0.65985763,0.19000916,0.14294283,0.2956131,43444.99439023371
249,500,-1.0180418,-0.07785475,3.4685512,1.4927528,0.45021832,0.6601187,0.18713523,0.14363676,0.29556018,43445.24173356436
250,500,0.38273242,-0.03424228,3.4661586,1.4921262,0.4509743,0.66730565,0.19265638,0.14283226,0.29498968,43456.59304596468
251,500,1.0963469,-0.2342158,3.4688106,1.4920964,0.4513675,0.66634405,0.19682021,0.14214261,0.29549497,43453.703808211925
252,500,-0.34745064,-0.5812685,3.46627,1.4927214,0.45074493,0.66228336,0.18989213,0.14322124,0.295599,43449.32861300759
253,500,-1.6326345,-1.5677677,3.4711359,1.4937571,0.45008254,0.64378643,0.19006443,0.1425273,0.29687023,43423.63588774299
254,500,-1.179158,1.3014281,3.4897003,1.4933497,1.1999862,0.68992335,0.15532316,0.19898917,0.29779017,44632.32560069951
255,500,0.8952603,1.3749641,3.4895358,1.492105,1.1999581,0.6912141,0.16344331,0.19588374,0.29726976,44626.96554561097
256,500,-1.3322116,-1.9686247,3.4710574,1.4938738,0.45029914,0.6448689,0.18984863,0.14287487,0.29712313,43425.45123514403
257,500,-0.6600563,0.17581895,3.4709501,1.4926174,0.4540382,0.66862845,0.18084896,0.1476238,0.29558674,43469.28534834973
258,500,0.49869028,1.0479722,3.485769,1.4922062,1.1982176,0.68791926,0.16677764,0.18856992,0.29681748,44597.42796506771
259,500,0.28427967,1.7426687,3.4925227,1.4925272,1.1999999,0.6943819,0.15553227,0.19964671,0.29792753,44634.271851704456
260,500,-0.22260568,-0.9130792,3.4668791,1.4928846,0.4513582,0.6614819,0.18943544,0.14330497,0.2960314,43447.98471757519
261,500,-1.6812183,-0.8889713,3.4701407,1.4934039,0.45003095,0.64734817,0.19065215,0.1422555,0.29636934,43427.66690979763
262,500,0.24211796,-0.8887203,3.4667134,1.4927623,0.45235005,0.66396916,0.1890925,0.14318334,0.2960369,43450.9306042379
263,500,0.9367425,1.4123276,3.4898973,1.4920954,1.1999729,0.6915331,0.16307327,0.19637893,0.29731834,44628.6314488395
264,500,-2.369587,0.8640523,3.4873078,1.4938512,1.1916113,0.6796654,0.15723643,0.19540684,0.29773423,44609.18277915038
265,500,-2.239604,0.40149906,3.4817996,1.4935837,0.5399939,0.6687197,0.1657597,0.17167984,0.2971022,43659.86995812727
266,500,1.2248706,0.064856105,3.47094,1.4917874,0.45135793,0.6687168,0.1996054,0.14214937,0.29537028,43457.40001990258
267,500,-1.2796892,-0.5854312,3.4686508,1.4930828,0.45006227,0.65340954,0.19054882,0.14245057,0.29595494,43435.473332237765
268,500,-0.26164544,-0.18224478,3.4652426,1.4924304,0.45057914,0.6648225,0.18995194,0.1431753,0.2950849,43453.27937685238
269,500,-0.20289683,-0.10988278,3.4649403,1.4923593,0.45061937,0.6656125,0.1899628,0.14320077,0.2949757,43454.66089492159
270,500,0.21348006,-1.2085737,3.467537,1.4929725,0.4530173,0.6621724,0.18868558,0.14320174,0.29640165,43448.42716846656
271,500,-0.24201983,1.5182612,3.4909077,1.4927763,1.1999992,0.6928812,0.15555426,0.19934791,0.29778463,44633.882440049776
272,500,-0.38464543,-0.4438361,3.4660492,1.4926467,0.45057702,0.6626398,0.18989629,0.1431699,0.29543692,43449.76968934061
273,500,1.0781974,-2.5591846,3.4709961,1.493639,0.4693504,0.65758806,0.18847291,0.14273298,0.2976737,43457.1652876042
274,500,1.1813786,-0.63190377,3.4685225,1.4924186,0.45220053,0.6646531,0.19552717,0.14215143,0.29591528,43451.179311519
275,500,0.16392857,0.09632136,3.4662232,1.4920998,0.45107305,0.6685408,0.19105048,0.14331311,0.29484424,43459.082522448654
276,500,0.9424681,-0.26759475,3.467961,1.4921753,0.45135844,0.6660973,0.19540285,0.14228374,0.295462,43453.50426506726
277,500,-0.6780258,1.2978458,3.489117,1.4929986,1.1999855,0.69066924,0.15625522,0.19863439,0.29761872,44632.39858691051
278,500,-2.364174,0.020334182,3.477084,1.4934971,0.45070872,0.6559529,0.17599742,0.15009642,0.296726,43453.87264568721
279,500,-1.3479254,-0.7615734,3.4691212,1.4932083,0.45006463,0.6517403,0.19045553,0.14245948,0.2961323,43433.28053008968
280,500,2.0112567,-0.044595428,3.4737787,1.4916317,0.45169404,0.66821176,0.20535904,0.14153576,0.2957651,43456.66219035142
281,500,0.1950697,-1.7815628,3.468893,1.4933294,0.45479605,0.6588619,0.18815531,0.14319426,0.29698306,43444.889275673435
282,500,-0.7290447,0.1965574,3.4717493,1.492668,0.45539528,0.66894937,0.17962569,0.14862218,0.29568824,43473.99159695003
283,500,0.3547577,0.61688656,3.4788382,1.4921451,0.8652214,0.6811546,0.17638482,0.16213632,0.2960109,44053.71403855587
284,500,0.008627899,0.5270042,3.4769812,1.4922974,0.75534475,0.67979705,0.1746935,0.16122267,0.29595956,43906.58920085582
285,500,0.4537819,-1.8297404,3.4691682,1.4933109,0.45644867,0.6597271,0.1881402,0.14309122,0.2970438,43446.96249309307
286,500,0.037005723,0.76790243,3.4815507,1.4923587,1.1629869,0.6842299,0.16861597,0.17814848,0.29647052,44508.58346114548
287,500,0.5898798,-0.36385882,3.4665427,1.4923534,0.45146477,0.6659051,0.19247413,0.14267859,0.29543915,43453.68315687093
288,500,-0.8056265,-1.1183119,3.4683514,1.4932177,0.45043015,0.65542996,0.18988058,0.14303662,0.2962768,43438.98382890856
289,500,-0.13105401,1.1330799,3.4869022,1.4925828,1.199801,0.6892688,0.16035113,0.19550383,0.29719514,44623.81406474968
290,500,-1.9518042,-0.6598917,3.470365,1.4933844,0.4500122,0.64530027,0.19103989,0.1420946,0.29630482,43425.693130815605
291,500,-1.1398025,0.7849575,3.4837408,1.4931587,1.1778271,0.6821238,0.16177346,0.18831533,0.297046,44565.813711535295
292,500,-0.5543096,-0.47063765,3.4665804,1.4927306,0.4503786,0.6610016,0.18998311,0.14302209,0.2955261,43446.885218579606
293,500,-0.21694957,0.44539326,3.475447,1.4924247,0.60548687,0.6778941,0.17463753,0.15843004,0.29587907,43704.10885433586
294,500,-0.392389,-3.046143,3.4720542,1.4941645,0.45644093,0.64671093,0.18766072,0.14323966,0.2979524,43431.985740444026
295,500,0.5433119,0.43904296,3.4753542,1.4919949,0.49288902,0.6768919,0.18472084,0.14940897,0.29560694,43533.084368930744
296,500,-0.21954103,-1.0840366,3.467318,1.492991,0.451592,0.6605654,0.18923952,0.1432975,0.2962389,43446.47901355701
297,500,0.35178012,0.37923554,3.473823,1.492073,0.47963443,0.67587346,0.18407175,0.14899617,0.29548353,43514.79537790325
298,500,-0.47003287,-0.21673147,3.4658806,1.4925383,0.4503455,0.6629124,0.19012144,0.14299145,0.2952265,43449.7780431353
299,500,-0.9301565,-0.17858909,3.4673235,1.4927257,0.45013335,0.65916747,0.18954623,0.14291921,0.29547232,43443.90250600112
300,500,-1.5504293,0.41731882,3.4793906,1.4932332,0.5547645,0.6718628,0.16813388,0.16674304,0.296695,43663.29034990426
301,500,-0.9443685,0.23810315,3.473683,1.4928122,0.4596652,0.669271,0.17682417,0.15136038,0.2959473,43487.63049191564
302,500,-1.405963,-0.5900577,3.4689755,1.4931343,0.4500447,0.6520215,0.19067675,0.1423607,0.29601404,43433.645691814585
303,500,-0.110489406,-1.6606998,3.4685771,1.4933157,0.45303982,0.65792894,0.18840411,0.14326577,0.296861,43442.85187555362
304,500,0.115147874,-0.37914756,3.465312,1.4924488,0.45134148,0.6660538,0.18960062,0.14324218,0.2953565,43454.80195555977
305,500,-1.7423562,-1.3032428,3.4709282,1.4936508,0.45004416,0.644168,0.19027753,0.1423497,0.2967016,43423.885620315705
306,500,0.60512006,0.895556,3.4836717,1.4921031,1.1802928,0.6856425,0.17137659,0.17813209,0.29651868,44532.52068125308
307,500,-0.13190864,0.40476182,3.474412,1.4923513,0.5430756,0.6771024,0.17669906,0.1552249,0.29573685,43614.43342084127
308,500,0.22384356,0.32962298,3.4724894,1.4921218,0.47016183,0.674933,0.18398148,0.14836758,0.29538178,43500.53039750095
309,500,1.285984,-1.5069984,3.4695354,1.4930159,0.45640358,0.6619647,0.19330485,0.14232531,0.29681945,43449.88251877804
310,500,0.67646074,-0.38200897,3.4668202,1.4923463,0.45151475,0.6657912,0.19302997,0.1425851,0.29548645,43453.38974675876
311,500,-0.22425893,-0.30224973,3.4653723,1.4924937,0.45074007,0.664608,0.18990989,0.14324938,0.29522258,43453.14155301364
312,500,-0.3751471,-1.2261962,3.4678113,1.4931303,0.45134333,0.6585946,0.18945846,0.14329654,0.29637975,43443.853560714495
313,500,0.1833392,1.670943,3.492007,1.4925604,1.1999998,0.69395137,0.15574913,0.19954233,0.2978708,44634.33566840255
314,500,-0.05613302,-0.0013850428,3.4643207,1.492227,0.45080185,0.6672232,0.18992892,0.14329812,0.29477757,43457.71003869405
315,500,-0.687299,-0.11747455,3.466474,1.4925823,0.45021233,0.66159904,0.18970157,0.14299765,0.2952765,43447.6580443414
316,500,0.46616644,-0.37024245,3.4661434,1.4923891,0.45144674,0.66600204,0.19164553,0.14283262,0.2954092,43454.0646462526
317,500,-0.45380405,0.40326455,3.475132,1.4925901,0.54368967,0.67603076,0.17444229,0.157496,0.29592294,43621.57931713508
318,500,-0.91800475,0.25249663,3.473817,1.4928048,0.46175006,0.669787,0.17645842,0.15187971,0.29595298,43492.590904120574
319,500,0.8203218,1.3599485,3.489376,1.492139,1.1999563,0.6911293,0.1631827,0.19594099,0.2972594,44627.09520293499
320,500,-0.09038201,1.3675972,3.4894314,1.4926287,1.1999922,0.69164914,0.15756214,0.19845349,0.2975396,44632.91767580132
321,500,1.0344099,-0.99621266,3.46836,1.4927264,0.45334274,0.6637733,0.19331348,0.14242305,0.29626393,43450.34377342274
322,500,-1.2179385,-0.30496365,3.468086,1.4929125,0.45006534,0.65551746,0.1901661,0.14264968,0.29570687,43438.85928813479
323,500,1.0289356,-0.07228701,3.4692326,1.4919628,0.45120925,0.66738224,0.19751284,0.14220983,0.29532796,43455.53492215097
324,500,-0.6006576,1.5522432,3.4913538,1.4930185,1.1999996,0.6930239,0.15435444,0.1995852,0.2979282,44633.206032886206
325,500,0.28690448,-2.3205943,3.4702053,1.49363,0.4582691,0.65606,0.18763365,0.14315043,0.2974498,43444.18896643017
326,500,0.31716064,0.52004063,3.4768734,1.4921339,0.63989574,0.6792245,0.1789032,0.15641169,0.2958067,43742.06998075852
327,500,0.22560866,0.4497121,3.475308,1.4921589,0.5498988,0.67783356,0.17999074,0.15368949,0.2956681,43618.957441621176
328,500,-0.067275606,-1.3183959,3.4676876,1.4930956,0.45242065,0.6602013,0.18866959,0.14327511,0.29651123,43445.78613257538
329,500,-0.370704,-0.94561577,3.4671402,1.4929585,0.45102856,0.6601585,0.18963388,0.14326803,0.2960539,43446.08828472407
330,500,-0.9327409,-1.2630683,3.4689004,1.4933467,0.450367,0.6533717,0.18987048,0.1429845,0.2964424,43436.14845022576
331,500,0.45248908,0.097896144,3.4675694,1.4920051,0.4511093,0.6686096,0.1934478,0.14293548,0.29498243,43458.35974049759
332,500,-0.44816536,-0.64933795,3.4666257,1.4928019,0.45062366,0.66111094,0.18989688,0.14317192,0.2956979,43447.411539326735
333,500,-0.023423105,1.0791948,3.4861605,1.4924943,1.1995313,0.68864316,0.16184929,0.19374129,0.29707122,44617.47744743728
334,500,-2.0042157,0.37687653,3.4806023,1.4934521,0.5153669,0.668968,0.16731802,0.16778669,0.29692662,43614.50220271972
335,500,-0.545712,-1.8845859,3.4695716,1.4935715,0.4517687,0.6532554,0.18920685,0.14328961,0.2970336,43436.77035263348
336,500,-1.945703,-0.9127835,3.4708042,1.4935141,0.45001566,0.6441184,0.19088005,0.1420843,0.2964901,43423.80550269416
337,500,0.21950956,0.39306292,3.4740036,1.4921442,0.4986348,0.6765189,0.18177052,0.1509914,0.29553545,43545.25689410169
338,500,-0.9389816,1.017021,3.4863477,1.4931113,1.1991904,0.6866962,0.15894541,0.19541557,0.29731044,44621.37392710055
339,500,1.4229835,0.39608657,3.4757814,1.4916047,0.45676905,0.67400587,0.19747594,0.14369504,0.295628,43471.19736014959
340,500,-0.59140265,1.1244192,3.4871542,1.4928906,1.1998272,0.6888301,0.15842023,0.19667044,0.2973386,44626.91596612136
341,500,0.7553957,0.86740744,3.483365,1.4920186,1.1585855,0.6849665,0.17378175,0.17328672,0.29644752,44484.43733998465
342,500,-0.6564637,-2.8345544,3.4718559,1.4941199,0.45342672,0.64593136,0.18856205,0.14328367,0.29778856,43428.909795042295
343,500,2.116791,-1.6108783,3.4718585,1.49294,0.45825332,0.6608444,0.19783336,0.14164233,0.29705364,43449.7852415208
344,500,-0.035768073,2.3807454,3.4958806,1.4929049,1.2,0.69722545,0.15168679,0.1999887,0.29862785,44629.058098803725
345,500,0.33057675,0.94924647,3.484375,1.4922609,1.1949768,0.68674743,0.1673913,0.18559587,0.2966929,44581.32158110308
346,500,-1.5023966,-1.7776669,3.471104,1.4938236,0.4501522,0.6441013,0.18985221,0.14271326,0.29699916,43424.27813213168
347,500,-0.5327028,1.0907497,3.4866903,1.4928398,1.1997179,0.68850064,0.15904085,0.19594985,0.29726645,44624.486808723435
348,500,-0.34624946,-0.7946363,3.4667435,1.4928558,0.45093372,0.6611632,0.18971655,0.14325982,0.29586956,43447.61575822032
349,500,0.19796729,1.0819352,3.4861836,1.4923677,1.1993963,0.6885979,0.16351964,0.19255525,0.2969899,44613.55499453315
350,500,-1.4449402,-1.210543,3.4701157,1.4934962,0.45008734,0.6481408,0.1901069,0.14254355,0.29653332,43428.75214377216
351,500,-0.7886692,1.0946383,3.4870136,1.4930253,1.199735,0.68809986,0.15832058,0.19654247,0.29736656,44626.10809479571
352,500,0.23482153,2.1321535,3.4947994,1.4926746,1.2,0.69633555,0.15296438,0.19995016,0.29836243,44631.302942564704
353,500,0.9364457,-0.035095178,3.4689662,1.4919566,0.4511567,0.6676171,0.1970266,0.14229257,0.29525733,43455.9992750385
354,500,1.2650778,0.21149701,3.4725735,1.4916959,0.4520125,0.6705302,0.1991236,0.14254253,0.29540545,43460.39769319304
355,500,-0.70492136,0.67997485,3.4810874,1.4928532,1.1112492,0.6814542,0.16575056,0.17947958,0.2966339,44443.3550529397
356,500,-0.6963267,-0.2903971,3.4666247,1.492677,0.4502063,0.6605653,0.19026738,0.14281867,0.2954136,43445.8816576748
357,500,1.3277828,-0.10128149,3.4705071,1.4918973,0.4513445,0.6673347,0.19969496,0.14196847,0.29548585,43455.23292703002
358,500,-0.8031414,-0.46433768,3.467221,1.492824,0.45019254,0.65874755,0.19021243,0.1427946,0.29563022,43443.169760977195
359,500,1.0217906,-0.55254066,3.467994,1.4923955,0.45195484,0.6650194,0.19474116,0.14228012,0.29578373,43451.79886505347
360,500,-0.38687086,-0.51029277,3.466185,1.4926907,0.4506213,0.66231227,0.1899031,0.1431854,0.29551852,43449.30370178174
361,500,0.1839255,-0.38548976,3.4653885,1.4924419,0.4513999,0.66610277,0.18988463,0.14318731,0.29536897,43454.82507750103
362,500,-1.6018361,-0.8871809,3.4699483,1.4933734,0.45003822,0.64825356,0.1905803,0.14231233,0.2963366,43428.796499266406
363,500,-0.932789,1.2433194,3.488813,1.493166,1.1999683,0.6896831,0.15631264,0.1984467,0.29762948,44631.63113332992
364,500,0.81267405,0.58725935,3.4786468,1.4919038,0.6062894,0.6796569,0.18340953,0.15304142,0.29591113,43687.73234320189
365,500,-0.50535834,-0.81579155,3.4671142,1.492927,0.45065287,0.6597721,0.1898889,0.14316562,0.2959007,43445.381423272374
366,500,-0.5075176,-1.0518801,3.4676268,1.4930733,0.45084015,0.6584749,0.18977019,0.14320657,0.29617172,43443.553110862944
367,500,2.4972005,-2.2453218,3.4732132,1.4932971,0.46844706,0.6585716,0.19850841,0.14152637,0.29758027,43458.21024410996
368,500,0.56400853,-1.2845523,3.467829,1.49296,0.45420414,0.66280067,0.18931958,0.14298715,0.29651147,43449.60638241253
369,500,-0.10434349,-0.98800194,3.4669144,1.492898,0.45175,0.66184133,0.18906063,0.1432885,0.29613543,43448.20779620109
370,500,-1.177629,-1.1401963,3.4693465,1.4933629,0.4501641,0.65144295,0.19000852,0.14273946,0.2963907,43433.18029656303
371,500,1.7549862,-0.13298842,3.4722838,1.4917934,0.45155773,0.66734195,0.20288147,0.14166747,0.29569578,43455.21625791716
372,500,-0.7657022,0.55578697,3.4791162,1.492847,0.8669028,0.6785114,0.16827601,0.17080714,0.29643765,44085.6722014985
373,500,0.010349315,0.72003376,3.4807203,1.4923588,1.1329272,0.6834383,0.16949268,0.1751564,0.2963832,44456.72853047548
374,500,-1.8242567,0.30360392,3.4788465,1.4933243,0.47484478,0.66755515,0.17015359,0.1610879,0.29670426,43537.22509331768
375,500,0.7726948,-1.6615983,3.4688601,1.4931598,0.4568132,0.66139036,0.18934056,0.14287035,0.2969071,43449.42259475993
376,500,0.44819528,1.6961815,3.4921682,1.4924293,1.1999998,0.6940359,0.15660661,0.19947822,0.29781973,44634.88618824826
377,500,-0.014857704,0.82140595,3.4824405,1.4924065,1.1830298,0.68510485,0.16686937,0.18230505,0.29659823,44551.539011216024
378,500,0.67057043,-0.7075057,3.4670591,1.4925916,0.4522367,0.66489875,0.19196981,0.14272209,0.29586762,43452.06348499383
379,500,0.039766736,-1.5669947,3.468271,1.4932269,0.45338288,0.65934426,0.18838069,0.14323923,0.29677075,43444.83506547805
380,500,-0.45130304,0.26568797,3.471994,1.4925344,0.46455306,0.6722335,0.1789538,0.15016684,0.29561052,43494.70269502142
381,500,0.7231005,0.024612125,3.4682586,1.4919698,0.45108056,0.6680094,0.19566748,0.14250836,0.29512548,43456.87902486255
382,500,0.71998376,-1.1029062,3.4676616,1.4928324,0.45359448,0.66355383,0.19096282,0.1427778,0.2963295,43450.439335236566
383,500,-0.10169727,0.019279385,3.4644365,1.4922358,0.45070156,0.66695005,0.18993556,0.14326163,0.29478645,43457.08118058294
384,500,1.8495913,-0.21416666,3.4723277,1.4918455,0.4516722,0.6667968,0.20303425,0.14160618,0.2957937,43454.402694148055
385,500,-0.49901664,0.021351224,3.4667819,1.4924573,0.4505424,0.6648435,0.18788067,0.14369169,0.2951575,43452.9077558088
386,500,-0.91911346,0.19275385,3.472705,1.492775,0.45518306,0.6680529,0.17864601,0.14933893,0.29584152,43474.30475625985
387,500,-0.3650552,-1.7913276,3.4692144,1.4934616,0.45229962,0.6553174,0.1888869,0.14328901,0.29696763,43439.39167440344
388,500,-0.058586553,-0.3175431,3.4651196,1.4924437,0.4510655,0.66566813,0.18963207,0.14331049,0.29525295,43454.74474727186
389,500,-1.6324233,-0.06713416,3.4721692,1.4930887,0.4502373,0.65703493,0.18312189,0.14513414,0.29608813,43442.531538788906
390,500,1.4893559,0.5213038,3.4780004,1.4915707,0.47101584,0.67665124,0.19542271,0.14528021,0.29581994,43494.76863914293
391,500,0.6119272,-1.3414967,3.468006,1.4929881,0.4545596,0.66261095,0.18940589,0.14295751,0.29657513,43449.540161901314
392,500,0.47689837,0.14844958,3.4684649,1.4919825,0.4514114,0.66944975,0.19308889,0.14318883,0.2950198,43459.79848554182
393,500,0.5290452,0.4226286,3.4749773,1.4919972,0.48544604,0.676529,0.18509966,0.14890614,0.29557204,43522.05944093459
394,500,-1.3597807,-0.041400813,3.47102,1.4929417,0.45030198,0.65914637,0.18412077,0.14481193,0.29588452,43445.04010328671
395,500,-0.75787085,-0.050084095,3.467379,1.4926059,0.4502862,0.66210663,0.18803611,0.14346096,0.295344,43448.29710635393
396,500,-0.8974009,1.3124703,3.489448,1.4931582,1.1999884,0.69050467,0.1557228,0.19887435,0.2977091,44632.55642415013
397,500,-0.8589724,-0.8989422,3.46812,1.4931066,0.45028558,0.65603036,0.18993548,0.14292268,0.2960695,43439.55229269701
398,500,0.07458641,-1.0770991,3.467096,1.4929155,0.45234197,0.6622982,0.18883698,0.14325088,0.29624534,43448.67503803299
399,500,-0.4246633,-0.8299646,3.4669805,1.4929069,0.45080867,0.6603732,0.18983074,0.14321838,0.29591078,43446.37305792138
400,500,1.411172,0.78580385,3.4825528,1.4916611,0.83327705,0.682467,0.18511988,0.15546921,0.2962908,43987.6650149856
401,500,-0.057469517,-0.39121705,3.4653125,1.492493,0.4511355,0.66529953,0.1895551,0.1433073,0.29535925,43454.03600678
402,500,0.9409176,0.4052041,3.4749866,1.4917946,0.46177167,0.6750567,0.19197765,0.14536582,0.29554468,43481.90390501217
403,500,0.49805242,-0.026192237,3.4668071,1.4920831,0.45100433,0.6674255,0.19362587,0.14271046,0.29503885,43456.49744724136
404,500,-1.68823,-0.112465985,3.4718776,1.4931172,0.45015374,0.6555864,0.18395007,0.14461079,0.29609996,43439.651946771046
405,500,-0.5324899,0.6450553,3.48007,1.4927193,1.0651724,0.6812903,0.16738127,0.17562827,0.29647785,44367.2730525111
406,500,1.0118425,-0.65795106,3.4680865,1.4924808,0.45222965,0.66471,0.194101,0.14232443,0.29590064,43451.182128067936
407,500,0.46838522,1.735879,3.492452,1.4924313,1.1999999,0.69428086,0.15631194,0.1995613,0.29786384,44634.778383358695
408,500,-0.66771275,1.6819217,3.492363,1.4930997,1.1999999,0.693914,0.15345046,0.19979201,0.2980946,44632.41017292317
409,500,-0.85258585,0.022959756,3.469053,1.4926646,0.4505719,0.6632767,0.18546465,0.14450483,0.2955005,43450.99949565555
410,500,-0.011145612,0.0114989,3.4642916,1.4922031,0.45085058,0.66745305,0.18995877,0.14329474,0.29475456,43458.08779813742
411,500,-0.837678,-0.5911831,3.4675207,1.492914,0.45020574,0.657808,0.19009994,0.14281525,0.2957633,43441.828604327675
412,500,-0.66772026,0.3269626,3.4741993,1.4926937,0.4834341,0.6729962,0.17550126,0.15432057,0.29590684,43532.02529858208
413,500,0.33003512,2.2259443,3.495235,1.492651,1.2,0.6966823,0.15274112,0.19996569,0.29842943,44630.85094549208
414,500,1.370989,-0.50984323,3.4691656,1.4922655,0.45189333,0.6648688,0.19724725,0.14196067,0.29585648,43451.37242955988
415,500,0.3248696,0.997118,3.4850464,1.4922781,1.1974697,0.68741107,0.16628656,0.18810268,0.296785,44594.383488581734
416,500,0.030601824,-0.069641575,3.4644885,1.4922549,0.4509417,0.66718864,0.18997361,0.14327528,0.29488552,43457.43798715898
417,500,0.05157494,0.8672766,3.4831653,1.4923822,1.1902521,0.68577844,0.16649649,0.18425086,0.2966612,44568.984609687795
418,500,-0.84832054,-0.32566947,3.4670951,1.49276,0.45014364,0.65896136,0.19039807,0.14270537,0.2955221,43443.41809801418
419,500,0.47043315,0.31144708,3.4723134,1.4919941,0.45859218,0.6738332,0.18830085,0.14579704,0.29533005,43477.77586473035
420,500,0.23958276,-0.36980116,3.4654586,1.4924264,0.45139292,0.6661658,0.19031632,0.14311148,0.29535514,43454.86185983615
421,500,0.9725358,2.1338682,3.4948149,1.4923031,1.2,0.6961669,0.15480866,0.1998911,0.2981963,44633.26869217066
422,500,0.4064155,-0.1931767,3.465811,1.492262,0.45115483,0.6665442,0.19195537,0.14283466,0.2951674,43455.28232733588
423,500,0.7557403,-0.53913265,3.467195,1.4924511,0.45185703,0.6652823,0.19284768,0.1425593,0.29569563,43452.32576611792
424,500,-0.74969035,0.032808747,3.4685962,1.492607,0.4506307,0.6639963,0.18582216,0.14440352,0.29541558,43452.06194627184
425,500,-2.5827966,-1.1539503,3.4726238,1.4938655,0.45000383,0.63451403,0.19126827,0.14176846,0.29689008,43413.33537771477
426,500,-0.34796184,-1.3533889,3.468104,1.4931965,0.45160013,0.6580883,0.18930066,0.14330228,0.29652268,43443.10672326104
427,500,-1.0326431,-0.43674833,3.4677668,1.4928999,0.45010045,0.6566648,0.1904532,0.1425932,0.29571235,43440.01125407956
428,500,-1.6429653,-0.40607178,3.4694867,1.4931483,0.4500292,0.6506892,0.18985036,0.14254177,0.2960124,43432.41928459195
429,500,-0.53527015,0.025405208,3.467091,1.4924788,0.45056546,0.66476274,0.18752185,0.14380896,0.2951976,43452.82091935982
430,500,1.154184,0.17250441,3.471655,1.491748,0.45169374,0.669925,0.19859618,0.1424916,0.29534417,43459.40169931978
431,500,0.021062022,0.099454455,3.4659986,1.4921572,0.45128024,0.6689445,0.18932645,0.1437303,0.2948373,43460.352607849585
432,500,0.22739278,-1.0167387,3.46706,1.492847,0.45259973,0.6632557,0.18889023,0.14319788,0.2961855,43449.89463258235
433,500,-0.11477532,0.30875126,3.4720354,1.4923084,0.47637114,0.6747916,0.17999148,0.15035194,0.29548752,43513.5315025508
434,500,-1.37076,0.8656529,3.485315,1.4933221,1.1927676,0.6829427,0.15974316,0.1925394,0.2972821,44601.55496399235
435,500,1.0813761,-0.63137597,3.4682467,1.4924434,0.45217425,0.66471815,0.1947622,0.1422434,0.29589048,43451.22675469091
436,500,-0.24133779,-0.87819034,3.4667974,1.4928685,0.45127064,0.66154814,0.18951806,0.1433077,0.29598448,43448.168286199056
437,500,0.69938046,-1.0612223,3.4675539,1.4928093,0.4534112,0.6637066,0.19096917,0.1427881,0.29628074,43450.59226971237
438,500,-0.222477,-0.8589199,3.466734,1.4928502,0.45129365,0.6617805,0.189491,0.14330661,0.29596364,43448.482948450175
439,500,0.05095428,-1.7942293,3.4688187,1.493362,0.45413592,0.658058,0.18816252,0.14322783,0.29699033,43443.52374872197
440,500,1.3264617,-0.9646064,3.4692206,1.492642,0.45338053,0.6635449,0.19498426,0.1421197,0.296303,43449.61298768501
441,500,0.059894685,-0.21252304,3.4648418,1.4923462,0.45110497,0.66666764,0.18974102,0.14327082,0.2951081,43456.20435968319
442,500,-0.7621145,-0.88778013,3.4678328,1.493063,0.45036504,0.6570519,0.1898779,0.1430071,0.29603,43441.14004937355
443,500,0.93639857,-0.5256406,3.4677262,1.4923958,0.45187157,0.66516423,0.19423789,0.1423555,0.29573026,43452.05274085641
444,500,0.2711702,-0.80149686,3.4664803,1.4927003,0.4522157,0.6644853,0.18928877,0.14315869,0.29593366,43451.69475226272
445,500,-0.64718145,0.47224715,3.4771857,1.4927409,0.65655994,0.6769638,0.17114976,0.1635841,0.2961983,43785.892844388414
446,500,0.9304085,-0.17531641,3.4682665,1.4920917,0.4512517,0.66664624,0.19594091,0.14228748,0.29537046,43454.401298084515
447,500,-1.4219198,1.997956,3.494624,1.4936804,1.2,0.6952486,0.15158537,0.19997332,0.2985639,44628.883797481685
448,500,-0.8565493,-1.5415874,3.4693508,1.4934822,0.45061412,0.65249705,0.18985358,0.14307804,0.296697,43435.17128224664
449,500,2.5944245,-0.4040323,3.4746559,1.4917959,0.45233887,0.665875,0.2075125,0.14119624,0.29622215,43453.73773229522
450,500,-1.4617327,-0.6834398,3.4692683,1.4932082,0.45004317,0.6509499,0.19063108,0.14234707,0.29611564,43432.20535841171
451,500,0.3675449,0.19031155,3.4690325,1.4920173,0.452199,0.67069256,0.19107257,0.14388376,0.29505518,43463.063836554145
452,500,-0.8517292,1.8227236,3.493375,1.493258,1.2,0.69468755,0.15254892,0.19990972,0.29828197,44631.09825332382
453,500,-0.5215797,-1.1846865,3.4679446,1.4931581,0.4509321,0.6575898,0.18967308,0.14322019,0.29632196,43442.30216044678
454,500,0.9606934,1.3290628,3.4891148,1.4920552,1.1999052,0.69070446,0.16476884,0.1945157,0.29719135,44622.22609569982
455,500,-0.8174931,-1.4013473,3.4689822,1.4933879,0.45057812,0.65370303,0.18986467,0.14307755,0.29655886,43436.74302807049
456,500,1.0304383,-2.0473237,3.4699333,1.493353,0.4613145,0.65989804,0.18964343,0.14271702,0.29726797,43451.66024163096
457,500,-1.2266216,0.96744615,3.4862852,1.4932771,1.198323,0.68517417,0.15873067,0.19498473,0.29736227,44618.14159632239
458,500,-0.055352546,-0.26393735,3.4649732,1.4924062,0.45102328,0.6659578,0.18967897,0.14331229,0.29517442,43455.29127231962
459,500,0.3528166,-0.15277442,3.465618,1.4922422,0.45108905,0.66670185,0.19174969,0.14288588,0.29510012,43455.69344837643
460,500,-1.2986867,1.2760754,3.4896295,1.493421,1.1999799,0.6894086,0.15532506,0.19892594,0.29779768,44632.04330218303
461,500,1.325014,0.20533256,3.4727442,1.4916776,0.4519845,0.67045075,0.19970852,0.14245369,0.29543155,43460.20271283019
462,500,0.045134015,2.339625,3.4957168,1.4928446,1.2,0.69709736,0.15189327,0.19998506,0.29858172,44629.46077178216
463,500,-0.27643284,-0.25957698,3.4654217,1.4924864,0.45061323,0.6643679,0.18992132,0.14319624,0.2951817,43452.60349742778
464,500,0.36448124,1.471322,3.4903522,1.4924018,1.1999967,0.69242513,0.1586863,0.1985683,0.29754293,44634.03366283181
465,500,1.5927707,-0.25857264,3.4710095,1.4919679,0.45159698,0.6663899,0.20062363,0.14177062,0.29572344,43453.62370353776
466,500,0.30833125,-1.3780835,3.4680102,1.4930605,0.45382565,0.661644,0.18853311,0.14316104,0.2965914,43447.895044131714
467,500,-0.3119761,-0.84029037,3.4667926,1.4928716,0.4510546,0.6611956,0.18964317,0.1432837,0.29592973,43447.6775072133
468,500,-1.0068318,1.6815767,3.4925451,1.4933264,1.1999999,0.6936222,0.15304448,0.19983414,0.2981727,44631.793320814395
469,500,-0.79228663,-0.5316059,3.4673018,1.4928604,0.4502157,0.65853095,0.1901198,0.14283127,0.29568782,43442.89303516177
470,500,0.36584878,1.2978252,3.488668,1.4923497,1.1999607,0.69085747,0.16110736,0.19671157,0.2972829,44629.07201169581
471,500,0.48111513,2.759355,3.4971058,1.4927326,1.2,0.6981442,0.15133595,0.19999716,0.2988255,44627.95173968374
472,500,-0.074667975,0.25871643,3.4706664,1.4922639,0.46295083,0.6735374,0.18218023,0.14816831,0.29533312,43489.2741510967
473,500,0.27560067,1.4350494,3.4900384,1.4924362,1.1999953,0.69216156,0.15864502,0.19843657,0.29752147,44633.59093524807
474,500,0.5072389,-0.1162297,3.4664245,1.4921652,0.45107225,0.66685677,0.1930351,0.14269654,0.29512748,43455.501724548674
475,500,-0.9474886,0.24444346,3.473816,1.4928172,0.4605422,0.6694406,0.17657825,0.15166649,0.29596174,43489.9112071102
476,500,1.4013448,-0.4103818,3.4695635,1.4921699,0.45171607,0.6653844,0.19802514,0.1419121,0.29577655,43452.032387134306
477,500,0.5289436,0.24614778,3.4707208,1.4919544,0.4533369,0.6718531,0.19147937,0.14418028,0.29518828,43465.996719459006
478,500,0.86351967,-0.8047537,3.4677005,1.4926248,0.45258915,0.664474,0.19282466,0.14253914,0.29601967,43451.210637714175
479,500,2.346647,-1.2791611,3.472211,1.4926381,0.45568782,0.6616728,0.2009965,0.14141189,0.29682288,43449.31169937685
480,500,-0.36555108,0.9380925,3.4845207,1.4926796,1.1974213,0.6866814,0.1620782,0.19106646,0.29695427,44603.97732368264
481,500,0.29673317,0.82998616,3.4825616,1.4922413,1.1753094,0.6850039,0.16988428,0.17869642,0.29647356,44527.87606665584
482,500,-0.49610233,-0.074804984,3.4657767,1.49247,0.45030215,0.6633697,0.18989785,0.1430461,0.2951194,43450.57920381588
483,500,0.012231983,1.5692596,3.4912162,1.492627,1.1999996,0.69328,0.15597734,0.1993615,0.2977866,44634.24491009299
484,500,0.69042903,0.7966721,3.482226,1.4920298,1.1091619,0.6838929,0.17505483,0.16917837,0.29632187,44402.5819106401
485,500,-0.6579261,0.9688826,3.4852672,1.492898,1.1984049,0.6866008,0.1604819,0.19336855,0.29711783,44613.47906438518
486,500,0.22558166,1.3891454,3.4896128,1.492449,1.1999915,0.6917825,0.15893772,0.19814017,0.2974735,44632.80726508796
487,500,2.0140603,-0.30676576,3.4726522,1.4918838,0.45185864,0.66625655,0.20363721,0.14150317,0.2959305,43453.61223469512
488,500,-0.40630314,-0.86404496,3.4670107,1.4929212,0.45087415,0.6603219,0.18976238,0.14323618,0.29595208,43446.3198041899
489,500,-0.14357951,-0.38202545,3.4653986,1.4925151,0.4509702,0.66480404,0.18975893,0.14330912,0.29533452,43453.49660939454
490,500,0.3595044,-0.14456682,3.4656446,1.4922333,0.451077,0.66671956,0.19182052,0.14287584,0.29509372,43455.7117939571
491,500,-0.36159927,1.0645851,3.4862337,1.4927155,1.1995628,0.68836665,0.16010755,0.19486263,0.29716647,44620.793820085826
492,500,-0.9378802,0.43310794,3.477315,1.4928992,0.57956314,0.67472816,0.17072195,0.16301444,0.2963104,43684.29524352494
493,500,-0.40594172,0.7243685,3.4812176,1.4926455,1.1507556,0.6831522,0.16608486,0.18021148,0.29656935,44499.42950676926
494,500,1.3852615,-0.30309826,3.469878,1.492073,0.45155507,0.6660236,0.19861275,0.14191274,0.29567492,43452.9988039548
495,500,0.44103292,0.17879286,3.468927,1.4919894,0.4518176,0.670191,0.19215775,0.14353795,0.29504868,43461.51073725602
496,500,-0.7994224,0.2407875,3.4729939,1.4927316,0.4599591,0.6699306,0.17756799,0.15073007,0.2958344,43487.119954022
497,500,0.2891205,0.41287082,3.4745204,1.4921143,0.504217,0.67684567,0.18202889,0.15110976,0.29556724,43552.76020741675
498,500,-0.1983989,0.0941923,3.4664478,1.4922986,0.45128188,0.668185,0.187245,0.1441664,0.29498237,43459.29305016934
499,500,-1.1476109,-0.35811406,3.4679027,1.4929035,0.45007005,0.65578127,0.1905779,0.14253683,0.29570153,43439.02489671445
