id,epoch,z0,z1,width,height,Ug,gp,thickness_roofA,thickness_construction_Structure,thickness_construction_Insulation,energy
0,100,0.0076174983,0.88686466,2.9536574,1.3967788,0.68249637,0.64624125,0.18257806,0.19038056,0.20192702,44961.85057876252
1,100,-0.52886987,0.17371185,3.1671124,1.4227769,0.58933973,0.50408304,0.1818039,0.17309779,0.27040774,44245.32388847218
2,100,1.9559124,0.39009333,3.1779084,1.3990915,0.63109946,0.57906497,0.17849392,0.15959911,0.25470215,44282.30330576706
3,100,0.8416313,-0.24945858,3.3358083,1.3174462,0.63634306,0.588539,0.19845599,0.15845823,0.25286853,44357.17303501738
4,100,-0.15503581,0.06606026,3.2537222,1.3413053,0.68776184,0.5997275,0.19283995,0.15384597,0.25814766,44382.49106946087
5,100,-0.3119761,-0.84029037,3.2938092,1.4036179,0.5801773,0.5856269,0.17435654,0.15594177,0.24106957,44136.34937126633
6,100,2.4884417,1.6959696,3.208963,1.403692,0.605968,0.6157663,0.176861,0.16859964,0.21959886,44399.90267834074
7,100,0.99090916,-0.1867091,3.0589178,1.394408,0.6575035,0.60418355,0.18012068,0.176427,0.24134673,44561.167505761965
8,100,-1.6324233,-0.06713416,3.219572,1.4003073,0.60390764,0.59329593,0.17608535,0.16419071,0.24053654,44277.31825785637
9,100,0.8253722,-0.29832315,3.0502706,1.4456758,0.6098099,0.4775723,0.19377527,0.17797604,0.27850422,44370.957671052754
10,100,-1.5096616,-0.2773914,3.322123,1.3529025,0.59982246,0.5882232,0.18373829,0.1551307,0.25038466,44217.50711626026
11,100,-0.79991364,-0.22007579,3.232948,1.4089309,0.575723,0.504326,0.18286067,0.18728387,0.2707308,44257.88742652905
12,100,1.3277828,-0.10128149,3.1876864,1.3888376,0.67978144,0.59141976,0.18730213,0.15369354,0.25691506,44325.34737115415
13,100,-1.4227949,1.9223248,3.3294225,1.3791202,0.6015638,0.57008475,0.19052933,0.16596717,0.23950233,44268.86946992678
14,100,-1.540797,0.06326199,3.1359563,1.0736805,1.1031744,0.67530215,0.24736953,0.15541217,0.26544464,45632.562434669235
15,100,0.42258036,0.5474806,3.286093,1.373497,0.64683425,0.59812486,0.19721735,0.15643194,0.23988175,44322.89779983162
16,100,0.9424681,-0.26759475,3.3332171,1.3713067,0.6097983,0.57866395,0.19432265,0.1656858,0.23357216,44321.410340828246
17,100,-0.67246044,-0.35955316,3.2156708,1.2619507,0.8143405,0.62078214,0.21211158,0.15410236,0.26360437,44746.29726334855
18,100,-0.13370156,1.0777438,3.3639631,1.2010853,0.69552565,0.61285126,0.21552509,0.16024697,0.25045896,44729.24764886122
19,100,0.9208588,0.31872764,3.1561985,1.4328017,0.59809726,0.5029115,0.18655232,0.16764973,0.27020484,44227.22055385467
20,100,-0.39522898,-1.1594205,3.2695208,1.4222367,0.56973785,0.6684807,0.18023187,0.16734186,0.16104993,44692.80027496918
21,100,-0.679593,-0.5643179,3.3343174,1.371524,0.585034,0.52407664,0.1997285,0.1905017,0.25326604,44350.92716929529
22,100,-1.0452534,1.2111453,3.2861018,1.428807,0.56354785,0.6505653,0.18002576,0.1598157,0.17229748,44518.83174280031
23,100,0.22425222,-1.6786884,3.2658124,1.4105175,0.6037013,0.555125,0.18374074,0.15708943,0.2578963,44138.18409236644
24,100,0.040071458,-0.3277549,3.3138125,1.3841975,0.5898158,0.63369626,0.19084226,0.15664266,0.20898753,44343.90043002473
25,100,0.01050002,1.7858706,2.9741712,1.4394187,0.60319763,0.46546942,0.19244772,0.19309591,0.2850348,44511.88682325941
26,100,1.370989,-0.50984323,3.3270268,1.3380934,0.6072614,0.59175235,0.1867007,0.15550336,0.2501485,44261.897547198416
27,100,-1.1268258,-0.7306777,3.1796477,1.4168781,0.58530223,0.50690484,0.18089318,0.17596403,0.2702005,44251.010493943424
28,100,-0.40318832,0.94940555,3.2494128,1.4083062,0.5773046,0.5226474,0.1791671,0.17689681,0.2652431,44201.38291187089
29,100,0.48111513,2.759355,2.983197,1.39166,0.68270755,0.613722,0.18197083,0.18253049,0.23690861,44720.39600226779
30,100,0.51291686,-2.5412388,3.2449396,1.4085258,0.57842594,0.5263972,0.17851508,0.17364052,0.2642793,44192.09393495
31,100,-0.27643284,-0.25957698,3.3306565,1.3324814,0.6248479,0.5862764,0.1936831,0.15750359,0.25249693,44304.45975480726
32,100,-0.4555325,0.017479159,3.0708358,1.3958712,0.65511954,0.6000535,0.17985116,0.17478463,0.24418052,44525.23398466919
33,100,-1.5023966,-1.7776669,2.8083587,1.388132,0.7546491,0.6260495,0.18658409,0.1915065,0.23496398,45042.31195687512
34,100,0.40234163,-0.6848101,3.2949564,1.4002178,0.57447326,0.5530419,0.1769212,0.1623772,0.2564385,44119.90129894155
35,100,-0.40155753,-0.46847606,2.5142808,1.3412712,1.1799507,0.65625334,0.24388343,0.16298819,0.27805334,45620.96070101054
36,100,0.60815644,1.1149623,2.9170687,1.3722665,0.88660294,0.61504453,0.20927468,0.15406391,0.26306465,44854.31041498665
37,100,0.92379653,-0.13256802,3.238391,1.4191691,0.5989854,0.5400698,0.18337698,0.15821259,0.26062548,44142.20380892456
38,100,0.46637958,-0.09439251,3.1718366,1.430211,0.64630425,0.51873845,0.20020038,0.16307077,0.26757073,44273.682419418015
39,100,2.4512298,-0.21120599,3.2413502,1.3954861,0.6312549,0.58296573,0.18124211,0.1536578,0.25502735,44206.2357894263
40,100,0.88518757,1.4737648,3.2202115,1.2223661,0.88481754,0.64197105,0.23191077,0.15488268,0.25760448,44955.44957131465
41,100,0.18970262,1.7025702,3.2817364,1.3561784,0.6419033,0.5887816,0.18630323,0.15373413,0.25694185,44269.47964626524
42,100,-0.1734639,-0.51002955,3.2911355,1.3754046,0.6554113,0.567319,0.20524529,0.16047803,0.25767973,44293.43766097301
43,100,-0.46684554,-1.4169061,3.1985981,1.4268363,0.6192639,0.52544457,0.19133791,0.16086563,0.26489076,44204.230687240255
44,100,-0.7621145,-0.88778013,3.001755,1.3755089,0.82788897,0.6094261,0.20342642,0.15384045,0.2614083,44700.7364673802
45,100,0.54261076,0.71593887,3.2141402,1.422374,0.6343382,0.5338541,0.19511026,0.16093048,0.2641358,44220.431781413325
46,100,1.0996596,0.6552637,3.168116,1.393558,0.67662406,0.5882981,0.18625501,0.15393236,0.25678843,44330.71046629303
47,100,0.33057675,0.94924647,3.250421,1.3030165,0.7569834,0.62068003,0.21469517,0.15491939,0.25354394,44592.768673489336
48,100,1.9050636,-0.01477722,3.3009782,1.3927386,0.5999054,0.58201385,0.18302584,0.15554756,0.24398011,44176.83713269064
49,100,-0.813596,-0.5216415,3.2330241,1.235984,0.81558686,0.6210921,0.21452108,0.15386169,0.2655783,44791.830257151654
50,100,-0.18375573,0.8246182,3.3245842,1.3480535,0.61240745,0.5843029,0.18769425,0.15620627,0.25209185,44247.54471834622
51,100,-0.9768954,-0.58957994,3.1807084,1.3096554,0.7960255,0.61961126,0.20709656,0.15366074,0.26167026,44639.74581918887
52,100,-0.8391294,0.99012136,3.2938159,1.4109516,0.572932,0.6179431,0.17612582,0.1582101,0.20582981,44301.97744920051
53,100,-0.35399392,-1.3749512,2.6828136,1.3139216,1.1161273,0.6543317,0.23685728,0.15405235,0.27142438,45424.0283308744
54,100,0.50538695,0.35924914,3.3142688,1.3751752,0.58963794,0.58148086,0.17923439,0.15454222,0.251295,44151.73796701709
55,100,-1.6388073,-0.7333128,3.1188104,1.4383099,0.67373526,0.50402623,0.20978794,0.16669111,0.27189645,44369.36623112278
56,100,-0.010056471,1.238007,3.2917387,1.3987706,0.57382214,0.54470414,0.17852405,0.1670573,0.2585503,44144.85996213342
57,100,-2.364174,0.020334182,3.3675299,1.1872469,0.7141677,0.6136738,0.22045055,0.1616512,0.25073525,44796.97995542001
58,100,1.4665787,0.85255194,3.253267,1.313475,0.71731925,0.6037835,0.19823757,0.15394716,0.26029932,44481.0094661743
59,100,0.93184835,0.339965,3.2965932,1.4011409,0.5748276,0.558049,0.17597517,0.15974917,0.25520024,44105.96237542543
60,100,1.3243587,-0.1722008,3.3460722,1.2741812,0.64959633,0.6004069,0.20096263,0.1578193,0.25106254,44473.7739861542
61,100,-0.46931073,0.8756957,3.2197978,1.4093897,0.57475454,0.49423444,0.18533766,0.1919063,0.27391946,44288.48957857254
62,100,-1.270485,0.9693967,3.0541887,1.2993993,0.92191195,0.636429,0.21987534,0.15335932,0.2637598,44917.136742711504
63,100,1.867559,0.90604466,3.051303,1.3892635,0.74855447,0.5957942,0.19393224,0.15465479,0.25936148,44537.57917706896
64,100,-0.64718145,0.47224715,2.9849277,1.4306395,0.59457356,0.46468577,0.19224903,0.19674855,0.2855211,44524.233113335795
65,100,1.0685093,-0.4533858,3.3340266,1.3103408,0.6632911,0.58681595,0.20977321,0.1609482,0.25577635,44421.656447939175
66,100,-1.4219198,1.997956,3.2983315,1.3957886,0.57447433,0.5421324,0.18029769,0.16997063,0.2581019,44165.25972188145
67,100,-0.34745064,-0.5812685,3.3636038,1.2037418,0.6870237,0.6143528,0.2139014,0.15949237,0.24981695,44708.432466277074
68,100,0.068599224,-0.2722761,3.3474722,1.3605919,0.60237753,0.52908945,0.20764178,0.19199772,0.2457659,44435.18255550303
69,100,0.8733118,1.1997361,3.3173356,1.3678986,0.5960611,0.58169925,0.1810526,0.15482531,0.2519345,44174.97431538794
70,100,0.0014710003,-0.76670486,3.1099477,1.3995876,0.6524357,0.5866948,0.17929798,0.1682962,0.2518285,44420.26685610352
71,100,0.42625874,0.676908,3.2903771,1.3819715,0.6261421,0.5913952,0.19065815,0.15574548,0.24293536,44252.844017192845
72,100,2.0140603,-0.30676576,3.2576535,1.3481928,0.6765175,0.5973953,0.19094628,0.15382278,0.25769043,44350.022558621946
73,100,0.6433145,-1.5706234,3.1512468,1.4020659,0.62149376,0.6267255,0.17823783,0.1758103,0.21261603,44546.83334155448
74,100,-1.6429653,-0.40607178,3.206058,1.4253494,0.6005665,0.5252054,0.18611404,0.16080071,0.26427606,44171.85916170062
75,100,-0.91800475,0.25249663,3.345543,1.32918,0.6875043,0.6080904,0.22270098,0.17136593,0.20555511,44722.65331933342
76,100,0.62523144,-1.6020577,3.3362935,1.315554,0.6384829,0.58872986,0.19938987,0.15866807,0.25309956,44364.85108387655
77,100,-0.5096522,-0.4380743,3.3443084,1.36199,0.61656016,0.55882573,0.20332903,0.17999624,0.23554564,44421.386873431285
78,100,-0.8031414,-0.46433768,2.8394516,1.302592,1.051304,0.6491684,0.23127177,0.15374807,0.2680128,45238.60807094697
79,100,0.10058121,0.53916126,3.203828,1.424742,0.59140825,0.5199627,0.18242869,0.16313708,0.2654745,44169.49947026817
80,100,-0.36343777,0.77905124,3.2279913,1.4016345,0.5699624,0.48831004,0.1891284,0.19473866,0.2758685,44307.03341203894
81,100,0.49374178,-0.11610394,3.38562,1.1171067,0.7523907,0.63101566,0.22971588,0.16260147,0.2486349,45041.93911045447
82,100,-0.7742951,-0.26938978,2.9606824,1.3907349,0.6889777,0.6250367,0.18229005,0.18631372,0.22620884,44820.77497188181
83,100,-0.035742734,0.33601573,3.1254952,1.4178984,0.58305824,0.47739094,0.18792617,0.19598079,0.2796675,44388.209593688305
84,100,-1.0574737,-0.55598503,2.6723762,1.3599744,1.0557109,0.63267887,0.22702637,0.15559688,0.2685793,45302.021576302715
85,100,-0.34796184,-1.3533889,3.1148598,1.4203451,0.58724767,0.48349485,0.18540917,0.19073181,0.27739686,44376.519991581416
86,100,0.46079433,-0.40098616,3.1615574,1.1356661,0.9989352,0.64647555,0.23422363,0.1543133,0.27207705,45303.21118105378
87,100,0.43480796,0.54009444,3.136209,1.4188342,0.5862071,0.48991895,0.18391484,0.18737796,0.27524334,44340.52969474952
88,100,0.46838522,1.735879,3.203123,1.4009076,0.61418384,0.58195776,0.17675838,0.16257137,0.2510877,44257.20523444837
89,100,1.285984,-1.5069984,3.1919558,1.4011545,0.6206699,0.5808883,0.17711905,0.16230828,0.25215074,44270.7132384021
90,100,-0.20289683,-0.10988278,3.1957395,1.412576,0.5820832,0.5052455,0.18146662,0.1830319,0.27035955,44273.63377820122
91,100,0.5559627,0.8924739,3.2390535,1.2463768,0.79359674,0.61883676,0.21240693,0.15389562,0.2645739,44737.400792941226
92,100,-0.6126257,-0.82282835,3.347989,1.3519406,0.6308645,0.5831214,0.20628357,0.17232779,0.22334401,44478.70868692277
93,100,-0.83218604,0.17233914,3.1553638,1.4234258,0.58958346,0.4999436,0.18235464,0.17560561,0.27189857,44265.26283204665
94,100,-0.067275606,-1.3183959,3.2223155,1.4104288,0.58040893,0.5164743,0.17978862,0.17800014,0.26712573,44229.47835790585
95,100,0.75194657,0.5629897,2.5419483,1.3396556,1.1591252,0.65201974,0.24085797,0.15771882,0.2749211,45566.40571641047
96,100,-0.07311965,-1.2973796,3.2498367,1.2758484,0.7601694,0.618826,0.21247482,0.15420982,0.25844607,44639.31290670718
97,100,1.7549862,-0.13298842,3.037363,1.438792,0.60430086,0.47571325,0.18972106,0.18282808,0.27897447,44410.90388644949
98,100,0.69153875,0.6947491,3.3377004,1.305192,0.62952805,0.5956936,0.19409826,0.15660535,0.25098556,44368.18951569303
99,100,-0.9443685,0.23810315,3.2953472,1.4165622,0.5694628,0.619207,0.17677975,0.15701383,0.20288643,44297.710543733934
100,100,0.777277,-0.29104146,3.3325307,1.321225,0.6175699,0.59451956,0.19013035,0.15595804,0.2504046,44314.21750405885
101,100,-0.56931204,0.26990435,3.304246,1.3982711,0.5789888,0.5728981,0.17456764,0.15389514,0.25255552,44085.845202957906
102,100,-0.33868217,2.0347626,3.089645,1.4431756,0.61062217,0.48696458,0.1939789,0.1721971,0.27531642,44313.2986335816
103,100,-0.40317693,1.222445,3.2850199,1.409231,0.5769361,0.6248221,0.1762002,0.16048348,0.20017342,44365.44688147908
104,100,0.05095428,-1.7942293,3.3001509,1.4136169,0.56957626,0.61494005,0.17926264,0.15594186,0.2117723,44240.36353807388
105,100,-0.6599427,0.21301717,3.3032427,1.3886294,0.59825915,0.5727024,0.18291795,0.15572724,0.25399894,44144.75200632288
106,100,-0.8351927,-0.9467404,3.212974,1.4128933,0.58229804,0.5196914,0.17908171,0.1714606,0.26636147,44205.78535122099
107,100,1.8219151,-0.07565047,3.3024096,1.3968554,0.5895953,0.57784677,0.17941704,0.15505779,0.24649292,44137.88902173375
108,100,1.5788652,-0.7955006,3.092644,1.4222585,0.5885221,0.47963315,0.18640512,0.19182508,0.27890718,44401.7321595855
109,100,-0.79228663,-0.5316059,3.027622,1.3929186,0.6656643,0.618554,0.1806205,0.18193963,0.22897546,44685.913517035115
110,100,0.15466884,1.0415684,2.8751886,1.378953,0.8820152,0.6105601,0.20788883,0.15517622,0.2632239,44881.40284542144
111,100,-1.6047385,1.4587147,3.2792847,1.3472645,0.6491762,0.5919703,0.1888261,0.15380785,0.2571971,44301.52309900655
112,100,2.5263681,1.7699214,3.217027,1.4108634,0.5808263,0.51431715,0.18008673,0.17886102,0.2677288,44237.824934730736
113,100,1.0963469,-0.2342158,3.2869081,1.4359039,0.5556419,0.669605,0.18924558,0.16108426,0.16131702,44603.91407467297
114,100,-0.7408667,-0.60829115,2.9013855,1.3885819,0.7121,0.6235772,0.18405734,0.18799865,0.23196834,44892.59638503236
115,100,-2.094603,0.12372191,3.2738667,1.4009494,0.57279843,0.52848524,0.18035714,0.17548102,0.2636498,44185.909177425674
116,100,-0.13010696,0.09395323,3.2502015,1.411049,0.58133316,0.5398761,0.17682873,0.1613825,0.260569,44133.79599414014
117,100,1.6692508,0.3019892,3.1446755,1.1271493,1.0215929,0.6501111,0.23613533,0.15442464,0.2724991,45362.92489105103
118,100,-2.115056,1.4053655,3.3313599,1.3233666,0.6473579,0.5855118,0.20347331,0.15964189,0.25499624,44363.77629887925
119,100,0.067516856,0.77760416,3.0627036,1.4449496,0.60967076,0.4800943,0.19374382,0.17634058,0.27755207,44353.38390718569
120,100,0.8145198,0.058925588,3.119182,1.410587,0.63342994,0.66765606,0.18087073,0.18278876,0.1690562,44930.47142097542
121,100,-0.7657022,0.55578697,3.244556,1.4005253,0.6146411,0.57774234,0.17865914,0.15400407,0.25445664,44174.652700041945
122,100,0.037005723,0.76790243,3.1101208,1.3927279,0.70564485,0.59050244,0.18924174,0.15451266,0.2580008,44423.95176438176
123,100,-1.0053118,0.10140715,3.261802,1.4079133,0.57950646,0.54582983,0.1760871,0.16070041,0.25912827,44125.30394158029
124,100,-1.2128679,0.28376955,3.3281488,1.3325307,0.60486406,0.59826803,0.18832482,0.15572539,0.24649951,44285.44300922263
125,100,1.5133281,0.55313206,3.3047247,1.3947992,0.57518256,0.54485744,0.18106629,0.16962487,0.25649825,44166.56034653502
126,100,-0.14268771,-1.2276365,3.2722714,1.4103211,0.58325464,0.5552615,0.17721607,0.15598097,0.25643852,44099.71469552947
127,100,-0.6564637,-2.8345544,2.9551861,1.3916157,0.6932861,0.61380285,0.1825878,0.18370631,0.23827915,44760.465206244146
128,100,-0.14876615,0.0960042,2.6583052,1.3202528,1.120896,0.6530719,0.23694062,0.15398051,0.27156198,45441.25282481571
129,100,0.86259604,-2.6556191,3.3035047,1.3978665,0.57533103,0.5538469,0.17841247,0.16361472,0.2549174,44131.57725535738
130,100,1.6606076,-1.4166034,3.2645378,1.3894608,0.56917757,0.49671397,0.19056793,0.19301796,0.27176887,44301.54914031753
131,100,0.4595849,0.28005785,3.2367349,1.2388246,0.810652,0.626672,0.21975532,0.15432474,0.26052737,44797.91188591691
132,100,0.9606934,1.3290628,3.1518202,1.0838258,1.0534141,0.6574586,0.2408903,0.15408252,0.2757641,45499.07878241496
133,100,-1.9518042,-0.6598917,3.0475895,1.3986816,0.67458606,0.592493,0.18079889,0.17400177,0.25054902,44539.726964535315
134,100,0.20984948,-1.2406245,3.3511224,1.2458375,0.6336729,0.6339102,0.2083708,0.15810163,0.22905047,44616.180942446765
135,100,0.81267405,0.58725935,2.9192233,1.3898494,0.8141913,0.598616,0.19881368,0.15697926,0.2618268,44749.35503356532
136,100,0.370825,0.1420618,3.2784617,1.3991934,0.6194452,0.5613958,0.19021617,0.15783466,0.25705716,44182.52176529789
137,100,-1.2986867,1.2760754,3.2987397,1.3967285,0.5918703,0.5786664,0.17954934,0.15463366,0.24797857,44135.49640592918
138,100,1.3645319,-0.6894492,3.278462,1.4051653,0.57733214,0.5523129,0.17550889,0.16081889,0.25721171,44116.58542214023
139,100,-1.3159074,-0.4615846,3.2492561,1.2693467,0.76225066,0.6174519,0.21176507,0.15418659,0.25956753,44654.45356322903
140,100,-0.51751906,-0.97882986,3.3543768,1.2414804,0.6635517,0.6080251,0.20656629,0.15828675,0.25007614,44575.89937759563
141,100,1.5927707,-0.25857264,3.0752227,1.3333226,0.8626559,0.6251874,0.21162415,0.15340512,0.26186982,44759.887136583966
142,100,0.5898798,-0.36385882,3.2519288,1.4057372,0.59343636,0.615925,0.17611942,0.16292843,0.21514043,44341.03192998329
143,100,-0.87079716,-0.5788497,3.2948964,1.3995552,0.57439655,0.55074394,0.17745738,0.163749,0.2569103,44127.65923881384
144,100,-0.19065349,-0.3948495,3.3575027,1.2285078,0.6701478,0.6108836,0.20888515,0.15856194,0.2497519,44618.9225332673
145,100,1.3905339,-1.6413486,3.3228626,1.352611,0.5961523,0.5990577,0.18574199,0.15531108,0.24228187,44244.64534121916
146,100,-0.1983989,0.0941923,3.0261903,1.0569297,1.1399848,0.6731736,0.24598467,0.15479563,0.2777754,45768.82803748252
147,100,0.192729,0.69643867,3.1703794,1.4012358,0.61645633,0.6133609,0.17748487,0.1719294,0.22508827,44439.8355078915
148,100,0.76877064,-0.4213276,3.0978758,1.0321455,1.1354568,0.6765555,0.2477625,0.15503879,0.27822188,45774.50085288815
149,100,-0.45408037,0.08595198,3.2494373,1.4158908,0.58571035,0.5419471,0.17887759,0.15831648,0.2598682,44118.8958177747
150,100,0.978738,2.2408931,3.2664118,1.4063885,0.57799435,0.54338175,0.17646515,0.1646964,0.25965664,44140.20969450016
151,100,1.1813786,-0.63190377,3.3235693,1.35977,0.5953438,0.6146455,0.18891977,0.15562138,0.23060066,44278.33705224929
152,100,0.6234536,0.8906717,3.1896405,1.2105622,0.8968631,0.63234293,0.22259599,0.15425287,0.26687473,44984.41551532531
153,100,-0.0616264,-0.10730527,3.271531,1.4159842,0.5750108,0.6583396,0.17879301,0.16623256,0.16869344,44633.309124012565
154,100,1.3264617,-0.9646064,3.30183,1.3673041,0.6580926,0.6020817,0.20446926,0.15957737,0.22685422,44425.4374324996
155,100,-0.9072984,0.051945396,3.2821605,1.3720124,0.64625347,0.5975841,0.19589908,0.15569381,0.24354902,44307.225502392335
156,100,-1.4902654,1.4961396,3.1359553,1.4170036,0.5848936,0.48430923,0.18572724,0.19266957,0.27711168,44367.47051408443
157,100,-0.12824197,-0.27177158,3.3031292,1.4020548,0.5775472,0.57221943,0.1749696,0.15438206,0.25054523,44087.62183139828
158,100,-2.0306845,2.064493,2.6693223,1.3810569,0.96791244,0.60779613,0.20872097,0.16527474,0.2658852,45227.385136846795
159,100,0.21555306,0.56800735,3.2373254,1.3320701,0.7144702,0.6051781,0.1965621,0.15384921,0.2592662,44447.61800089338
160,100,-1.1043833,0.05216508,3.1097455,1.3924706,0.70695245,0.59081614,0.18942344,0.1544652,0.25802407,44426.17767085848
161,100,-0.039282817,-1.1680934,3.165934,1.415068,0.58383965,0.4956989,0.18305434,0.18658033,0.2731983,44314.94567877418
162,100,0.08261103,-0.8215345,3.3479028,1.3586842,0.6214402,0.5623435,0.20528513,0.17956956,0.23240799,44446.882476610335
163,100,0.6027077,-0.5946498,3.078544,1.4239498,0.58948386,0.47784984,0.18695676,0.1917502,0.27969038,44413.579705293334
164,100,-0.9571475,-1.3484243,3.1710293,1.2862455,0.8331443,0.6256029,0.21223451,0.15379272,0.26308182,44744.07256513205
165,100,1.8081318,0.43663847,3.3319733,1.3189266,0.61103994,0.60094565,0.19077095,0.15603767,0.24673405,44324.449142073136
166,100,0.40262553,-1.775888,3.316358,1.3707454,0.5989928,0.5788317,0.18285207,0.1555703,0.25252485,44177.29189622007
167,100,1.0590272,-1.0225644,3.360779,1.2143713,0.68666077,0.61057985,0.21296611,0.15979017,0.2505755,44681.05521413481
168,100,2.696224,-0.07392467,3.2379885,1.4012226,0.5976497,0.5910493,0.17561778,0.16235608,0.24129462,44239.680317974075
169,100,-0.9389816,1.017021,3.1922715,1.428499,0.60875565,0.5206584,0.18916121,0.16163856,0.2656095,44194.35375174438
170,100,0.93639857,-0.5256406,3.293969,1.4250574,0.5629946,0.6423954,0.18249059,0.15815163,0.1824446,44427.20426529508
171,100,-1.177629,-1.1401963,3.2872522,1.317744,0.7966249,0.634635,0.23426425,0.16514418,0.20394531,44920.6169521957
172,100,-1.5824945,2.2436018,3.302956,1.3627163,0.66805077,0.60503876,0.20803474,0.16042571,0.22360831,44472.42210329834
173,100,0.31716064,0.52004063,3.212602,1.4209604,0.6463623,0.53421503,0.19954693,0.16211212,0.26465252,44248.70474166329
174,100,-0.13105401,1.1330799,2.857664,1.3860948,0.86312306,0.6042612,0.20411244,0.15709038,0.26312065,44871.75233553705
175,100,2.1531198,0.4683049,3.2623427,1.3176215,0.71617955,0.61117494,0.20575708,0.15425757,0.25528032,44484.500584615256
176,100,0.36584878,1.2978252,3.1396954,1.390084,0.7029686,0.59253335,0.18941322,0.15385924,0.25768897,44393.84103371304
177,100,-0.6038396,-1.149554,3.2638917,1.3384144,0.7194102,0.61616826,0.21324897,0.1565031,0.24176514,44512.38884749541
178,100,1.1523316,1.0796186,3.361903,1.2193711,0.698491,0.60564435,0.21949264,0.16191,0.25148737,44696.242840509934
179,100,1.8495913,-0.21416666,3.2953339,1.3919644,0.5735905,0.52807117,0.18377686,0.17884782,0.26143968,44216.02615955517
180,100,1.8831507,-1.347759,3.296383,1.386508,0.5732516,0.51421523,0.18879095,0.18744086,0.26418614,44271.66974325203
181,100,-1.5482544,0.5319746,3.2971017,1.3938673,0.60067385,0.5698475,0.18337515,0.15593916,0.25430286,44143.33747217241
182,100,0.4064155,-0.1931767,3.2960742,1.4215227,0.5652634,0.6314627,0.18036869,0.15734915,0.1924194,44354.834207075415
183,100,1.7327212,0.6845011,3.0389678,1.3984895,0.65579426,0.63454396,0.18056679,0.18465734,0.21088207,44759.09809855043
184,100,-0.47003287,-0.21673147,2.5167065,1.3392173,1.1783619,0.65644413,0.2437302,0.16176307,0.27760065,45617.38115248378
185,100,-1.0043228,-0.9981917,3.2856064,1.4175003,0.5692792,0.64344025,0.17795551,0.16123638,0.17993754,44492.099363142464
186,100,0.018922104,-0.082034156,3.0762484,1.390281,0.73251414,0.59414077,0.19224206,0.15451623,0.25883955,44493.2983329331
187,100,-1.7685385,0.3554818,3.3555393,1.2279257,0.6547538,0.6182135,0.20749411,0.15810348,0.24587104,44611.80854463328
188,100,-0.6579261,0.9688826,3.10079,1.423733,0.5901818,0.48406067,0.18525302,0.18712133,0.27761194,44370.09212236184
189,100,0.88649154,-0.27213177,2.5450776,1.3644029,1.0747876,0.6204696,0.21595892,0.18776798,0.26960438,45593.90831877685
190,100,-0.4957955,1.2165778,3.2663145,1.4080089,0.5847011,0.62823784,0.17660482,0.16274475,0.19949904,44408.91095218619
191,100,-0.35343176,-1.6164742,3.263811,1.412477,0.5839083,0.5500822,0.17773975,0.15688193,0.25773948,44106.168002320665
192,100,-1.0342429,0.6815945,3.3124812,1.3870063,0.5881374,0.6288607,0.18887092,0.15635207,0.21264493,44312.45245564399
193,100,1.1787796,-0.17992483,3.2955287,1.3864812,0.6161827,0.5879931,0.18796705,0.15587962,0.24232101,44227.78987920256
194,100,1.4558079,0.055492226,3.1637661,1.1167712,1.0154335,0.64959204,0.23653857,0.15403496,0.27360743,45364.578082391774
195,100,1.4882522,1.8958892,3.1354444,1.417029,0.5850054,0.48443955,0.18568152,0.19251052,0.27705723,44367.37604102574
196,100,0.4472121,-0.6161211,2.924561,1.396629,0.723094,0.6020763,0.18403971,0.18274999,0.24891865,44771.97176021568
197,100,0.06763423,-0.46302176,3.2988153,1.4051908,0.57630354,0.59406877,0.17466378,0.15618081,0.23151042,44166.56485392878
198,100,-0.6524086,-0.39095336,3.0824594,1.4456109,0.6418533,0.4904016,0.20450142,0.16919628,0.27442613,44356.25366669358
199,100,-1.8923619,-0.17781314,3.289025,1.4134797,0.5721599,0.6312362,0.1769537,0.15993954,0.19212598,44401.01174426573
200,100,0.11273794,0.6572677,3.1927495,1.4276897,0.5989193,0.518914,0.18603858,0.16250905,0.26580736,44183.63385114807
201,100,1.0400863,0.16464381,3.1105957,1.0407993,1.1284872,0.67719185,0.24791713,0.15531348,0.27190834,45755.798034570864
202,100,-1.2266216,0.96744615,3.291841,1.403394,0.58108497,0.57236886,0.17414899,0.15470254,0.25263968,44090.83903359749
203,100,1.7612661,0.7540957,3.3044906,1.3922799,0.57499033,0.53658444,0.18333253,0.17501067,0.2581684,44197.98533689982
204,100,1.3086687,-0.025798557,3.0330734,1.3936013,0.70062304,0.5859531,0.18422654,0.16350152,0.25781333,44530.132885709216
205,100,0.1833392,1.670943,3.3350563,1.3725736,0.60616726,0.5613251,0.19589189,0.1740142,0.23958547,44332.92648661244
206,100,0.23482153,2.1321535,3.3219938,1.3232551,0.6759271,0.5816261,0.21497281,0.16207533,0.2577189,44422.25724117849
207,100,1.001331,0.5972125,2.8242662,1.3913381,0.75598395,0.6168997,0.18642122,0.18986696,0.24250208,44980.19161946527
208,100,2.3207998,0.11709087,3.044412,1.3956622,0.6840329,0.5884731,0.18199037,0.16911235,0.2541033,44528.85532808431
209,100,0.7726948,-1.6615983,3.2694602,1.3849788,0.5692314,0.4915069,0.19383016,0.19518593,0.27261895,44322.86683176071
210,100,1.8666831,0.75746834,3.2606273,1.3302312,0.727949,0.6172646,0.21315327,0.1559405,0.24508256,44526.256256837376
211,100,2.4972005,-2.2453218,2.957079,1.3992697,0.6785023,0.6526314,0.1826582,0.19114178,0.19377568,45007.91752772303
212,100,-1.8300285,-0.6958351,3.2571084,1.2906361,0.7259148,0.6084776,0.20306966,0.15393981,0.26113176,44541.33365139129
213,100,1.2697648,-0.7098542,3.111146,1.4187348,0.5863979,0.47970927,0.18686254,0.1937472,0.2787075,44397.7238214309
214,100,0.44386324,0.33367434,3.3273454,1.380553,0.60002315,0.5726258,0.18907192,0.16404296,0.23955563,44253.05927776071
215,100,0.69913614,-0.2987596,3.0646648,1.444852,0.71862257,0.4929393,0.22170965,0.17120911,0.27609387,44502.243166354776
216,100,0.9494208,0.08755124,3.1401713,1.4005517,0.6256115,0.61807424,0.1781959,0.17516822,0.22235727,44508.80922943604
217,100,0.6071117,-1.0481704,3.3093417,1.3904796,0.5814965,0.5803387,0.17672922,0.15416288,0.24909693,44115.525833980304
218,100,0.045165855,1.8593464,2.8660445,1.3875532,0.7239963,0.63653547,0.1846459,0.19167389,0.2190474,45029.32164356762
219,100,0.3191184,0.30726478,2.6800349,1.381563,0.8972485,0.6054726,0.19775313,0.18335138,0.2608577,45228.75132349633
220,100,-0.5327028,1.0907497,3.1007566,1.4315495,0.5973924,0.48728782,0.18590057,0.17790964,0.27492654,44328.992469121826
221,100,0.9000542,1.8022423,3.032205,1.3957744,0.6881983,0.5896206,0.18216677,0.17041041,0.25379455,44553.09808477688
222,100,-0.7537045,0.13768983,3.1912656,1.2317415,0.8714075,0.63001335,0.21941802,0.15410493,0.2652735,44903.451057866274
223,100,-1.0707526,1.0544517,3.249355,1.4015697,0.6011094,0.5748298,0.17606026,0.15600005,0.2539392,44160.21465102284
224,100,2.6205738,-0.7474732,2.8249943,1.2602808,1.0929513,0.65930593,0.23697957,0.15328038,0.26925832,45385.1732434113
225,100,0.08753147,0.93874687,3.2674081,1.4015728,0.5726524,0.5223727,0.1812214,0.1788583,0.26543632,44203.959709360526
226,100,-0.955945,-0.34598178,3.1577494,1.3985295,0.63761413,0.58138645,0.17877436,0.16214961,0.25385228,44323.91669474838
227,100,-1.7423562,-1.3032428,2.9190264,1.4584651,0.62565506,0.46184894,0.20334393,0.18770328,0.28572208,44546.514358850465
228,100,0.5541276,-0.6701259,2.7063208,1.3834835,0.8724164,0.6050945,0.19539174,0.18407847,0.2587646,45176.62096901462
229,100,0.23958276,-0.36980116,3.3588388,1.3447647,0.62988853,0.54646945,0.21529794,0.19061992,0.23222136,44558.25781105091
230,100,0.9541896,0.54414475,3.248327,1.4007443,0.59571147,0.5806024,0.17537124,0.15928712,0.2495572,44184.23793340432
231,100,-2.28862,0.25148442,3.1703563,1.3985298,0.61951715,0.6016418,0.17730659,0.16954452,0.23633704,44386.89228557078
232,100,-0.24201983,1.5182612,3.2543952,1.4152739,0.5937506,0.5474412,0.18099894,0.1570708,0.25871643,44123.84237992718
233,100,-0.6963267,-0.2903971,3.1845818,1.4140569,0.57880855,0.4869189,0.18551746,0.19390367,0.27599564,44325.90311435072
234,100,1.1266359,-1.0799315,3.1748838,1.2498145,0.86862934,0.6307474,0.21789142,0.15408443,0.26472893,44868.551962943224
235,100,0.9853175,0.7669197,3.11148,1.290588,0.8825285,0.63272905,0.21694745,0.15348488,0.2637806,44840.548858474904
236,100,0.038630553,-1.6567152,3.0532994,1.4080732,0.652479,0.6658694,0.18187876,0.18803057,0.17344593,45009.42324977776
237,100,-1.6845173,0.8065638,2.8281035,1.3420644,1.0105941,0.63645095,0.22437468,0.15392728,0.2669339,45127.07608449715
238,100,-1.3003469,-0.8038504,3.1873167,1.4005119,0.6126007,0.6045604,0.17696528,0.16895932,0.23260581,44372.0599135487
239,100,-0.76414394,-1.4377915,3.3070116,1.3628414,0.6618262,0.60353196,0.20702648,0.16084936,0.22311261,44464.82516010967
240,100,0.8591042,-0.8096266,2.6335657,1.3782995,0.9956791,0.60966384,0.21061394,0.16803436,0.26658693,45312.08623808473
241,100,-0.9196507,2.6429358,3.0628545,1.4448576,0.73779595,0.49331602,0.22557577,0.17259735,0.2768792,44537.80681239903
242,100,0.1950697,-1.7815628,3.2079072,1.3993511,0.63556683,0.5804285,0.18098396,0.15441087,0.25546217,44235.79646287861
243,100,-0.782367,0.6251187,3.1373522,1.39798,0.661628,0.5812265,0.18193392,0.15694736,0.2565037,44344.4167506994
244,100,0.25233144,-0.390798,3.2754536,1.4424465,0.5556972,0.6757786,0.18484452,0.16350336,0.15605515,44661.065922109454
245,100,0.86900634,0.18418126,3.2974162,1.4191495,0.5666333,0.62605476,0.18006267,0.15684254,0.1988067,44312.924023039464
246,100,-1.3751845,0.50099224,3.1486073,1.4165356,0.5810396,0.48079267,0.18691885,0.19526014,0.27829975,44362.98454964756
247,100,-0.34624946,-0.7946363,3.295847,1.3824419,0.62596583,0.5914475,0.1916144,0.15655957,0.2392728,44268.74764506332
248,100,0.67057043,-0.7075057,3.3239217,1.3639944,0.5971188,0.63225377,0.1941093,0.15648374,0.21500224,44357.17435030232
249,100,-1.8242567,0.30360392,3.1709929,1.2298583,0.89304626,0.6342097,0.22135192,0.1541403,0.26546666,44948.44814951245
250,100,0.3675449,0.19031155,3.3253794,1.347903,0.6151651,0.5832124,0.18967542,0.15684427,0.25268117,44253.60440308088
251,100,-0.80871755,-1.104124,3.3268664,1.3429605,0.62015134,0.58386606,0.19195655,0.15733358,0.2531544,44272.535038015085
252,100,0.11255753,-0.65554506,3.1452928,1.4163537,0.5844201,0.4868176,0.18511203,0.19172555,0.27623928,44355.10557289378
253,100,-1.1731234,1.9436212,3.3047943,1.4050621,0.5751228,0.5972268,0.17782456,0.15487447,0.23187156,44152.90017585753
254,100,-0.94444627,-0.4100497,3.0341277,1.3296334,0.8984101,0.62936527,0.21525982,0.15346879,0.2628973,44844.61249614747
255,100,1.4315678,1.4622141,3.2564194,1.3249118,0.7601706,0.62627184,0.22360256,0.1581777,0.2331293,44657.46224057209
256,100,-0.9571581,1.0139722,3.2522635,1.4080337,0.57734007,0.52546006,0.17875206,0.17525996,0.2644451,44192.565616867614
257,100,-0.22260568,-0.9130792,3.315722,1.3801525,0.5919668,0.6377819,0.19292052,0.15691262,0.20619018,44373.97983089454
258,100,1.3151376,-0.32345748,3.3276722,1.3805501,0.58651006,0.540767,0.19212703,0.18063776,0.2507049,44282.8964797817
259,100,-0.41227177,-0.4034592,3.22901,1.4194648,0.58722925,0.5307137,0.17988743,0.16093361,0.2626517,44142.14056707673
260,100,0.19321355,1.2973421,3.1420155,1.435037,0.6001853,0.49872437,0.187857,0.16888781,0.27144146,44244.67071881045
261,100,-1.5504293,0.41731882,3.0218692,1.3942488,0.72173077,0.5868182,0.18699723,0.15916413,0.25855803,44545.75173596751
262,100,1.4229835,0.39608657,3.2494352,1.397195,0.6779041,0.54956764,0.21119529,0.16309905,0.26210582,44324.929038960385
263,100,0.83135104,0.48797268,2.7622232,1.3196194,1.0736508,0.6482108,0.23223537,0.15405859,0.2691687,45296.07897385598
264,100,-1.0148259,-0.6023319,3.343576,1.3458658,0.6536449,0.5964003,0.21195002,0.16903818,0.21629344,44552.08263334214
265,100,-1.8430696,-0.477974,3.1804974,1.1208906,0.98635566,0.6482478,0.23559439,0.15409185,0.27247217,45312.3466630134
266,100,-0.49803245,1.929532,3.2337182,1.2346011,0.81328934,0.62147856,0.2148537,0.15388542,0.26547518,44792.472053241334
267,100,0.20508662,1.1615338,3.306543,1.3994079,0.5787784,0.5795475,0.17549276,0.15402661,0.24797568,44097.3959387518
268,100,-2.5827966,-1.1539503,3.371764,1.1570697,0.66928685,0.65214235,0.22392774,0.16055846,0.22308931,44941.283462960295
269,100,-1.6138978,-0.21274029,3.2175822,1.4228023,0.59164083,0.52733207,0.18226601,0.16101795,0.26365373,44152.63881414442
270,100,0.70411104,-1.4956795,2.5669568,1.3716751,1.0749031,0.61876506,0.21981618,0.17084196,0.26958615,45483.406224849394
271,100,0.7750233,0.43283764,3.3139927,1.3689563,0.63956,0.5968315,0.2007594,0.16057065,0.22673698,44391.10924792029
272,100,0.59936935,-0.2563169,3.35247,1.3385898,0.656106,0.5942644,0.21446449,0.17224336,0.21424758,44597.589668872315
273,100,1.1394007,-1.2348258,3.278289,1.4008558,0.6148652,0.5613308,0.18845826,0.1575332,0.25691906,44170.23385122891
274,100,-0.9301565,-0.17858909,3.2481308,1.306654,0.783576,0.6292045,0.22431181,0.15694821,0.24146423,44687.34099247272
275,100,0.29673317,0.82998616,3.20008,1.404243,0.60877824,0.62101865,0.17721115,0.17010878,0.21467051,44444.30330406636
276,100,0.41409135,-0.50723445,3.1606808,1.4207801,0.5879826,0.5009481,0.18203446,0.1767279,0.27200234,44267.252511831546
277,100,-0.24133779,-0.87819034,2.6366034,1.3826563,0.92001224,0.61657274,0.19752516,0.19242327,0.25542828,45355.187498341285
278,100,-0.011145612,0.0114989,3.3162944,1.3916677,0.5862332,0.5631059,0.18248983,0.16352823,0.24811646,44175.80886353244
279,100,0.2982382,1.3263859,3.3074446,1.4045018,0.5766323,0.65733135,0.19445515,0.15848094,0.17926225,44512.49981895083
280,100,2.1495745,-0.090243846,3.3092527,1.3957498,0.5764827,0.5545681,0.18001235,0.16512212,0.25331178,44146.96858264871
281,100,-0.6006576,1.5522432,3.3065333,1.3941113,0.5808919,0.57463014,0.17532754,0.15399799,0.25238863,44096.35557468188
282,100,0.8020517,-1.846532,3.255615,1.3240495,0.7041844,0.6016503,0.19601607,0.15393338,0.25944126,44439.75594610881
283,100,-1.0405992,-0.31560314,3.2885416,1.4259522,0.56506133,0.6433973,0.17919415,0.15903457,0.1784966,44468.89285478034
284,100,-0.8056265,-1.1183119,3.2010357,1.4181117,0.68326557,0.53109956,0.21225305,0.16531204,0.26677126,44337.81296516018
285,100,1.4849256,-2.12389,3.3091724,1.370815,0.6400769,0.5970556,0.19989729,0.15981072,0.22807986,44379.68396731827
286,100,1.5848205,0.6479678,2.8614452,1.3891661,0.80073833,0.59359217,0.19236237,0.16641533,0.2614144,44834.21585240859
287,100,-0.7781835,1.7367749,3.3120615,1.3946828,0.58508617,0.57211196,0.17954737,0.15762669,0.24683222,44141.69319481503
288,100,-1.68823,-0.112465985,3.2917798,1.4032562,0.58091265,0.5825624,0.1742627,0.15609731,0.2442007,44127.861361760304
289,100,1.4015235,0.15843384,3.2077107,1.4043024,0.606606,0.61890554,0.17700599,0.1690236,0.2162866,44420.64778792747
290,100,0.17742614,-0.40178093,3.1976056,1.2238461,0.87463725,0.62913734,0.21991539,0.1542165,0.26605824,44920.86667722109
291,100,-0.25595766,-0.3480464,3.1442537,1.4364474,0.61869025,0.50480604,0.19490866,0.16517368,0.2699535,44255.109947393525
292,100,1.3925184,1.0375856,3.3225062,1.3831143,0.5989045,0.5776825,0.18680379,0.16054271,0.23933592,44229.48069521611
293,100,1.5199949,1.7195894,3.1439798,1.3135027,0.8272001,0.62415916,0.21004975,0.15348679,0.2619931,44697.140067590306
294,100,0.3557035,-0.47728628,3.317814,1.3672171,0.60138226,0.5795851,0.18384515,0.15574671,0.252511,44188.795453867264
295,100,0.68981814,1.3018463,3.3055658,1.4030237,0.57602584,0.5766716,0.17388974,0.15418248,0.24771503,44088.534652939285
296,100,0.22246316,-0.08837552,3.0001333,1.3937705,0.70781183,0.58829856,0.18411964,0.1682683,0.2562846,44597.08620633792
297,100,-0.7967753,1.5480669,3.285716,1.3731645,0.622692,0.58415794,0.18237823,0.15377437,0.25531292,44207.17730077426
298,100,1.342622,-0.7399359,3.201129,1.4125571,0.5791108,0.4989506,0.18274146,0.18833432,0.2721728,44288.36241968488
299,100,-0.3751471,-1.2261962,2.8423126,1.3763721,0.91029906,0.613896,0.21087985,0.15521461,0.26398918,44949.07816368261
300,100,-1.446421,-0.4523503,3.2421796,1.4017041,0.6018473,0.57640034,0.17586426,0.15789032,0.25287712,44178.702024979655
301,100,0.66596717,-2.5345545,3.2623973,1.4054778,0.62744415,0.5543911,0.19337258,0.15910497,0.25931174,44197.90295115788
302,100,-0.03926799,-0.9489328,3.2647147,1.40871,0.61310565,0.55498123,0.18749058,0.15789174,0.25844783,44161.04593844711
303,100,-0.81527567,1.801214,2.5436318,1.365142,1.1349349,0.6358578,0.23428707,0.16367152,0.27390537,45527.73846115942
304,100,-0.3650552,-1.7913276,2.9619167,1.3935579,0.6941762,0.6093413,0.18250395,0.18256311,0.24194108,44730.30162182094
305,100,-0.18505368,-0.8076485,3.3248532,1.378058,0.57812876,0.52140474,0.19556238,0.18931851,0.25678957,44311.44495139187
306,100,-1.1888592,-0.5068163,3.299554,1.3791938,0.6320053,0.59367335,0.19472554,0.15749633,0.23524606,44306.90100505596
307,100,0.1839255,-0.38548976,3.2368789,1.2519839,0.8169441,0.6302798,0.22240981,0.15443736,0.2582597,44781.043885072155
308,100,0.15647626,-0.21634398,3.3449235,1.2683954,0.628064,0.61713195,0.20113659,0.15732922,0.24128705,44492.904184024235
309,100,-1.0455246,-1.084856,3.2518868,1.4153318,0.58549553,0.5433579,0.17872271,0.15805133,0.25949582,44116.743005895376
310,100,0.08658318,1.419255,3.1692884,1.1245941,1.002647,0.6476634,0.23534086,0.15402097,0.2730431,45326.75550526807
311,100,0.947252,-0.15501009,3.2988505,1.4122367,0.5715169,0.6060139,0.17576125,0.15604275,0.2172813,44216.34338855701
312,100,-1.1476109,-0.35811406,2.826155,1.3880179,0.83111334,0.59560704,0.19534643,0.16520137,0.2620225,44902.76803715665
313,100,0.8689635,0.27687192,2.9332066,1.1908475,1.086004,0.6639868,0.2389409,0.15337887,0.27097756,45441.00972075041
314,100,0.27451634,-0.8909151,3.3264782,1.3814987,0.5975583,0.5641048,0.18940513,0.16810109,0.24288216,44256.76747452271
315,100,-0.222477,-0.8589199,3.2192025,1.4106696,0.58103323,0.51760656,0.17954512,0.17597124,0.26671654,44224.24737385942
316,100,-0.099008314,-1.0506538,2.7922006,1.2440051,1.1156701,0.6640264,0.23962085,0.15322097,0.27040613,45471.742596757176
317,100,-0.42231482,0.10471403,3.3229659,1.3861573,0.5894807,0.5562535,0.18708433,0.17009135,0.24757594,44228.265712108
318,100,1.0217906,-0.55254066,3.1422892,1.3966784,0.62907356,0.60280776,0.17795904,0.17167416,0.23730145,44433.6654136833
319,100,-1.7232282,1.7975394,3.2016487,1.2200925,0.9415872,0.65352964,0.2397849,0.15715764,0.2464757,45103.52303866853
320,100,-0.87916064,-0.2311016,3.1753054,1.4141607,0.5830279,0.49681935,0.18297176,0.18727374,0.27294865,44309.71260217195
321,100,-0.8963697,-1.962732,3.3491163,1.2526518,0.63946295,0.6154191,0.2030235,0.15755214,0.2450226,44531.337672450354
322,100,-0.8358561,-0.9420936,2.8861015,1.3730855,0.9026303,0.6158354,0.21064903,0.15432411,0.2634899,44900.76170981569
323,100,-0.7891022,0.0012484558,3.218097,1.405073,0.6039411,0.61903334,0.17684689,0.16779594,0.21515353,44407.38966445788
324,100,-1.0326431,-0.43674833,3.2697778,1.3977147,0.5714174,0.517727,0.18317865,0.18217933,0.266364,44226.10249532612
325,100,-1.3597807,-0.041400813,3.2071738,1.4116359,0.5816536,0.5111523,0.18051022,0.17962043,0.26860043,44249.68155313761
326,100,0.5969065,-0.9872867,2.9807446,1.4464265,0.6116957,0.4683077,0.1940197,0.18572377,0.28204858,44477.74954535999
327,100,0.46616644,-0.37024245,3.1991677,1.4040956,0.6089728,0.6206511,0.17721018,0.17018199,0.2151623,44443.188796349714
328,100,0.30833125,-1.3780835,3.1780944,1.3258307,0.78001106,0.61675525,0.20433468,0.15354604,0.26076254,44586.85061233781
329,100,-1.4465348,0.800298,3.2763972,1.4028494,0.58553743,0.58644724,0.17468245,0.15818846,0.24232212,44164.50884166394
330,100,0.93612915,0.6783801,3.0267155,1.3926646,0.66745883,0.6117545,0.18090872,0.18012735,0.23618513,44647.891932000224
331,100,-2.994613,0.8809376,3.2148857,1.1812158,0.8842998,0.6359941,0.22742175,0.15433592,0.26657975,45029.21287689898
332,100,-0.71994054,-0.8935744,2.963178,1.3920552,0.68596864,0.6306613,0.18211214,0.18733804,0.2194792,44851.82362706837
333,100,0.54012305,2.290467,3.3229258,1.3525461,0.61552304,0.581692,0.19017121,0.15707564,0.2535339,44243.82940838614
334,100,0.966768,0.5080679,2.8594432,1.3889605,0.77971816,0.5945091,0.18946274,0.17341638,0.25864428,44850.94849140878
335,100,-0.40123472,-0.8000825,3.1105924,1.3977181,0.65585697,0.58494776,0.17994577,0.16567048,0.2536013,44411.03933952866
336,100,-0.89546657,0.3869025,3.218223,1.4235849,0.6047174,0.53133684,0.18623881,0.15966342,0.26289597,44165.84808283937
337,100,-0.3559515,2.5402317,3.299374,1.415611,0.5691211,0.61225986,0.17756474,0.15611458,0.21167074,44237.5529510787
338,100,-0.8517292,1.8227236,3.3135805,1.3916588,0.57733905,0.54776907,0.18326521,0.17092341,0.25368035,44186.06597221864
339,100,0.67746216,0.05182039,3.195107,1.3988373,0.613349,0.587907,0.17679214,0.1643355,0.24718729,44288.919136236174
340,100,-0.596314,-0.052567296,3.23281,1.4146441,0.6433747,0.54215765,0.19871634,0.16126236,0.26274675,44236.49144292079
341,100,1.221385,-0.19284183,2.8524332,1.2994046,1.0479448,0.64939326,0.23116519,0.15366657,0.26780987,45230.26162099505
342,100,-0.6522936,-0.52118933,2.5900505,1.3842167,0.96099323,0.6253681,0.19958207,0.19651093,0.2520496,45477.67109764167
343,100,-0.04932407,0.2390336,3.308482,1.3528291,0.6588388,0.5752669,0.20825283,0.16074625,0.2574459,44334.1085725899
344,100,-2.0042157,0.37687653,3.331792,1.3222675,0.6070221,0.60764873,0.19180368,0.15607607,0.24083062,44335.1624394936
345,100,-0.56643987,-0.30769128,3.1980212,1.4252182,0.64695054,0.5283801,0.19964097,0.16239733,0.26592803,44254.935168714284
346,100,-1.6326345,-1.5677677,3.1057563,1.4194032,0.58288044,0.4716709,0.1900188,0.19758813,0.2819683,44413.66968320114
347,100,-0.97117066,1.4263169,3.2029917,1.1585124,0.9336598,0.6459247,0.23461242,0.1546047,0.2641771,45166.50773659185
348,100,0.87672675,-1.8269113,3.2973952,1.3936002,0.59163105,0.57750565,0.17797592,0.15381685,0.25221768,44120.92549371494
349,100,0.28427967,1.7426687,3.1766913,1.3979328,0.61818206,0.5977463,0.17713009,0.16819508,0.2396656,44360.58293592346
350,100,0.45730963,0.9623417,3.2634187,1.4034486,0.57316315,0.5219229,0.18073067,0.17865703,0.26569843,44201.93541328114
351,100,0.45248908,0.097896144,3.314184,1.3772349,0.58688045,0.5855726,0.17956702,0.15454103,0.24802029,44155.06159037039
352,100,-0.8137945,-1.4491177,2.800517,1.3813746,0.914184,0.61064994,0.20988823,0.15697871,0.26438186,44992.7062567152
353,100,0.010349315,0.72003376,3.3083804,1.3981305,0.58141744,0.57063454,0.17749397,0.15664724,0.24897867,44117.144182900534
354,100,-1.2527953,0.7774904,3.209627,1.1741468,0.91095924,0.6428664,0.2324529,0.15455733,0.26325655,45096.68603430244
355,100,-0.53527015,0.025405208,3.2466235,1.4031701,0.5718434,0.504627,0.18430807,0.1879949,0.27073273,44257.19272031509
356,100,-0.21694957,0.44539326,3.1575909,1.3864387,0.7042978,0.5947703,0.19009176,0.15370074,0.2577363,44386.04011655554
357,100,0.09772497,0.5829537,2.9322217,1.3939879,0.7302356,0.59601855,0.18481474,0.17719491,0.2534139,44739.458420889816
358,100,-0.5324899,0.6450553,3.2978373,1.4181707,0.5663281,0.6336467,0.18266767,0.15709992,0.19343069,44353.91031711661
359,100,-0.49610233,-0.074804984,3.0271368,1.3947313,0.6699767,0.6043043,0.18089513,0.17816484,0.24288216,44608.99891099106
360,100,-0.4304619,1.1493794,2.7720654,1.353117,1.0172378,0.6325508,0.2237877,0.15401867,0.2669752,45166.833452357045
361,100,1.1483506,-0.9108504,3.3089452,1.3857791,0.5913414,0.57502615,0.17987224,0.15509084,0.25305817,44133.570603705026
362,100,-0.029856121,-0.11817078,2.9579074,1.3904223,0.69125956,0.6177321,0.1826227,0.1845812,0.23450813,44778.81744552785
363,100,0.2711702,-0.80149686,3.3151157,1.3792838,0.5865761,0.5942806,0.18117476,0.15471025,0.24202229,44172.94745066005
364,100,-1.0002153,-1.5447711,3.2800694,1.3678558,0.6523029,0.5987649,0.19647972,0.1553812,0.24574581,44314.94282225292
365,100,-0.86026245,0.32830128,2.7966917,1.3814285,0.9161812,0.6107081,0.21002936,0.15707156,0.26447144,44998.729105893195
366,100,0.4178537,-0.040018726,3.3134224,1.3858151,0.58724326,0.6127677,0.18495867,0.15554458,0.22681352,44232.5719658905
367,100,-0.43918952,0.18133843,3.2875261,1.4132472,0.57289183,0.6332656,0.17703578,0.16046833,0.19033194,44419.47724289341
368,100,0.45615304,-0.35757902,3.2774055,1.3427166,0.6553622,0.593376,0.18996781,0.15381224,0.2575884,44320.52048840694
369,100,-0.5226194,1.0429776,3.0861244,1.400907,0.6395041,0.63636196,0.17969225,0.18223652,0.2059901,44705.66677682378
370,100,1.2248706,0.064856105,3.307736,1.3986396,0.5791515,0.56569016,0.17750064,0.15856698,0.2508995,44116.759918863296
371,100,-0.66772026,0.3269626,3.3826058,1.109822,0.70069253,0.6557205,0.23030694,0.16193187,0.2279627,45094.55759971518
372,100,-0.02852887,-0.32473028,2.9086874,1.3458457,0.9561023,0.6308149,0.2190117,0.15393782,0.26507413,44988.17889152253
373,100,-0.27682298,1.1239053,3.2479067,1.351733,0.68225414,0.5987591,0.19130981,0.15373619,0.25778177,44356.08194300078
374,100,0.7231005,0.024612125,3.289413,1.3908352,0.57264113,0.51934594,0.18547715,0.18344508,0.264082,44241.78080684585
375,100,-0.7290447,0.1965574,3.3267379,1.3413802,0.61165625,0.58737296,0.18691422,0.15574728,0.2517246,44257.58855610956
376,100,-0.78262913,-0.1103893,3.3118138,1.3923297,0.5904766,0.5770309,0.18127714,0.15686595,0.2441931,44161.706239757674
377,100,-0.10321885,0.41059852,3.2408538,1.4090788,0.6510618,0.54566514,0.20205414,0.16165254,0.26236644,44255.68168244133
378,100,-2.7773592,1.151734,3.1666517,1.3986908,0.63604665,0.5796278,0.17890935,0.1600094,0.2549139,44300.92002456648
379,100,-0.790523,-0.9073001,3.3068845,1.3991952,0.5803441,0.5715908,0.17669795,0.15581682,0.24928087,44108.17391539085
380,100,0.38432342,1.0097119,3.3116589,1.3841407,0.57496303,0.52024317,0.19069375,0.18667951,0.26053986,44273.16958166199
381,100,-0.96808213,0.4770681,2.5771275,1.3725622,1.0537078,0.6154598,0.2162345,0.17325753,0.26855463,45463.76099297715
382,100,-0.045113303,0.079121724,3.2992868,1.3969227,0.57475185,0.5466287,0.1792875,0.16719788,0.25704068,44149.87858393773
383,100,1.3554426,-0.39814812,3.1635623,1.4313123,0.6586321,0.5167444,0.20402312,0.16418399,0.2686627,44302.5817038182
384,100,-0.3848798,0.09435159,3.2703266,1.4090552,0.5807338,0.63335955,0.17665431,0.1630317,0.19344525,44441.55044454461
385,100,-0.39791209,0.7825789,3.2616901,1.3968625,0.5705048,0.50788504,0.1854662,0.18737799,0.26919174,44257.44366947095
386,100,-1.6018361,-0.8871809,3.2258644,1.2325296,0.83099484,0.622511,0.21573888,0.15389502,0.26598492,44823.723115679735
387,100,0.7666632,0.3562928,2.9399757,1.3921416,0.7757284,0.5919862,0.19221248,0.159359,0.2604368,44693.30228279195
388,100,0.5785215,0.34965447,3.2861567,1.4023974,0.58273745,0.57435673,0.17427121,0.15560965,0.25167438,44107.36081847834
389,100,1.0289356,-0.07228701,3.1943908,1.4262302,0.6373332,0.5262673,0.19662708,0.16170998,0.26562044,44239.88549941726
390,100,0.3595044,-0.14456682,3.3378775,1.300693,0.6245463,0.60063124,0.19398147,0.15640047,0.24915719,44376.235960215316
391,100,0.2509981,1.054758,3.2926664,1.4208767,0.5676745,0.6295623,0.17781174,0.1577398,0.19192374,44367.73012027003
392,100,0.5232767,-0.17154633,3.2389145,1.4185691,0.60229295,0.5411228,0.1842671,0.1581048,0.26059136,44147.34007413735
393,100,1.7746586,-0.3931532,3.051781,1.3959903,0.680641,0.58820647,0.18172006,0.16887374,0.253964,44516.00712387647
394,100,-1.4465779,-1.5826856,3.2958171,1.3818419,0.6274692,0.5919587,0.19215673,0.15664934,0.23885918,44274.7633339046
395,100,-0.31088617,0.097400166,2.9172304,1.0352256,1.1735632,0.6836433,0.24825782,0.15489149,0.28008986,45959.00006445749
396,100,0.15650654,0.23218104,3.1764529,1.4140545,0.583139,0.49791452,0.18274131,0.18642479,0.27258658,44305.32542553213
397,100,-1.424061,-0.49331987,2.6698952,1.0335263,1.193622,0.6926366,0.24944694,0.15359914,0.283756,46218.58665558513
398,100,-1.1335928,0.99675965,3.195981,1.2437323,0.85339427,0.627609,0.21711543,0.15404247,0.2644283,44850.75865728168
399,100,0.9605572,0.22584048,3.3474288,1.2675785,0.657107,0.60048145,0.20327573,0.15841599,0.25127956,44503.10991789227
400,100,0.82455724,0.53117836,3.2115476,1.3996243,0.60677356,0.59334475,0.17627913,0.1647693,0.24114263,44289.63511791531
401,100,0.21950956,0.39306292,3.2649126,1.3157995,0.70284677,0.60755205,0.20217821,0.15408468,0.25653312,44463.185407979174
402,100,0.95008844,-0.1513572,3.2670717,1.4111048,0.5967305,0.55503047,0.1811738,0.15641089,0.257371,44123.04206526338
403,100,-0.44816536,-0.64933795,3.2517533,1.4130958,0.61673117,0.5492755,0.188676,0.15857075,0.2599133,44170.32443132343
404,100,-0.015682112,0.16092817,3.3292797,1.3327254,0.62009573,0.5880605,0.18987584,0.15642293,0.2519036,44292.06591241723
405,100,-1.3479254,-0.7615734,3.2157369,1.2077072,0.900576,0.6442098,0.23322554,0.15477303,0.2590001,45008.313345319155
406,100,-1.7558906,0.45093447,3.3300767,1.3305242,0.6154501,0.5910208,0.1887304,0.15583155,0.2511762,44287.98790939621
407,100,-0.7047003,0.9432607,3.324624,1.3816073,0.5984191,0.5751145,0.18779764,0.1624106,0.23956324,44240.38247946149
408,100,0.2847906,-0.30937758,3.041172,1.3943905,0.7329458,0.5905273,0.19074674,0.15609737,0.25932306,44524.50657953771
409,100,1.1452621,0.34649444,3.3070025,1.3989251,0.5797422,0.598645,0.1792245,0.15484963,0.23369272,44161.932909627154
410,100,-0.058586553,-0.3175431,3.2919557,1.3429712,0.72881836,0.62030196,0.22233176,0.16206315,0.21551363,44669.649782691355
411,100,-0.5028167,2.4124537,3.3467062,1.2803302,0.66389614,0.5942879,0.20913935,0.16056968,0.25345898,44489.19117789175
412,100,0.9101789,0.3172182,3.2935467,1.4014041,0.5745525,0.5555047,0.1761634,0.1607675,0.25610426,44110.31952169267
413,100,0.33003512,2.2259443,3.1224225,1.4179697,0.5858716,0.48234624,0.18612844,0.1927646,0.27773988,44382.13578023126
414,100,1.6315974,0.37775916,3.2531614,1.3041915,0.7261957,0.605204,0.1999153,0.15392923,0.26108938,44512.01378665873
415,100,-0.52867067,-0.10800384,2.8266957,1.0337175,1.1835163,0.68760324,0.24879621,0.15484877,0.28197908,46053.331728495614
416,100,0.2863437,0.60884386,3.2609663,1.4119593,0.58095706,0.6502708,0.17772205,0.16650395,0.1770452,44585.48939184592
417,100,-0.83963245,-1.3682451,3.2872462,1.36682,0.6252195,0.58510494,0.18349536,0.15372027,0.25583842,44221.96345094941
418,100,-1.808144,0.41133425,3.3225448,1.367111,0.59556305,0.628602,0.19248018,0.15628289,0.21764427,44332.633933395846
419,100,-0.34791216,0.15634897,3.3109627,1.392143,0.58618945,0.6563401,0.19680627,0.15824959,0.1841302,44510.37525271555
420,100,-0.8589724,-0.8989422,2.9694793,1.3910215,0.68580467,0.62424636,0.182064,0.18579236,0.22652394,44803.63930517878
421,100,1.0085973,0.52759737,3.2382903,1.409116,0.5787663,0.52251565,0.17902358,0.17562853,0.26536736,44205.773269515754
422,100,0.24664895,0.60799253,3.3207593,1.3247995,0.7329849,0.62308663,0.22846317,0.16823103,0.2005935,44833.01912531287
423,100,1.4944845,-2.069985,3.029937,1.4021394,0.6557807,0.6542729,0.18144672,0.18822698,0.18835697,44925.51219378801
424,100,-1.1460004,0.047066096,3.258693,1.2956063,0.72128946,0.60663176,0.20134935,0.15384795,0.26125482,44520.90413010583
425,100,0.045134015,2.339625,3.3275118,1.3194721,0.6646523,0.58405715,0.21080124,0.16110326,0.25655422,44406.862553888976
426,100,-1.0793432,-0.11422555,3.1321552,1.3404474,0.80656374,0.6182937,0.20564944,0.15342902,0.26030898,44626.8078919277
427,100,-0.9228233,-1.4513385,3.1563334,1.1421636,1.0771353,0.6749961,0.24783632,0.15999818,0.23596053,45564.27290861115
428,100,-0.20035347,-1.7140461,3.3068354,1.3892834,0.57492334,0.5299685,0.18600458,0.17990726,0.2591797,44227.8942711386
429,100,-0.64295256,0.15011522,3.1813695,1.1838965,0.9325912,0.6370835,0.2268971,0.15427797,0.26872167,45095.79133744695
430,100,1.1880298,0.3169426,3.0233855,1.189227,1.0412135,0.65691483,0.23538035,0.15375164,0.27000415,45323.71066276503
431,100,0.5383296,-0.14244542,2.9760685,1.2616568,1.0137441,0.6502508,0.23017621,0.1532746,0.26667446,45168.30712333418
432,100,-1.6263219,-0.13482246,2.6051364,1.3869114,0.9403655,0.62462246,0.19755432,0.19638935,0.2504073,45437.67407475595
433,100,2.2697546,-1.4543657,3.0709085,1.4260995,0.59199387,0.47798848,0.18688689,0.19003402,0.27987152,44411.43185594807
434,100,-0.024326125,-0.7380309,3.3232236,1.3641673,0.5955266,0.6226861,0.19089551,0.15594801,0.22336647,44306.240336841816
435,100,-0.36918184,-0.23937918,3.2800095,1.3491244,0.64692056,0.591276,0.18825825,0.15379137,0.2571285,44293.72056504229
436,100,0.8644362,-0.742165,2.8875813,1.287349,1.0416911,0.65017706,0.23114151,0.15339768,0.26724073,45219.018309097446
437,100,1.1172835,-1.5639046,3.19904,1.4124018,0.5808834,0.5033661,0.18188262,0.1851924,0.27093804,44278.792709222216
438,100,0.8449956,-0.67559385,3.337037,1.3679113,0.612554,0.57660866,0.1968593,0.16815291,0.23254079,44350.18667238217
439,100,-0.30911446,-0.23346666,3.3266885,1.3389714,0.6323112,0.5832232,0.19736046,0.1584577,0.2544603,44303.082837286864
440,100,0.44702417,0.10572,3.3204675,1.3596885,0.5935432,0.5946673,0.1838274,0.15508258,0.24448612,44216.20861794339
441,100,-0.13288058,-0.29779088,3.2426262,1.2591888,0.78033805,0.6155295,0.2095349,0.15383908,0.26407278,44687.68138643337
442,100,-0.017020414,0.37915173,2.675727,1.3714817,1.0221732,0.6233639,0.22176296,0.15764074,0.26770723,45254.760693762546
443,100,-0.36469355,0.15670386,3.2430978,1.4009634,0.5979225,0.58031285,0.17551982,0.1595727,0.25008622,44190.59683786744
444,100,0.16066119,-0.95264494,3.162817,1.4235774,0.5901866,0.5029379,0.18212305,0.17309892,0.27059895,44249.47353245283
445,100,0.017515613,0.32362577,3.0373962,1.0785218,1.1186366,0.6694462,0.24425495,0.15449429,0.2752041,45681.58801629133
446,100,0.5210649,-0.57578796,3.1503482,1.424407,0.5903551,0.4984687,0.18268628,0.17587897,0.27223966,44270.59793231916
447,100,-0.033319283,-1.5308034,3.3355174,1.3160375,0.63329434,0.5899846,0.19659087,0.15766704,0.25193137,44354.85711286824
448,100,-0.6532847,0.078514025,3.244562,1.4054923,0.5960909,0.61530554,0.17619106,0.16400808,0.21659236,44347.99498210065
449,100,-0.26773354,-1.1280113,2.955663,1.4442838,0.6093618,0.46437132,0.19416428,0.19159564,0.28470767,44526.58276079629
450,100,0.52389103,0.08842209,3.3720355,1.179061,0.7281842,0.6126664,0.22672382,0.1634878,0.25113225,44846.41720612356
451,100,0.01862737,1.054325,2.8818786,1.363051,0.9333058,0.62232774,0.21478155,0.15388979,0.26435202,44955.09257345651
452,100,0.46629006,1.7148316,3.1920767,1.412893,0.5824443,0.5052262,0.18139958,0.18217818,0.2702929,44273.28662665581
453,100,0.08617684,2.190898,3.2550888,1.4051231,0.592741,0.6097244,0.17581566,0.16225053,0.22142208,44301.46769892026
454,100,0.030601824,-0.069641575,3.304863,1.4092988,0.5727669,0.6482947,0.19010444,0.15791973,0.18552148,44442.95780344507
455,100,0.2891205,0.41287082,3.3538613,1.2303843,0.6457742,0.62331754,0.20760763,0.1581745,0.24181014,44611.46675611644
456,100,0.4537819,-1.8297404,3.284851,1.4067227,0.5840974,0.5631871,0.17661601,0.15492049,0.25467852,44094.46851886614
457,100,-0.5215797,-1.1846865,3.2126217,1.4003067,0.6161396,0.577145,0.17725745,0.15810017,0.2541785,44223.84757302091
458,100,0.1508182,-0.25547078,3.0277553,1.2815232,0.9600896,0.64244854,0.22444603,0.15331154,0.2650509,45021.339383648046
459,100,0.87583274,-0.11510747,3.372402,1.3196809,0.6629261,0.5784534,0.22411638,0.18594156,0.21110208,44742.8415866622
460,100,-0.6250274,-0.3903927,2.822897,1.3128595,1.0500656,0.64732033,0.23048422,0.15385404,0.26800412,45231.574464774705
461,100,0.28601253,0.9785673,3.159838,1.433374,0.60997945,0.5090747,0.1915536,0.16423605,0.2685984,44228.734096105254
462,100,-2.2555642,-1.0225068,3.0296419,1.3965139,0.67539626,0.5974295,0.18111083,0.17670283,0.24807832,44583.79371405404
463,100,2.116791,-1.6108783,3.2153053,1.3995852,0.6057079,0.59202945,0.17617862,0.16420963,0.24207765,44278.80610350249
464,100,-0.6743327,0.031830557,3.2890558,1.4289742,0.56350213,0.64729863,0.18025242,0.15918367,0.17510676,44489.00135405711
465,100,0.29871365,0.91064566,3.1434574,1.400362,0.6389412,0.58474857,0.1783534,0.16623314,0.25168616,44358.886510036406
466,100,-0.8958158,0.5483281,3.0875607,1.3978491,0.6634701,0.5869788,0.18035094,0.16806795,0.2530118,44455.55272331474
467,100,0.9304085,-0.17531641,3.2324271,1.4188094,0.62081987,0.5406045,0.19013944,0.15932952,0.2619624,44184.14617684562
468,100,-0.49901664,0.021351224,3.2221007,1.4105083,0.57960486,0.51384866,0.18023707,0.1800638,0.26783773,44237.517242536625
469,100,1.5877615,-0.6432576,3.3264089,1.3392711,0.63294286,0.5831062,0.19761854,0.15850194,0.25452745,44303.658137163024
470,100,0.38273242,-0.03424228,2.832024,1.3736335,0.92778456,0.6168887,0.21292327,0.1549385,0.2643463,44982.195385904655
471,100,-0.15602389,1.0490932,3.202442,1.4161507,0.59368217,0.67840225,0.18119429,0.17798933,0.1575652,44879.57635078259
472,100,-1.6064397,-1.3730536,2.9926112,1.3555113,0.88416314,0.62208986,0.21138896,0.15385744,0.2629387,44812.2593706188
473,100,-1.3342584,-1.3467175,3.192778,1.3953193,0.5652939,0.4666853,0.20111035,0.19929036,0.2841683,44373.89638450714
474,100,0.60413677,-1.6295836,2.6773262,1.3797449,0.82391167,0.64708835,0.19143741,0.19697887,0.22117156,45380.41424994411
475,100,-1.2597873,0.028620504,3.3230817,1.3858666,0.59102416,0.5586747,0.18701982,0.16901585,0.24661721,44228.74542787172
476,100,1.2605689,-0.100393504,3.3082447,1.3925357,0.58075756,0.57813275,0.17603621,0.1540696,0.25025627,44106.081820625215
477,100,0.04949498,0.4938368,2.7433813,1.3842578,0.87733674,0.59989876,0.19821534,0.17102304,0.26366323,45068.24914024537
478,100,-0.120406635,-1.479316,3.3154345,1.3821423,0.58834875,0.6121397,0.18545966,0.15549847,0.22834975,44233.18817261155
479,100,1.4219756,0.45636335,3.2600594,1.4134307,0.58502764,0.54838014,0.17830382,0.15712267,0.2581734,44109.97894773903
480,100,-1.1046166,-0.030936258,3.282415,1.4384629,0.5577739,0.6676568,0.18397197,0.16182809,0.16035552,44615.65768300285
481,100,-0.34069234,-1.2631729,2.93855,1.317039,0.97933006,0.63958526,0.22377491,0.15360674,0.26543173,45045.348167349715
482,100,0.067492254,0.016338084,3.198191,1.4127338,0.5794698,0.49850288,0.18282104,0.18839628,0.27233234,44291.40189163332
483,100,-0.98551077,-1.471835,3.309937,1.3777732,0.6033457,0.5757129,0.18528208,0.15613414,0.2539646,44172.72223666933
484,100,-0.84832054,-0.32566947,3.2238445,1.4215369,0.59076524,0.5302032,0.18172222,0.16042502,0.26289377,44145.85650436124
485,100,-0.26800337,0.8024564,3.2945957,1.3920267,0.5734723,0.52768826,0.18373308,0.17896605,0.2616401,44216.36937352233
486,100,-0.7994224,0.2407875,3.2387378,1.4068758,0.59721255,0.62739664,0.17684215,0.16539803,0.20389882,44434.44386680954
487,100,-0.35687152,0.54565734,3.2947583,1.4275774,0.5602772,0.674043,0.19693047,0.16099267,0.16127318,44626.49089076751
488,100,-0.5654978,0.4760314,3.2994967,1.4145079,0.5707184,0.6076815,0.17644687,0.15589097,0.21557996,44218.657715544614
489,100,0.21348006,-1.2085737,3.026089,1.4484974,0.61311936,0.47383082,0.19582641,0.17981447,0.27998275,44403.47388321739
490,100,-0.36555108,0.9380925,3.2762341,1.3562443,0.6586849,0.59834564,0.19442381,0.15436438,0.2526285,44317.30267514189
491,100,-1.3804307,-0.53591454,3.3082142,1.3976531,0.5775689,0.5611088,0.1783241,0.16104037,0.25207317,44126.107014582194
492,100,-1.405963,-0.5900577,3.2752216,1.3585482,0.6698817,0.60344267,0.20058987,0.1554704,0.24592188,44364.10831041909
493,100,0.7539915,1.0653155,3.3222585,1.3805994,0.5774863,0.5240315,0.19350597,0.18746525,0.25691873,44293.592649352286
494,100,0.91722155,-0.057042867,3.301638,1.4028046,0.57752526,0.57254994,0.17482035,0.1540608,0.25079387,44084.31503848844
495,100,-2.6591723,0.60631955,3.2602713,1.4132484,0.58007437,0.65502876,0.17809539,0.16742253,0.17249008,44625.704965894234
496,100,0.105232134,-0.09165941,3.1882956,1.3603694,0.7291737,0.60569334,0.1958645,0.1534829,0.2581167,44445.23618213184
497,100,-1.1474687,-0.43782005,3.2799525,1.408232,0.5790429,0.6236619,0.17606455,0.1609618,0.20258297,44360.578347540206
498,100,-0.45380405,0.40326455,3.1334698,1.3933182,0.69275993,0.58934796,0.18789603,0.15430409,0.25750512,44382.50706600578
499,100,2.259309,-0.042257152,3.1373296,1.4326932,0.59702027,0.49639854,0.18559587,0.17122464,0.2721079,44258.256488853265
0,200,0.0076174983,0.88686466,3.3745422,1.4352435,0.5317495,0.627572,0.18375732,0.1543269,0.260301,43840.76854068546
1,200,-0.52886987,0.17371185,3.3815076,1.3992198,0.5208957,0.47618738,0.18512145,0.19559103,0.2791725,44099.95613987656
2,200,1.9559124,0.39009333,3.3296645,1.4194106,0.53053206,0.55757374,0.17631961,0.16892613,0.2723987,43946.58873228312
3,200,0.8416313,-0.24945858,3.095179,1.4715848,0.62528306,0.5265171,0.1892193,0.17647389,0.26900622,44260.46206373794
4,200,-0.15503581,0.06606026,3.3456445,1.411493,0.57201296,0.5775627,0.21023451,0.17726827,0.23782328,44204.471289753696
5,200,-0.3119761,-0.84029037,3.2244375,1.2663771,0.848812,0.6355931,0.23749161,0.15548812,0.2814194,44715.88502865
6,200,2.4884417,1.6959696,3.378868,1.3889937,0.5467292,0.51753765,0.19931363,0.18862039,0.26761818,44149.140062766266
7,200,0.99090916,-0.1867091,3.3883355,1.391327,0.52742404,0.49733675,0.19009621,0.19166449,0.2756039,44101.09253947166
8,200,-1.6324233,-0.06713416,3.3584921,1.4115828,0.52500147,0.5309177,0.17823407,0.17972103,0.27419296,43990.6403650302
9,200,0.8253722,-0.29832315,3.3665287,1.4407256,0.5454109,0.6315757,0.17704314,0.15564224,0.24652396,43905.99815233783
10,200,-1.5096616,-0.2773914,3.3668156,1.4608966,0.5253294,0.64208174,0.17719366,0.1528206,0.22134352,43939.283444332155
11,200,-0.79991364,-0.22007579,3.213447,1.4158895,0.72117233,0.6346852,0.21073332,0.15361778,0.2734268,44229.41898415006
12,200,1.3277828,-0.10128149,3.374085,1.405107,0.5223123,0.5005831,0.18132266,0.18909779,0.27688688,44046.89025891745
13,200,-1.4227949,1.9223248,3.2748094,1.4275358,0.59689176,0.6199513,0.18808329,0.15390603,0.27083486,43989.91963926843
14,200,-1.540797,0.06326199,3.1361449,1.4610926,0.5845506,0.51862705,0.1836167,0.17604348,0.27100334,44175.70127744503
15,200,0.42258036,0.5474806,3.3056138,1.4171526,0.5272526,0.47922492,0.1789927,0.1938026,0.27813375,44122.61882281832
16,200,0.9424681,-0.26759475,3.2014403,1.4419687,0.70307314,0.63073593,0.23942646,0.16366455,0.26813495,44249.004395253585
17,200,-0.67246044,-0.35955316,3.3118415,1.4160438,0.52657115,0.47727507,0.17931123,0.19443333,0.27833053,44123.04085958486
18,200,-0.13370156,1.0777438,3.3642006,1.4063809,0.5447575,0.58575034,0.19041973,0.168235,0.26122516,44000.76240067703
19,200,0.9208588,0.31872764,3.1052458,1.4496891,0.8115276,0.63576883,0.24673831,0.16791022,0.26836097,44478.844783730485
20,200,-0.39522898,-1.1594205,3.2661467,1.448138,0.6196135,0.61455375,0.22832313,0.16665879,0.24950257,44153.403849216345
21,200,-0.679593,-0.5643179,3.2071626,1.4336727,0.6242382,0.6126429,0.18937294,0.15437704,0.27156073,44071.98137204884
22,200,-1.0452534,1.2111453,3.3236566,1.4264004,0.54003376,0.58929676,0.17740676,0.15940525,0.26974958,43903.48430704777
23,200,0.22425222,-1.6786884,3.3463166,1.3937072,0.59890103,0.5304352,0.22556964,0.19257793,0.23270097,44434.02967745929
24,200,0.040071458,-0.3277549,3.3236096,1.4046407,0.5882327,0.6233722,0.20355675,0.1557733,0.27188402,44003.01683800699
25,200,0.01050002,1.7858706,3.3758843,1.4061252,0.52745914,0.57059616,0.1803236,0.1683989,0.27148825,43930.204391567015
26,200,1.370989,-0.50984323,3.373689,1.4594381,0.5257449,0.63583434,0.18599132,0.15386252,0.251513,43816.73157126121
27,200,-1.1268258,-0.7306777,3.2514951,1.4131302,0.6785536,0.63235927,0.2053547,0.15367697,0.272764,44148.29141430989
28,200,-0.40318832,0.94940555,3.3178375,1.4379802,0.57970434,0.5998121,0.18088323,0.16419528,0.26314658,43981.67669053911
29,200,0.48111513,2.759355,2.7142224,1.4597502,0.93567514,0.5874625,0.21354344,0.1599802,0.27494556,44936.80732564745
30,200,0.51291686,-2.5412388,3.3463557,1.4341421,0.5598283,0.61063284,0.17861183,0.16047601,0.26071092,43927.02262750435
31,200,-0.27643284,-0.25957698,2.9351065,1.4478114,0.8108862,0.61732626,0.2100946,0.15414749,0.2735443,44538.86728187908
32,200,-0.4555325,0.017479159,3.3975701,1.3190669,0.65362644,0.61414313,0.22047031,0.1614743,0.25787067,44317.08493325467
33,200,-1.5023966,-1.7776669,3.3814316,1.4001975,0.5267961,0.5330882,0.18382978,0.1806869,0.27373427,44008.686905626295
34,200,0.40234163,-0.6848101,3.367025,1.3975788,0.55236727,0.5585875,0.19783716,0.17847595,0.26098317,44095.76661131054
35,200,-0.40155753,-0.46847606,3.3689127,1.4568018,0.5390094,0.6457149,0.17675483,0.15430354,0.21980546,43978.996746480414
36,200,0.60815644,1.1149623,3.363736,1.4111271,0.52354985,0.51837575,0.17908463,0.18391214,0.27523303,44009.79932415785
37,200,0.92379653,-0.13256802,3.392498,1.3897823,0.5233593,0.4752592,0.19038445,0.1962208,0.2790959,44125.42823631904
38,200,0.46637958,-0.09439251,3.021256,1.43219,0.904211,0.64171714,0.22762454,0.15332037,0.27572638,44593.51246176055
39,200,2.4512298,-0.21120599,3.3723788,1.4106909,0.53003734,0.6189812,0.176352,0.15397646,0.2690658,43855.198562992315
40,200,0.88518757,1.4737648,3.3860154,1.4541516,0.5541321,0.64141,0.2108065,0.1562401,0.23560822,43950.28740381282
41,200,0.18970262,1.7025702,2.9945202,1.4452353,0.7650999,0.6158225,0.20526084,0.15417077,0.27301398,44429.03290341301
42,200,-0.1734639,-0.51002955,3.2709148,1.4563751,0.6349533,0.59261054,0.18411191,0.17319798,0.25209776,44147.76083261569
43,200,-0.46684554,-1.4169061,3.3727725,1.422569,0.53541845,0.62002736,0.1764651,0.15506355,0.2632881,43861.0762373939
44,200,-0.7621145,-0.88778013,3.3577988,1.4344331,0.54946226,0.6182219,0.17758036,0.15787977,0.25778276,43899.99129215282
45,200,0.54261076,0.71593887,3.36801,1.4793184,0.5173794,0.64799535,0.1823043,0.15323888,0.21352229,43938.61051188711
46,200,1.0996596,0.6552637,3.3501265,1.4541578,0.56587577,0.6330263,0.17838053,0.15863557,0.2340682,43987.533820604585
47,200,0.33057675,0.94924647,2.6561089,1.462141,1.0831099,0.63433236,0.23648849,0.1537823,0.27805138,45096.80700577538
48,200,1.9050636,-0.01477722,3.3737652,1.4071879,0.5281543,0.5832124,0.17976746,0.16455883,0.27046865,43911.65486022112
49,200,-0.813596,-0.5216415,3.3409297,1.4273183,0.55746424,0.6056941,0.17905284,0.15991023,0.2664714,43921.20662260793
50,200,-0.18375573,0.8246182,3.2647557,1.4278765,0.5313332,0.48496422,0.17735907,0.1908917,0.27768686,44122.496451543826
51,200,-0.9768954,-0.58957994,3.3362737,1.4128108,0.51983994,0.4621525,0.18212722,0.19827479,0.28123492,44123.99118572658
52,200,-0.8391294,0.99012136,3.3792992,1.397753,0.5461187,0.61942184,0.18535733,0.15512472,0.2662957,43919.67531745957
53,200,-0.35399392,-1.3749512,3.3414466,1.4244006,0.55035454,0.6086923,0.19412774,0.16099428,0.25129175,43988.71374979965
54,200,0.50538695,0.35924914,3.3838558,1.4340357,0.5498119,0.6331178,0.20007408,0.155707,0.24883473,43920.706512093835
55,200,-1.6388073,-0.7333128,3.0041914,1.3427153,1.0595098,0.6549205,0.24358904,0.15507665,0.2808651,44971.234457741455
56,200,-0.010056471,1.238007,3.3734517,1.4751403,0.5232211,0.6445746,0.19207999,0.15379155,0.23905438,43837.06567069184
57,200,-2.364174,0.020334182,3.3020482,1.4398638,0.5592783,0.59111685,0.18107685,0.16011392,0.26876265,43928.01406744309
58,200,1.4665787,0.85255194,3.3703654,1.4439771,0.53779685,0.63648564,0.17659979,0.15443733,0.23991469,43907.28034433352
59,200,0.93184835,0.339965,3.3226082,1.4411473,0.5812514,0.6030531,0.1805472,0.16451222,0.25978303,43985.755081171614
60,200,1.3243587,-0.1722008,3.372726,1.4511118,0.5238462,0.6316688,0.1794514,0.15370013,0.2511947,43826.37792511758
61,200,-0.46931073,0.8756957,3.3033173,1.4234219,0.59992325,0.625006,0.21317956,0.15747136,0.2701807,44015.52209314667
62,200,-1.270485,0.9693967,3.3720708,1.4493802,0.52495825,0.63111514,0.17974775,0.15378717,0.25376567,43822.97295780439
63,200,1.867559,0.90604466,3.309002,1.4599903,0.6016271,0.6149696,0.18089268,0.16736545,0.23803926,44085.378363215175
64,200,-0.64718145,0.47224715,3.238352,1.4278828,0.6786247,0.6302556,0.23376164,0.16012259,0.2715732,44184.01098909606
65,200,1.0685093,-0.4533858,3.334342,1.4261491,0.5576656,0.6061196,0.19931066,0.16323303,0.24575168,44038.98842676933
66,200,-1.4219198,1.997956,2.9098506,1.4453115,0.9606338,0.6402607,0.23019324,0.15294015,0.2762289,44736.27249740949
67,200,-0.34745064,-0.5812685,3.394539,1.4001144,0.5801378,0.629582,0.21266872,0.15770143,0.24834502,44045.32279085002
68,200,0.068599224,-0.2722761,3.0683627,1.4569392,0.7424514,0.5617571,0.19400507,0.1823202,0.26545215,44494.06199175581
69,200,0.8733118,1.1997361,3.3765483,1.4352269,0.5362712,0.6288865,0.18781562,0.15466721,0.2574792,43859.70741093397
70,200,0.0014710003,-0.76670486,3.2729163,1.4274616,0.58180267,0.6086725,0.18302408,0.15648448,0.2708432,43981.972461821984
71,200,0.42625874,0.676908,2.7411954,1.4570749,1.0128973,0.63148314,0.23034732,0.15383646,0.27674454,44941.40224204634
72,200,2.0140603,-0.30676576,3.0737848,1.4411676,0.70356333,0.5808318,0.19258302,0.17047146,0.2700094,44381.49488670043
73,200,0.6433145,-1.5706234,3.0280254,1.4415665,0.7241397,0.5808703,0.1944295,0.17000459,0.27089548,44447.40744019176
74,200,-1.6429653,-0.40607178,3.243723,1.4590161,0.5989159,0.57439077,0.18797895,0.16497225,0.26729718,44031.29447426374
75,200,-0.91800475,0.25249663,3.3870091,1.3504546,0.60726494,0.61426806,0.20554894,0.15916586,0.2626454,44149.18982193258
76,200,0.62523144,-1.6020577,3.3126585,1.4260012,0.5336417,0.5541953,0.17648625,0.16806568,0.27205288,43950.11234913674
77,200,-0.5096522,-0.4380743,3.3751075,1.4072146,0.5266581,0.56979656,0.17931241,0.16812384,0.27192694,43924.15434100704
78,200,-0.8031414,-0.46433768,3.336522,1.4195257,0.53127366,0.57677084,0.17623302,0.16311963,0.27106538,43911.133645195856
79,200,0.10058121,0.53916126,2.650158,1.4626521,1.0423889,0.6185806,0.2301789,0.15429673,0.2762624,45075.91172179802
80,200,-0.36343777,0.77905124,3.344336,1.4263716,0.5475155,0.6138504,0.19190378,0.1583191,0.25954962,43932.03735854695
81,200,0.49374178,-0.11610394,3.3705568,1.4760753,0.5209038,0.6448535,0.18966426,0.15370557,0.23770651,43837.69523987634
82,200,-0.7742951,-0.26938978,3.1975794,1.259481,0.88244367,0.63666487,0.24152067,0.15638131,0.28225526,44798.528278334015
83,200,-0.035742734,0.33601573,3.364569,1.4260495,0.54197097,0.61648035,0.17706569,0.15678586,0.26291963,43878.82154580988
84,200,-1.0574737,-0.55598503,3.241148,1.4512573,0.5740998,0.5659213,0.18280114,0.16583739,0.26903015,44013.13430470384
85,200,-0.34796184,-1.3533889,3.1186275,1.4596341,0.5620461,0.47841567,0.17912152,0.18792471,0.27600545,44236.773509624814
86,200,0.46079433,-0.40098616,3.3723516,1.3977573,0.5455185,0.5588876,0.19314808,0.1765438,0.2647761,44054.02377491417
87,200,0.43480796,0.54009444,3.369042,1.4116857,0.52800775,0.60899687,0.17614792,0.15629429,0.2692744,43863.737916680344
88,200,0.46838522,1.735879,2.565467,1.4698688,1.1558945,0.640006,0.24366592,0.15359025,0.28041327,45246.73412263658
89,200,1.285984,-1.5069984,3.3591423,1.4170543,0.5373878,0.6114482,0.1840089,0.15797728,0.26063174,43915.104537444015
90,200,-0.20289683,-0.10988278,2.9496455,1.4821097,0.6753262,0.4974486,0.19462442,0.18495418,0.2690446,44531.508273709966
91,200,0.5559627,0.8924739,2.8756707,1.4489963,0.9671158,0.6381029,0.22978592,0.15292618,0.27646527,44766.9813810505
92,200,-0.6126257,-0.82282835,3.0216777,1.4435401,0.7796112,0.62408173,0.20943496,0.15396571,0.27347717,44421.04013927876
93,200,-0.83218604,0.17233914,3.263682,1.4010926,0.6677858,0.6288992,0.22708747,0.15779257,0.27441254,44180.67670574282
94,200,-0.067275606,-1.3183959,3.2887063,1.4282932,0.5813407,0.60018593,0.18218687,0.16161966,0.26894534,43997.685621369346
95,200,0.75194657,0.5629897,3.360243,1.420186,0.5349615,0.6162189,0.18245295,0.155642,0.26537073,43875.676451800464
96,200,-0.07311965,-1.2973796,3.3759224,1.4034141,0.5386282,0.6192397,0.1812205,0.154605,0.2676093,43890.41650738241
97,200,1.7549862,-0.13298842,3.2629533,1.4347398,0.5355041,0.5073025,0.17704926,0.18192905,0.27512702,44062.227871031806
98,200,0.69153875,0.6947491,3.369092,1.4157486,0.52777433,0.6170918,0.1770642,0.15431285,0.26794767,43849.964083228115
99,200,-0.9443685,0.23810315,3.3847213,1.3937538,0.52839696,0.5130474,0.1885606,0.18756267,0.2740883,44071.77990204635
100,200,0.777277,-0.29104146,3.3622274,1.407097,0.59133965,0.61031747,0.19465184,0.1609475,0.2637911,44017.89041714253
101,200,-0.56931204,0.26990435,3.373619,1.4395766,0.52762616,0.62762153,0.18085586,0.15390636,0.2608968,43821.231807762306
102,200,-0.33868217,2.0347626,3.3260317,1.4532621,0.5831458,0.6162072,0.17978399,0.16410834,0.24444991,44015.37236180977
103,200,-0.40317693,1.222445,3.3308454,1.3773599,0.60624456,0.6259361,0.19813558,0.15412433,0.27295816,44064.384496379294
104,200,0.05095428,-1.7942293,2.9395742,1.4485941,0.7931881,0.6103287,0.20610343,0.15462103,0.2736523,44514.59217151823
105,200,-0.6599427,0.21301717,3.3137693,1.3976334,0.6203134,0.6281737,0.19812243,0.15421636,0.27243343,44053.98666030213
106,200,-0.8351927,-0.9467404,3.2934904,1.4483334,0.5802103,0.59169036,0.18568473,0.16132343,0.2669749,43961.148723570026
107,200,1.8219151,-0.07565047,3.2565928,1.4047544,0.68982553,0.6335014,0.2080335,0.15390371,0.27322248,44177.60103245472
108,200,1.5788652,-0.7955006,3.3822324,1.4001162,0.55029887,0.62206876,0.19009322,0.15550332,0.26301667,43933.8503474169
109,200,-0.79228663,-0.5316059,3.3546329,1.4161032,0.61518466,0.60565597,0.19962808,0.16377077,0.2626579,44059.50151471598
110,200,0.15466884,1.0415684,2.9727232,1.2958344,1.1008079,0.65830743,0.24619816,0.15547666,0.28261498,45142.36480955164
111,200,-1.6047385,1.4587147,2.68554,1.4529133,1.132395,0.6528332,0.24409685,0.15264587,0.27954853,45118.30919343296
112,200,2.5263681,1.7699214,2.6773467,1.4606553,1.0576322,0.6314522,0.23393849,0.1539724,0.27719504,45052.745860535935
113,200,1.0963469,-0.2342158,3.3376665,1.4285291,0.5525043,0.61239827,0.19589922,0.15969338,0.2561198,43961.71433000217
114,200,-0.7408667,-0.60829115,3.381188,1.3800002,0.5557073,0.4972697,0.20804939,0.19405983,0.26601812,44239.939685558624
115,200,-2.094603,0.12372191,3.3678389,1.4525003,0.54050547,0.6423175,0.17678262,0.15455832,0.22785732,43951.03674094397
116,200,-0.13010696,0.09395323,2.9071279,1.4486616,0.78746736,0.58755153,0.20016095,0.16454633,0.27364817,44596.37304447005
117,200,1.6692508,0.3019892,3.3592718,1.480051,0.52143264,0.65506214,0.17874119,0.15210783,0.18854071,44106.25739802406
118,200,-2.115056,1.4053655,3.3195205,1.4258476,0.53559893,0.56927276,0.17647676,0.16371502,0.2710817,43923.758579518166
119,200,0.067516856,0.77760416,3.2331119,1.4237584,0.690226,0.6311402,0.23482119,0.1598557,0.27268893,44207.48387828952
120,200,0.8145198,0.058925588,3.12776,1.4381711,0.67709106,0.6156393,0.19638227,0.15410224,0.2719631,44201.20966700192
121,200,-0.7657022,0.55578697,3.3734589,1.3876016,0.57380706,0.61496043,0.19165413,0.15774639,0.26482683,44006.06625399024
122,200,0.037005723,0.76790243,3.315061,1.4340076,0.5713835,0.60554063,0.20893095,0.16534112,0.2402867,44098.554103806186
123,200,-1.0053118,0.10140715,2.9386458,1.2206293,1.1359558,0.6615085,0.24808793,0.15569033,0.28439498,45380.376222780906
124,200,-1.2128679,0.28376955,3.3652444,1.4711944,0.5215562,0.6461122,0.17883223,0.15267602,0.21142879,43969.47812542652
125,200,1.5133281,0.55313206,3.0613241,1.4716492,0.617156,0.50941914,0.18798259,0.17987587,0.27007967,44309.55674878294
126,200,-0.14268771,-1.2276365,3.3698988,1.4530478,0.53003466,0.6408839,0.1769953,0.1534547,0.2267626,43934.47965815945
127,200,-0.6564637,-2.8345544,3.336701,1.4288405,0.55327976,0.612215,0.19648835,0.15988196,0.25565058,43965.99593342006
128,200,-0.14876615,0.0960042,3.3672957,1.4023447,0.54513335,0.57506645,0.19146678,0.17155246,0.26306543,44021.40902063513
129,200,0.86259604,-2.6556191,3.2401018,1.4303602,0.61330783,0.6181838,0.18978497,0.15398133,0.27106604,44035.27147069973
130,200,1.6606076,-1.4166034,3.2695417,1.3407242,0.70787895,0.62954724,0.22714643,0.15619895,0.2766587,44345.37857272558
131,200,0.4595849,0.28005785,2.6349797,1.4640495,1.0777991,0.6267155,0.23491211,0.15416756,0.27712536,45120.75432323352
132,200,0.9606934,1.3290628,3.107329,1.4284694,0.8179319,0.63787127,0.21983455,0.15342136,0.27457637,44418.18032699743
133,200,-1.9518042,-0.6598917,3.3348932,1.454148,0.57628006,0.622425,0.17929444,0.16194303,0.24093157,44000.49837681032
134,200,0.20984948,-1.2406245,3.3126605,1.3678293,0.6282071,0.6253233,0.210685,0.15531568,0.2741895,44139.61580445955
135,200,0.81267405,0.58725935,3.3256035,1.4413979,0.5800326,0.6050513,0.18029352,0.16428168,0.25849673,43984.10447102629
136,200,0.370825,0.1420618,3.240838,1.4529202,0.5787402,0.5678794,0.18352708,0.16558024,0.26898867,44014.865569935246
137,200,-1.2986867,1.2760754,3.3692153,1.41025,0.52581507,0.5655016,0.17766556,0.16899592,0.27226576,43924.5533691283
138,200,1.3645319,-0.6894492,3.2734637,1.4172246,0.6428922,0.62823045,0.22446805,0.15803577,0.2725464,44111.75917884751
139,200,-1.3159074,-0.4615846,3.2981958,1.4238405,0.5704646,0.6065658,0.1813237,0.15812019,0.27002436,43962.819261249286
140,200,-0.51751906,-0.97882986,3.3371422,1.4326437,0.5689329,0.60596967,0.18566486,0.15908976,0.266225,43930.9639304724
141,200,1.5927707,-0.25857264,3.3536527,1.4221516,0.53955936,0.61389196,0.18620485,0.15727845,0.26085785,43908.96729622737
142,200,0.5898798,-0.36385882,3.3066545,1.3492798,0.65500367,0.6267435,0.21412739,0.15492532,0.2759757,44215.37564034011
143,200,-0.87079716,-0.5788497,3.2345533,1.4316459,0.6073687,0.6121571,0.18711227,0.15447661,0.2712574,44030.80686656939
144,200,-0.19065349,-0.3948495,3.046752,1.4424788,0.7316463,0.6164598,0.2023012,0.15412447,0.27265182,44341.05678088328
145,200,1.3905339,-1.6413486,3.2917688,1.4320579,0.604022,0.624725,0.217276,0.15918522,0.26785794,44030.73996348126
146,200,-0.1983989,0.0941923,3.3526595,1.422461,0.54034567,0.6135991,0.18679065,0.15750468,0.26026654,43913.77108019932
147,200,0.192729,0.69643867,3.3152916,1.435622,0.5743781,0.61705136,0.208191,0.16044489,0.2599233,43992.414184312016
148,200,0.76877064,-0.4213276,3.3240473,1.4389813,0.57745725,0.6022802,0.18047094,0.16380939,0.26186723,43973.31248958445
149,200,-0.45408037,0.08595198,3.347775,1.4484682,0.56365734,0.6241109,0.17838238,0.15956092,0.24530578,43954.29467234582
150,200,0.978738,2.2408931,3.3740263,1.3927814,0.55505866,0.6166408,0.1857503,0.15605855,0.2668882,43949.63643441603
151,200,1.1813786,-0.63190377,3.3606286,1.4961919,0.5059303,0.66981864,0.19220811,0.15277106,0.1700342,44218.8134062156
152,200,0.6234536,0.8906717,3.3773935,1.3900996,0.5483019,0.5268412,0.19892634,0.18635789,0.26600373,44137.92943433577
153,200,-0.0616264,-0.10730527,3.312291,1.4000044,0.6053703,0.6245549,0.20913312,0.15607312,0.2726986,44047.16392684953
154,200,1.3264617,-0.9646064,3.2482626,1.4298134,0.61440074,0.6202098,0.19055414,0.15392491,0.27113235,44030.780498800465
155,200,-0.9072984,0.051945396,3.3088002,1.4638429,0.60399824,0.6197268,0.18093866,0.16677165,0.23156038,44107.854974851245
156,200,-1.4902654,1.4961396,3.3889227,1.3739245,0.5764184,0.6189283,0.1995163,0.15706843,0.26268956,44037.01105853882
157,200,-0.12824197,-0.27177158,3.386676,1.3944244,0.5268597,0.5054366,0.18789135,0.18927799,0.27530742,44075.511115020534
158,200,-2.0306845,2.064493,3.3741183,1.37038,0.63293815,0.6109448,0.2078008,0.16238794,0.25971153,44177.47553089754
159,200,0.21555306,0.56800735,3.3636894,1.4713527,0.5302557,0.65376854,0.17778465,0.15290116,0.19503883,44087.809094567034
160,200,-1.1043833,0.05216508,3.3453026,1.4121965,0.5209756,0.47186086,0.18111897,0.19632256,0.2794754,44104.87665213463
161,200,-0.039282817,-1.1680934,3.3518941,1.4674786,0.5624619,0.6520003,0.1780734,0.15631743,0.20526023,44097.68769630466
162,200,0.08261103,-0.8215345,3.3712714,1.4086592,0.53059393,0.59332246,0.18010433,0.16172637,0.26901475,43903.21466072222
163,200,0.6027077,-0.5946498,3.3326905,1.3992145,0.59239,0.6255648,0.1926897,0.15415263,0.27166134,43997.731604467626
164,200,-0.9571475,-1.3484243,3.3097131,1.4338807,0.58111715,0.5977504,0.18127418,0.16406138,0.26569033,43990.14973632399
165,200,1.8081318,0.43663847,3.1946218,1.4339315,0.6360055,0.61594886,0.19180658,0.15405346,0.27138296,44097.24486393017
166,200,0.40262553,-1.775888,3.3082767,1.4355371,0.5773152,0.6038019,0.21244936,0.16693282,0.23597491,44140.31764325163
167,200,1.0590272,-1.0225644,3.041421,1.4403356,0.7091394,0.5891629,0.19370939,0.16520031,0.2721307,44384.30398824626
168,200,2.696224,-0.07392467,3.1922283,1.3370332,0.8582609,0.643121,0.23164809,0.15482306,0.27780652,44589.78422637456
169,200,-0.9389816,1.017021,3.3320222,1.4704602,0.5945258,0.6429219,0.17987548,0.16149624,0.20740208,44166.398681288454
170,200,0.93639857,-0.5256406,3.3703792,1.4232237,0.5370923,0.6184999,0.17663342,0.15556058,0.26365983,43865.02702372476
171,200,-1.177629,-1.1401963,3.0895994,1.2536368,1.0300452,0.651628,0.24404345,0.15491791,0.28159645,45062.436596839085
172,200,-1.5824945,2.2436018,3.3525739,1.4220765,0.54043573,0.6130438,0.18674426,0.1577299,0.25948864,43918.63378902139
173,200,0.31716064,0.52004063,3.3713923,1.4900283,0.51768374,0.65777093,0.20176701,0.15364254,0.21495675,43925.04903885721
174,200,-0.13105401,1.1330799,3.3230424,1.4228501,0.5628879,0.6184024,0.18261236,0.15390919,0.27004486,43914.14405606467
175,200,2.1531198,0.4683049,3.3175583,1.4216845,0.5809717,0.62251556,0.18712318,0.15371357,0.27053338,43945.25260619344
176,200,0.36584878,1.2978252,3.2843363,1.4244318,0.5306132,0.49504033,0.17729682,0.18805057,0.27669072,44092.5181547999
177,200,-0.6038396,-1.149554,3.3705494,1.4624829,0.5233834,0.63705987,0.1836601,0.15378928,0.24847406,43819.29991516302
178,200,1.1523316,1.0796186,3.339928,1.4133949,0.5273171,0.5208493,0.17787118,0.18194777,0.27459753,44021.72946270569
179,200,1.8495913,-0.21416666,3.3730474,1.4007014,0.5402775,0.5672754,0.18883234,0.17243321,0.26637435,44007.061146950495
180,200,1.8831507,-1.347759,3.3508217,1.4405946,0.55693,0.6188695,0.1781014,0.15912944,0.25358292,43924.4710504781
181,200,-1.5482544,0.5319746,3.3416288,1.3915824,0.57552004,0.6217849,0.19531813,0.15478249,0.271644,43990.22104007575
182,200,0.4064155,-0.1931767,3.3248663,1.4646314,0.5928725,0.6290351,0.18000388,0.16354568,0.22600883,44087.87341495647
183,200,1.7327212,0.6845011,3.273781,1.4455549,0.61608577,0.58910394,0.18371083,0.17005466,0.26141936,44091.968155136885
184,200,-0.47003287,-0.21673147,3.3789349,1.3946232,0.5484719,0.6185256,0.1854941,0.15531853,0.2667244,43929.57098146533
185,200,-1.0043228,-0.9981917,3.3735695,1.4234068,0.5307112,0.62318313,0.17973375,0.1541361,0.26498136,43844.86640412089
186,200,0.018922104,-0.082034156,3.3178787,1.4220597,0.5891038,0.5809098,0.22035193,0.17918672,0.22134234,44332.632302330545
187,200,-1.7685385,0.3554818,3.3725908,1.4055766,0.5211128,0.48714238,0.18185295,0.19280452,0.2782811,44069.76443458757
188,200,-0.6579261,0.9688826,3.1236024,1.4375702,0.73883104,0.62839884,0.20788059,0.15336911,0.273529,44280.750020735766
189,200,0.88649154,-0.27213177,2.8407483,1.4527376,0.83451235,0.5925318,0.20561963,0.15926357,0.27382216,44687.49331401926
190,200,-0.4957955,1.2165778,3.2474756,1.4281278,0.5960428,0.6038594,0.18408762,0.15894489,0.27081257,44034.139200084726
191,200,-0.35343176,-1.6164742,3.0840406,1.4402612,0.7415519,0.62483966,0.20600772,0.15385087,0.27328998,44319.94627443052
192,200,-1.0342429,0.6815945,3.1975741,1.4054166,0.7555711,0.633868,0.24015713,0.16000941,0.2760361,44351.39181227124
193,200,1.1787796,-0.17992483,3.3660502,1.4049827,0.5672867,0.61365736,0.18823367,0.15830642,0.26552594,43963.16425389814
194,200,1.4558079,0.055492226,3.3599737,1.4821854,0.5192639,0.65563726,0.17976302,0.15211177,0.18754864,44106.63283014615
195,200,1.4882522,1.8958892,3.3267946,1.3718687,0.60854936,0.62402916,0.20395637,0.15481527,0.27380747,44088.011901031176
196,200,0.4472121,-0.6161211,3.3792408,1.4008415,0.5282317,0.5465809,0.18387803,0.17685907,0.27229714,43990.48979897817
197,200,0.06763423,-0.46302176,3.3649993,1.4859977,0.51494664,0.6546215,0.1834239,0.1529145,0.19618489,44031.65878336394
198,200,-0.6524086,-0.39095336,3.2733881,1.4384035,0.5464981,0.5474025,0.17784594,0.1682118,0.27187788,43981.73792309569
199,200,-1.8923619,-0.17781314,3.3637927,1.4098761,0.56466174,0.6130423,0.1869847,0.15823469,0.2659955,43948.19953344693
200,200,0.11273794,0.6572677,3.3617263,1.4430137,0.55135584,0.6292199,0.17750038,0.15674827,0.24600875,43920.70169617808
201,200,1.0400863,0.16464381,3.2505398,1.3826485,0.70062244,0.62996954,0.23066567,0.15768571,0.27577665,44270.789152292506
202,200,-1.2266216,0.96744615,3.030614,1.454741,0.75728893,0.56133366,0.19543988,0.18178049,0.26664287,44549.36224864924
203,200,1.7612661,0.7540957,3.0912073,1.4807494,0.6968025,0.53799826,0.2009758,0.17592098,0.26508188,44359.31633458672
204,200,1.3086687,-0.025798557,3.3473148,1.4941306,0.5142224,0.6720655,0.18208414,0.15101987,0.15936577,44337.50341772701
205,200,0.1833392,1.670943,3.3158045,1.4284265,0.54060775,0.5804983,0.1773048,0.16106229,0.27029473,43915.00297248354
206,200,0.23482153,2.1321535,3.3566878,1.3988194,0.56931126,0.5530406,0.20934722,0.18392602,0.24928549,44212.30600399131
207,200,1.001331,0.5972125,3.3814325,1.3974483,0.5285834,0.53151685,0.1861565,0.18194276,0.2729202,44029.07703551317
208,200,2.3207998,0.11709087,3.2634017,1.4521018,0.6306212,0.58742046,0.1846016,0.17250648,0.25812992,44132.320830445075
209,200,0.7726948,-1.6615983,3.343127,1.4155921,0.56442815,0.58846575,0.20509881,0.17211264,0.24110982,44137.32626609249
210,200,1.8666831,0.75746834,3.3803313,1.3961613,0.548437,0.6195441,0.18668501,0.15528047,0.26585278,43928.56270483071
211,200,2.4972005,-2.2453218,3.2319653,1.359474,0.7793357,0.63893545,0.22331381,0.15463032,0.27625257,44411.044754154456
212,200,-1.8300285,-0.6958351,3.2799344,1.4399518,0.5552626,0.5741858,0.1799502,0.1630492,0.26956034,43957.17764831402
213,200,1.2697648,-0.7098542,3.0254369,1.4172332,0.940843,0.6462918,0.23253818,0.15341353,0.27656013,44663.30158772284
214,200,0.44386324,0.33367434,3.2540097,1.4376175,0.64386326,0.62721384,0.22949916,0.16136214,0.26751566,44122.38329865381
215,200,0.69913614,-0.2987596,3.1676483,1.471347,0.638147,0.55346996,0.19330749,0.17055562,0.26683173,44171.56885542632
216,200,0.9494208,0.08755124,3.1477783,1.2115086,0.98714924,0.6430329,0.24376431,0.1553986,0.28389716,45067.3731513075
217,200,0.6071117,-1.0481704,3.3046231,1.437144,0.58008975,0.60442555,0.21426329,0.16697092,0.23643786,44143.23736010432
218,200,0.045165855,1.8593464,3.1703386,1.4627944,0.5980694,0.54456913,0.18595378,0.17138883,0.26902658,44126.57942471709
219,200,0.3191184,0.30726478,3.354842,1.4540737,0.56287026,0.6354062,0.17813072,0.15780152,0.23227578,43983.92823302374
220,200,-0.5327028,1.0907497,3.276256,1.4394433,0.5535251,0.5696372,0.17957412,0.16372463,0.26986325,43962.841947783374
221,200,0.9000542,1.8022423,3.3732724,1.4189775,0.52917606,0.6211248,0.17734006,0.1539666,0.26711917,43842.77958502489
222,200,-0.7537045,0.13768983,2.9646173,1.4462947,0.8001423,0.61983705,0.2099573,0.1541031,0.2735451,44498.73470655731
223,200,-1.0707526,1.0544517,3.2750454,1.4385073,0.60461205,0.5903675,0.18349274,0.16765124,0.26608628,44061.141453812976
224,200,2.6205738,-0.7474732,3.3804913,1.3834866,0.56196624,0.6170681,0.19030605,0.15629843,0.26582423,43982.13736922324
225,200,0.08753147,0.93874687,3.14108,1.2795581,0.96238744,0.64767134,0.24042551,0.15477413,0.28016788,44882.112352554934
226,200,-0.955945,-0.34598178,3.3568757,1.4117968,0.5258151,0.53896075,0.17786938,0.17702612,0.27361774,43977.150905868475
227,200,-1.7423562,-1.3032428,3.1838572,1.4672139,0.618876,0.55581623,0.19022241,0.16926834,0.26786292,44124.69967730966
228,200,0.5541276,-0.6701259,3.2301278,1.4338505,0.6788659,0.6300675,0.23502171,0.16113871,0.27028883,44188.57068660542
229,200,0.23958276,-0.36980116,3.3548658,1.4257689,0.54858667,0.6099959,0.17804563,0.15828927,0.26602244,43893.813198539385
230,200,0.9541896,0.54414475,3.3724942,1.4067173,0.5316981,0.58321595,0.18186669,0.16520283,0.26914707,43927.58308808151
231,200,-2.28862,0.25148442,3.3888388,1.3955824,0.52276206,0.48310187,0.18762013,0.19429164,0.2783528,44097.12147372777
232,200,-0.24201983,1.5182612,3.2756808,1.4329628,0.535321,0.5188477,0.17693138,0.17809741,0.2742294,44030.994566871945
233,200,-0.6963267,-0.2903971,3.3510761,1.4921019,0.5153142,0.6681559,0.18156499,0.15131168,0.16410953,44292.77189040231
234,200,1.1266359,-1.0799315,2.7330995,1.4558913,0.9147645,0.5713466,0.20855662,0.1723164,0.2746265,44970.23354116046
235,200,0.9853175,0.7669197,3.2459683,1.4448769,0.55791974,0.55179906,0.17991419,0.1674486,0.27057567,44007.75406122142
236,200,0.038630553,-1.6567152,3.2704875,1.4267431,0.6198367,0.62459904,0.19328113,0.1535789,0.27144837,44024.79254285921
237,200,-1.6845173,0.8065638,3.2504811,1.4349258,0.607134,0.5921453,0.18449333,0.16593093,0.26836178,44076.97202978285
238,200,-1.3003469,-0.8038504,3.173625,1.4619453,0.5950829,0.5443576,0.1855908,0.17129514,0.2690611,44120.43903225219
239,200,-0.76414394,-1.4377915,3.0414155,1.443038,0.7239884,0.5776964,0.19404033,0.17201242,0.27001554,44445.82160119337
240,200,0.8591042,-0.8096266,3.3421202,1.4134455,0.5277095,0.5323644,0.1775216,0.1782963,0.27385992,43997.9766684785
241,200,-0.9196507,2.6429358,3.2849638,1.4439485,0.56460404,0.58413047,0.18168347,0.16170274,0.2689037,43950.66509258132
242,200,0.1950697,-1.7815628,3.3683772,1.4373955,0.5425908,0.6300446,0.17686588,0.1553413,0.24973997,43893.50802823716
243,200,-0.782367,0.6251187,3.3200562,1.4337353,0.57151854,0.61806774,0.2059547,0.15951441,0.2618749,43975.62559501494
244,200,0.25233144,-0.390798,3.382695,1.391979,0.55422425,0.6197019,0.18985167,0.15566127,0.26486367,43950.94745234825
245,200,0.86900634,0.18418126,3.2221093,1.4322696,0.6168815,0.6140046,0.18886301,0.15419987,0.27126172,44051.88664376448
246,200,-1.3751845,0.50099224,3.3318205,1.4263425,0.55885416,0.60452724,0.1795908,0.15983513,0.26824477,43927.029357056126
247,200,-0.34624946,-0.7946363,3.3582036,1.3873706,0.5851971,0.52061385,0.22013167,0.19273588,0.24705881,44350.08120396428
248,200,0.67057043,-0.7075057,3.2215786,1.4108084,0.72294784,0.63541526,0.21174659,0.15367305,0.27356574,44235.85871654159
249,200,-1.8242567,0.30360392,3.3779235,1.4161166,0.5288911,0.62051934,0.17601077,0.15386671,0.26545438,43848.7846280519
250,200,0.3675449,0.19031155,3.3738217,1.4711282,0.52430826,0.6421655,0.19058448,0.153831,0.24297503,43828.76445270014
251,200,-0.80871755,-1.104124,3.0624042,1.4415412,0.7729119,0.6275117,0.21007808,0.15362161,0.2739408,44375.33262974011
252,200,0.11255753,-0.65554506,3.3607972,1.4108455,0.52043754,0.47892082,0.18133813,0.19487555,0.27881044,44081.826728420565
253,200,-1.1731234,1.9436212,3.3649342,1.4106071,0.5226677,0.505916,0.17980736,0.1876343,0.27622777,44032.39656311698
254,200,-0.94444627,-0.4100497,3.1912413,1.434907,0.63040066,0.6098539,0.1893223,0.15484178,0.27161005,44093.91423791745
255,200,1.4315678,1.4622141,3.3581138,1.4017498,0.56211275,0.56428033,0.20408091,0.17940593,0.25197887,44149.888186789365
256,200,-0.9571581,1.0139722,3.340075,1.4574628,0.57540953,0.6294582,0.17900524,0.16071686,0.2336177,44014.55728462189
257,200,-0.22260568,-0.9130792,3.3243327,1.437952,0.5664595,0.6022779,0.18399234,0.15910521,0.26710716,43923.67481554882
258,200,1.3151376,-0.32345748,3.1565573,1.4402833,0.66336477,0.58265966,0.18926284,0.17047912,0.2685844,44251.66707459882
259,200,-0.41227177,-0.4034592,3.3073256,1.4279213,0.571482,0.60155976,0.18109292,0.161154,0.26867676,43966.89629274603
260,200,0.19321355,1.2973421,3.3702924,1.4076898,0.522209,0.5031613,0.18050383,0.18839261,0.27669495,44038.51038881183
261,200,-1.5504293,0.41731882,3.373612,1.4238439,0.5283266,0.6221225,0.17704138,0.15388802,0.26527894,43836.707698651786
262,200,1.4229835,0.39608657,3.3019514,1.431695,0.541232,0.5642034,0.17721076,0.16449304,0.2712408,43940.0084980005
263,200,0.83135104,0.48797268,3.3000221,1.4343183,0.5867338,0.5955896,0.18190677,0.16479076,0.26636675,44007.38929901124
264,200,-1.0148259,-0.6023319,3.3341818,1.4235965,0.5629734,0.60081303,0.20316109,0.16672595,0.24077497,44095.064544709574
265,200,-1.8430696,-0.477974,3.369941,1.4019446,0.5511495,0.61620003,0.18354347,0.15617812,0.2668761,43926.712278778214
266,200,-0.49803245,1.929532,2.8807278,1.2131664,1.1577013,0.6648415,0.24876098,0.15595603,0.28535932,45467.78947845179
267,200,0.20508662,1.1615338,3.285108,1.4284381,0.58331996,0.59986866,0.1823869,0.16174145,0.26898393,44003.71092597079
268,200,-2.5827966,-1.1539503,3.3637605,1.4006965,0.6085603,0.6096629,0.19965881,0.16234687,0.2622426,44069.93564316511
269,200,-1.6138978,-0.21274029,3.2917352,1.3301368,0.6944308,0.6289359,0.21994144,0.15488924,0.27727634,44321.061339598935
270,200,0.70411104,-1.4956795,3.273446,1.443688,0.6176204,0.61961,0.2258803,0.16356246,0.25825015,44101.562733385406
271,200,0.7750233,0.43283764,3.2273772,1.4306731,0.6529772,0.6255673,0.19770816,0.15350933,0.27212268,44095.63257752041
272,200,0.59936935,-0.2563169,3.3678217,1.4873164,0.5137244,0.654633,0.18756394,0.15327679,0.2048809,43972.98936018234
273,200,1.1394007,-1.2348258,3.1773577,1.4135723,0.77300924,0.6379483,0.21727762,0.15358444,0.27425045,44330.909796450185
274,200,-0.9301565,-0.17858909,3.0357952,1.4405496,0.71470815,0.58729994,0.19405532,0.16629958,0.27192113,44403.74976288999
275,200,0.29673317,0.82998616,3.2501068,1.447182,0.6332961,0.5843765,0.18513443,0.17232776,0.26189113,44144.2103038463
276,200,0.41409135,-0.50723445,3.35241,1.4119893,0.5253934,0.52265453,0.17832097,0.18204053,0.27467352,44010.23710511033
277,200,-0.24133779,-0.87819034,3.3763127,1.4002101,0.53558517,0.5506728,0.18800712,0.1768363,0.26949018,44015.59630606363
278,200,-0.011145612,0.0114989,3.2274075,1.4316409,0.6154356,0.61544555,0.1891104,0.15407178,0.27107522,44046.655725425975
279,200,0.2982382,1.3263859,3.2280078,1.3092417,0.8194134,0.6392716,0.23035902,0.15447113,0.27817714,44574.31017508791
280,200,2.1495745,-0.090243846,3.2589536,1.458662,0.6062064,0.5814841,0.1900089,0.16454491,0.2660486,44030.09023800796
281,200,-0.6006576,1.5522432,3.3860335,1.413916,0.55571276,0.62835586,0.19934878,0.15605463,0.25358924,43951.60520547276
282,200,0.8020517,-1.846532,3.2674408,1.4281915,0.59413785,0.617303,0.18692723,0.15396883,0.27067965,43991.40271064368
283,200,-1.0405992,-0.31560314,2.8806324,1.4513508,0.81129265,0.5958221,0.20415047,0.15792462,0.2736857,44612.3248140859
284,200,-0.8056265,-1.1183119,2.7791448,1.4561489,0.9150609,0.6101084,0.21674477,0.1546487,0.2748004,44808.14848601396
285,200,1.4849256,-2.12389,3.196549,1.4329237,0.62910384,0.5935972,0.18680507,0.16418831,0.27001476,44144.539362078904
286,200,1.5848205,0.6479678,3.28288,1.4202281,0.5283561,0.47590816,0.17866702,0.19434121,0.27854955,44142.40580016391
287,200,-0.7781835,1.7367749,3.324266,1.4225537,0.53201914,0.5619793,0.17638394,0.16679779,0.2718885,43936.3329061112
288,200,-1.68823,-0.112465985,3.3029456,1.4503882,0.6497793,0.59139866,0.20223069,0.16739783,0.26105595,44108.64028598304
289,200,1.4015235,0.15843384,3.3734326,1.4393795,0.527427,0.62745005,0.18060625,0.15389548,0.26095393,43821.06861401691
290,200,0.17742614,-0.40178093,3.3250272,1.4292666,0.5637853,0.60481733,0.20387259,0.16469859,0.24165389,44077.147492237054
291,200,-0.25595766,-0.3480464,3.373047,1.3971572,0.5454736,0.5559376,0.1934289,0.17739883,0.2649855,44059.76853305392
292,200,1.3925184,1.0375856,3.366603,1.4719925,0.54030466,0.6571813,0.17743742,0.15396968,0.19095528,44132.54603804211
293,200,1.5199949,1.7195894,3.3686297,1.4809366,0.51742095,0.6485243,0.1859968,0.15350153,0.22137982,43897.15079934684
294,200,0.3557035,-0.47728628,3.2186418,1.4598186,0.5953866,0.56382084,0.1863569,0.16697563,0.26850507,44055.55014429252
295,200,0.68981814,1.3018463,3.1526616,1.4474845,0.5389567,0.46274608,0.17785884,0.19647363,0.28037864,44234.59640726213
296,200,0.22246316,-0.08837552,3.3631992,1.4754393,0.5211823,0.64991224,0.17891578,0.15240802,0.20139569,44022.61679953747
297,200,-0.7967753,1.5480669,3.3717098,1.4538229,0.53477806,0.6427487,0.17681345,0.15387079,0.2244592,43951.1218611679
298,200,1.342622,-0.7399359,3.3768978,1.4033817,0.5227289,0.50072896,0.18209225,0.1892234,0.27671295,44050.75233914255
299,200,-0.3751471,-1.2261962,3.280066,1.4274244,0.58450043,0.6008493,0.18255031,0.16100271,0.2693334,44007.01706829259
300,200,-1.446421,-0.4523503,3.3761394,1.4195244,0.53235364,0.62088954,0.17622155,0.15440646,0.26418963,43854.42699070332
301,200,0.66596717,-2.5345545,3.2718217,1.4217407,0.5285633,0.4717589,0.17875603,0.19535683,0.27909547,44156.55409984945
302,200,-0.03926799,-0.9489328,3.1861415,1.4510047,0.7144091,0.62835544,0.24171205,0.16725807,0.26132828,44302.31997155595
303,200,-0.81527567,1.801214,3.0786166,1.2770483,0.99176586,0.6421615,0.24784368,0.1601725,0.28275198,45004.71657928126
304,200,-0.3650552,-1.7913276,3.3698368,1.4032539,0.5475458,0.61652887,0.18230918,0.15583235,0.2672571,43915.3508190947
305,200,-0.18505368,-0.8076485,3.0556684,1.4487875,0.73190534,0.56928176,0.19413683,0.17744033,0.26793456,44469.86779923028
306,200,-1.1888592,-0.5068163,3.364919,1.4903373,0.5142469,0.658728,0.19181648,0.15352874,0.20297852,43986.31807990825
307,200,0.1839255,-0.38548976,2.9806108,1.4438179,0.8822583,0.635325,0.22276436,0.15308022,0.27530175,44580.76137998693
308,200,0.15647626,-0.21634398,3.3547726,1.4216921,0.56511366,0.6103584,0.18590185,0.15852967,0.26608172,43931.69493167479
309,200,-1.0455246,-1.084856,2.863141,1.4394045,1.0358777,0.6480496,0.23770072,0.15313908,0.27766097,44875.06374348917
310,200,0.08658318,1.419255,3.3117332,1.4600365,0.59941554,0.61618215,0.18070182,0.1667119,0.2375671,44078.71080519503
311,200,0.947252,-0.15501009,3.3736403,1.4082346,0.52711976,0.5812981,0.1785796,0.16456458,0.27116996,43905.46121241241
312,200,-1.1476109,-0.35811406,3.1944559,1.3546969,0.8014197,0.63421035,0.24062222,0.15866195,0.2783532,44506.62665348724
313,200,0.8689635,0.27687192,3.3633842,1.4489506,0.5478799,0.63827163,0.1772083,0.15545246,0.23557049,43940.34148023647
314,200,0.27451634,-0.8909151,3.3544617,1.435024,0.5524211,0.6165096,0.17781699,0.1587083,0.25799906,43908.814954030575
315,200,-0.222477,-0.8589199,3.3263335,1.3675444,0.6140506,0.624364,0.2044875,0.15466021,0.27425456,44103.30583228763
316,200,-0.099008314,-1.0506538,3.1718729,1.4701557,0.6318058,0.55397,0.19232382,0.17016783,0.26720437,44156.90721172212
317,200,-0.42231482,0.10471403,3.0468538,1.4424238,0.7809409,0.6271467,0.21052028,0.15368403,0.27405998,44397.543093550405
318,200,1.0217906,-0.55254066,3.2556112,1.4470534,0.6296335,0.58541936,0.18481565,0.17187282,0.26162422,44132.94885971236
319,200,-1.7232282,1.7975394,3.3670661,1.4621942,0.5307057,0.64727485,0.17733774,0.15333948,0.21138975,44000.929643716154
320,200,-0.87916064,-0.2311016,3.3659585,1.4112685,0.5426945,0.61590487,0.18019713,0.15572608,0.2679678,43890.57010334694
321,200,-0.8963697,-1.962732,3.3758287,1.4038621,0.5299076,0.564562,0.18290678,0.17102619,0.27077866,43957.6771712045
322,200,-0.8358561,-0.9420936,3.3289547,1.4246794,0.53863037,0.5918437,0.17717943,0.15888259,0.26972392,43897.74229171319
323,200,-0.7891022,0.0012484558,3.204003,1.4557879,0.5788851,0.5480905,0.1833111,0.1695103,0.26951978,44069.04093366765
324,200,-1.0326431,-0.43674833,3.3525338,1.4184943,0.5361474,0.61097497,0.17711343,0.15551563,0.26901153,43871.21271528872
325,200,-1.3597807,-0.041400813,3.2393363,1.3776376,0.7518618,0.6373049,0.21888836,0.15455084,0.2754963,44330.6485441848
326,200,0.5969065,-0.9872867,3.3615458,1.4805396,0.5190377,0.65326566,0.17998889,0.15236053,0.19372177,44063.653551552736
327,200,0.46616644,-0.37024245,3.3600302,1.4115045,0.5276318,0.5751505,0.1768004,0.16563375,0.2713663,43915.25305806283
328,200,0.30833125,-1.3780835,2.717277,1.4589651,0.92552376,0.57849276,0.21093182,0.16711533,0.27517432,44961.518307410624
329,200,-1.4465348,0.800298,3.3728948,1.4090054,0.52715635,0.5859729,0.17814536,0.16306813,0.27090752,43896.74992490567
330,200,0.93612915,0.6783801,3.2604072,1.4251876,0.63939,0.6271156,0.19707622,0.15361516,0.27179316,44063.05954423502
331,200,-2.994613,0.8809376,3.3639731,1.4696496,0.5236981,0.64696604,0.17780969,0.15254384,0.20850608,43992.473405248995
332,200,-0.71994054,-0.8935744,3.3303287,1.4168155,0.52933043,0.5428794,0.17678566,0.1740239,0.2732912,43978.55547877536
333,200,0.54012305,2.290467,3.2946732,1.4335353,0.542633,0.55980086,0.17738397,0.1654405,0.2714018,43950.21685802257
334,200,0.966768,0.5080679,3.3120985,1.443361,0.5895041,0.59968793,0.18134257,0.16595364,0.26000682,44008.340420517554
335,200,-0.40123472,-0.8000825,3.3721695,1.4169595,0.5339023,0.6151929,0.17654464,0.15527576,0.26780614,43857.699247539735
336,200,-0.89546657,0.3869025,2.8617418,1.4501039,0.97023773,0.63730574,0.2297428,0.15295003,0.27658606,44782.06778912293
337,200,-0.3559515,2.5402317,3.3680918,1.4593239,0.5301232,0.6449183,0.17722648,0.15329738,0.21687648,43973.93591981072
338,200,-0.8517292,1.8227236,3.3758283,1.4661492,0.5294856,0.64062756,0.19380334,0.15438607,0.24454093,43842.28375713103
339,200,0.67746216,0.05182039,3.303495,1.4610498,0.6070156,0.613719,0.1812538,0.16850692,0.237277,44104.9720112946
340,200,-0.596314,-0.052567296,3.2989187,1.4459631,0.5747093,0.5931897,0.1846123,0.16066809,0.2672466,43948.80206910973
341,200,1.221385,-0.19284183,3.3561451,1.4837917,0.5339206,0.6668497,0.17860028,0.15296888,0.16896,44290.54146365189
342,200,-0.6522936,-0.52118933,3.3355672,1.4328933,0.5641371,0.60585624,0.18418403,0.15862352,0.26679155,43920.03378937538
343,200,-0.04932407,0.2390336,3.0321705,1.4567914,0.76126224,0.5596025,0.19546661,0.18293422,0.26597875,44558.6702556613
344,200,-2.0042157,0.37687653,3.3324063,1.4330001,0.56659865,0.6035142,0.17979135,0.16177194,0.2645962,43944.613981573784
345,200,-0.56643987,-0.30769128,3.3771057,1.3847541,0.5630403,0.61618525,0.18920821,0.15654148,0.2662558,43982.43559722662
346,200,-1.6326345,-1.5677677,3.3781939,1.403641,0.52349854,0.5129895,0.18185523,0.18569249,0.27567497,44027.48549596477
347,200,-0.97117066,1.4263169,3.318723,1.4457355,0.58828485,0.6051162,0.18069454,0.16575369,0.25507817,44011.903932262096
348,200,0.87672675,-1.8269113,3.2761145,1.4420872,0.55839896,0.5745336,0.18047726,0.16319147,0.26929528,43961.98413794211
349,200,0.28427967,1.7426687,3.3517437,1.4219875,0.5473667,0.60879624,0.17818153,0.15787354,0.26801693,43894.49112527971
350,200,0.45730963,0.9623417,3.3326035,1.4137579,0.5265347,0.49849197,0.17861229,0.18874885,0.27627856,44070.189815549245
351,200,0.45248908,0.097896144,2.6978571,1.4596539,1.0540583,0.6339297,0.23410136,0.15369992,0.27765465,45024.50687279956
352,200,-0.8137945,-1.4491177,2.9911058,1.4455553,0.764593,0.6145588,0.20478927,0.15423985,0.2730075,44432.168068244326
353,200,0.010349315,0.72003376,2.737659,1.4574784,0.96290064,0.6173883,0.22306153,0.15425655,0.27521682,44899.71877016525
354,200,-1.2527953,0.7774904,3.2309678,1.2722948,0.8345351,0.6350153,0.23637752,0.15543416,0.28107834,44679.52996158745
355,200,-0.53527015,0.025405208,2.7649643,1.4559722,0.9460395,0.6191781,0.22209194,0.15419257,0.2750454,44852.66655778312
356,200,-0.21694957,0.44539326,3.3487408,1.4454734,0.56116664,0.6220013,0.17830727,0.15944065,0.24867985,43942.240139246074
357,200,0.09772497,0.5829537,3.3754714,1.4865054,0.5226853,0.65469503,0.2029174,0.15387574,0.2225954,43897.73670594337
358,200,-0.5324899,0.6450553,3.3682148,1.4815682,0.5161272,0.6494993,0.18421759,0.15334484,0.2141583,43930.69864879881
359,200,-0.49610233,-0.074804984,3.404339,1.3724861,0.52233136,0.45641565,0.20006493,0.19945693,0.28296167,44187.017477859365
360,200,-0.4304619,1.1493794,3.2980886,1.4340487,0.58561325,0.59581196,0.18197927,0.16460522,0.26689085,44005.27755807418
361,200,1.1483506,-0.9108504,3.3272138,1.4400113,0.6294299,0.5977945,0.19974127,0.16543108,0.26183698,44065.118250327265
362,200,-0.029856121,-0.11817078,3.2445815,1.356285,0.7618326,0.63785034,0.22180077,0.15461254,0.2760219,44385.78995388774
363,200,0.2711702,-0.80149686,3.2833927,1.429635,0.5851567,0.59877384,0.1825299,0.16239695,0.26880407,44009.116083217195
364,200,-1.0002153,-1.5447711,3.3042564,1.4340217,0.54898906,0.585541,0.17903648,0.1606203,0.26934925,43925.0947303966
365,200,-0.86026245,0.32830128,3.3407726,1.4159601,0.5295491,0.56715363,0.17633942,0.16675223,0.2718505,43930.7253552726
366,200,0.4178537,-0.040018726,3.3243742,1.4439399,0.58243227,0.60640657,0.18027082,0.16471966,0.2559122,43994.42821394158
367,200,-0.43918952,0.18133843,3.3596125,1.410481,0.5475321,0.5945787,0.19213215,0.16622429,0.25596538,44008.15915407953
368,200,0.45615304,-0.35757902,3.1004744,1.4594146,0.55460036,0.46735522,0.17840353,0.19267467,0.27758968,44273.03577806713
369,200,-0.5226194,1.0429776,3.2293062,1.4433277,0.54232955,0.5009463,0.1772767,0.18170337,0.27466795,44090.22633851347
370,200,1.2248706,0.064856105,3.3759038,1.4258573,0.5315062,0.62583697,0.17616746,0.15403925,0.25831085,43858.57679185615
371,200,-0.66772026,0.3269626,2.8477654,1.4513503,0.9659691,0.6352339,0.22860825,0.15314011,0.2766065,44788.92663485302
372,200,-0.02852887,-0.32473028,3.3244286,1.4116399,0.6126539,0.55257565,0.23014136,0.1895457,0.21238148,44521.62521584477
373,200,-0.27682298,1.1239053,3.3622642,1.4075168,0.5461293,0.5886804,0.1913219,0.16778731,0.2591462,44007.053556725965
374,200,0.7231005,0.024612125,3.375381,1.4029975,0.53202015,0.56199485,0.18460809,0.17233256,0.2700794,43973.86578696428
375,200,-0.7290447,0.1965574,3.3849692,1.4068627,0.5548535,0.6256148,0.19627512,0.1559638,0.2575134,43949.17914829199
376,200,-0.78262913,-0.1103893,3.282669,1.4435135,0.60809726,0.5910788,0.18313697,0.16879252,0.26208174,44068.23493198425
377,200,-0.10321885,0.41059852,3.0868132,1.4379839,0.68366694,0.59190756,0.19173348,0.16404173,0.2718269,44305.459843462355
378,200,-2.7773592,1.151734,3.363812,1.4113083,0.5277427,0.5872134,0.17656286,0.16223188,0.27064055,43895.56861481651
379,200,-0.790523,-0.9073001,3.2549381,1.4278558,0.53104115,0.47605497,0.17776833,0.19363484,0.2786703,44149.69009870682
380,200,0.38432342,1.0097119,3.3715677,1.4099833,0.5270768,0.59131646,0.17746669,0.16130967,0.2705468,43886.88979324952
381,200,-0.96808213,0.4770681,3.3270144,1.4137707,0.5253398,0.48153543,0.17948774,0.19355507,0.27795047,44106.03116598437
382,200,-0.045113303,0.079121724,3.2810948,1.43645,0.5950057,0.5931229,0.18299557,0.16589436,0.26717675,44033.87892111395
383,200,1.3554426,-0.39814812,3.3561358,1.4209101,0.55667406,0.61168516,0.18352038,0.15752132,0.26676506,43911.94311781074
384,200,-0.3848798,0.09435159,3.368191,1.47858,0.51960135,0.64710265,0.18768892,0.15372786,0.23164585,43858.15650451908
385,200,-0.39791209,0.7825789,2.832739,1.3740633,1.1357082,0.6619838,0.24673143,0.15411793,0.2814737,45132.5212569656
386,200,-1.6018361,-0.8871809,3.3613126,1.409284,0.5450884,0.5943303,0.19025408,0.16574708,0.25847536,43992.86329203645
387,200,0.7666632,0.3562928,3.3238616,1.4243636,0.56030643,0.60544354,0.17997268,0.15914592,0.26898637,43934.09447816969
388,200,0.5785215,0.34965447,3.3676405,1.4395398,0.54321617,0.63167584,0.17690662,0.15531433,0.24732563,43899.8043302416
389,200,1.0289356,-0.07228701,3.1935787,1.4347379,0.63090724,0.61131513,0.18979359,0.15458058,0.27168268,44091.32974859092
390,200,0.3595044,-0.14456682,3.3895802,1.3911308,0.52534413,0.48917016,0.18888429,0.19324934,0.2772085,44105.5693008908
391,200,0.2509981,1.054758,2.9771438,1.4451181,0.8651638,0.6325832,0.22034608,0.15316722,0.27523395,44560.34364528556
392,200,0.5232767,-0.17154633,3.3562357,1.4836066,0.52564484,0.6630961,0.17843533,0.15180512,0.17373163,44229.98884440538
393,200,1.7746586,-0.3931532,3.3071058,1.3499483,0.6583436,0.6283975,0.21023172,0.15440965,0.27543288,44213.5730894277
394,200,-1.4465779,-1.5826856,3.3691115,1.4605815,0.52294385,0.6379747,0.17848943,0.15324086,0.23245311,43883.74760895508
395,200,-0.31088617,0.097400166,3.3772893,1.421594,0.5298716,0.6235006,0.17608723,0.1539106,0.26151365,43852.49646022641
396,200,0.15650654,0.23218104,3.2622752,1.4407258,0.54857033,0.5417432,0.17809561,0.16952637,0.27208632,43998.23552597512
397,200,-1.424061,-0.49331987,3.3702102,1.466184,0.52239835,0.63919383,0.18312585,0.15378726,0.24306723,43831.79294545594
398,200,-1.1335928,0.99675965,3.2913148,1.4355127,0.6029254,0.62351876,0.21791866,0.1601735,0.2654015,44036.02479995234
399,200,0.9605572,0.22584048,3.1985278,1.4609618,0.5966252,0.55572236,0.18598588,0.16882373,0.26895356,44083.75999386179
400,200,0.82455724,0.53117836,3.3527575,1.4918802,0.51427245,0.66676503,0.18228269,0.15156236,0.16646102,44268.94199285716
401,200,0.21950956,0.39306292,3.291141,1.4256101,0.57666504,0.60342205,0.18182488,0.15970507,0.2695977,43982.88826696601
402,200,0.95008844,-0.1513572,3.2897537,1.4547253,0.61969966,0.5995723,0.18272336,0.17092893,0.24981004,44109.27936178543
403,200,-0.44816536,-0.64933795,3.3471234,1.4158247,0.52992386,0.58420223,0.1760778,0.16186634,0.27078065,43901.13123162774
404,200,-0.015682112,0.16092817,3.362832,1.4248495,0.5434422,0.6143372,0.17728919,0.15721855,0.26429838,43882.32631816193
405,200,-1.3479254,-0.7615734,3.3536396,1.4212427,0.58519673,0.6078652,0.19153097,0.16084675,0.26465496,43981.15870867245
406,200,-1.7558906,0.45093447,3.278418,1.4389403,0.5529674,0.5705723,0.17949365,0.16351615,0.2698504,43959.90285852656
407,200,-0.7047003,0.9432607,3.301949,1.3950696,0.6219156,0.6255363,0.21372738,0.15629892,0.27338153,44090.13820738733
408,200,0.2847906,-0.30937758,3.3764133,1.4025147,0.53972554,0.61923385,0.18180242,0.15468287,0.26743552,43894.77358378016
409,200,1.1452621,0.34649444,3.0893145,1.4396557,0.67932475,0.59781563,0.19205521,0.1604999,0.2723878,44271.96270969297
410,200,-0.058586553,-0.3175431,3.249335,1.3702872,0.74258447,0.63684034,0.21850908,0.15454547,0.275469,44326.65904221916
411,200,-0.5028167,2.4124537,3.2275672,1.4559577,0.5852429,0.564278,0.18447734,0.16657837,0.26896834,44036.41265080546
412,200,0.9101789,0.3172182,3.3759925,1.4169844,0.5315933,0.6184403,0.17618638,0.15453218,0.26643002,43852.13025143585
413,200,0.33003512,2.2259443,3.326958,1.4156984,0.5284928,0.5236532,0.17739388,0.18041153,0.27446964,44020.81120022423
414,200,1.6315974,0.37775916,3.3136783,1.4338961,0.55103123,0.5940954,0.17948514,0.1592466,0.2690085,43912.59895273721
415,200,-0.52867067,-0.10800384,3.3743079,1.4363568,0.5302151,0.63112444,0.17643945,0.1537551,0.24795347,43873.69967904408
416,200,0.2863437,0.60884386,3.2505403,1.4513274,0.6319507,0.6096934,0.23272893,0.1701564,0.23875022,44246.402149267655
417,200,-0.83963245,-1.3682451,3.3254833,1.4472013,0.58212894,0.6097623,0.18008952,0.16474336,0.25223136,43999.67825899805
418,200,-1.808144,0.41133425,3.3401117,1.4133503,0.5272848,0.52065384,0.17788431,0.1820173,0.27461442,44022.03569329477
419,200,-0.34791216,0.15634897,3.1990867,1.288357,0.84894675,0.6353317,0.24105604,0.15725744,0.28039163,44698.747305976925
420,200,-0.8589724,-0.8989422,3.3263867,1.3655502,0.6177801,0.6251541,0.20230708,0.15436926,0.2740432,44110.01036987212
421,200,1.0085973,0.52759737,3.3464696,1.4123507,0.52495176,0.50524634,0.17886613,0.18724424,0.2759083,44047.38368315855
422,200,0.24664895,0.60799253,3.2245543,1.4456351,0.5479315,0.5096281,0.17769785,0.17822476,0.2739403,44077.237875618186
423,200,1.4944845,-2.069985,3.0752869,1.4272106,0.8596107,0.6403888,0.22422305,0.15339343,0.27516395,44501.73570784308
424,200,-1.1460004,0.047066096,3.3575406,1.4217882,0.54416865,0.61038643,0.17774582,0.15736377,0.2675394,43884.627249214725
425,200,0.045134015,2.339625,2.8773897,1.4505066,0.90841544,0.6293043,0.22169413,0.15378332,0.27547914,44698.64504102922
426,200,-1.0793432,-0.11422555,3.1298013,1.3989052,0.8686162,0.6437738,0.22818258,0.1538648,0.27598166,44520.73519437834
427,200,-0.9228233,-1.4513385,3.253625,1.4419394,0.5480633,0.5319658,0.17791499,0.17196396,0.27271327,44017.90857326682
428,200,-0.20035347,-1.7140461,3.3449066,1.4292032,0.58146,0.6062804,0.18952307,0.16042946,0.26491576,43962.52882259709
429,200,-0.64295256,0.15011522,3.3295274,1.4269688,0.5607528,0.6038393,0.1797611,0.16021855,0.26809704,43932.619134626744
430,200,1.1880298,0.3169426,3.3705704,1.465524,0.52115816,0.639135,0.1798752,0.1534213,0.23317945,43868.92058353327
431,200,0.5383296,-0.14244542,3.3677783,1.4807272,0.5187915,0.6489019,0.18814647,0.15372755,0.22763762,43872.208970835905
432,200,-1.6263219,-0.13482246,3.327439,1.4350092,0.5712951,0.6022578,0.18017974,0.16265868,0.26398656,43957.5249904728
433,200,2.2697546,-1.4543657,3.3350184,1.4214981,0.55132735,0.61575246,0.1799944,0.15400048,0.2699212,43891.07595062792
434,200,-0.024326125,-0.7380309,3.356054,1.4203838,0.54668367,0.61301786,0.18053374,0.15629433,0.26772034,43888.50073736013
435,200,-0.36918184,-0.23937918,3.0796022,1.4405963,0.7128677,0.6174848,0.20090133,0.15407121,0.27242768,44290.63600052011
436,200,0.8644362,-0.742165,3.3756673,1.4061887,0.52488625,0.5411934,0.18007734,0.17688072,0.2737535,43971.77950821307
437,200,1.1172835,-1.5639046,3.3704636,1.4054809,0.5365791,0.58721876,0.18444386,0.16518523,0.26668248,43947.70246622738
438,200,0.8449956,-0.67559385,3.2007933,1.4644287,0.60983866,0.56015325,0.1889367,0.16807522,0.2680149,44092.6700462235
439,200,-0.30911446,-0.23346666,3.374334,1.4288261,0.53342,0.62727726,0.17629118,0.1541998,0.25611487,43864.85992352062
440,200,0.44702417,0.10572,3.3007584,1.3424524,0.6693782,0.6274831,0.21671888,0.15495478,0.27651596,44254.59577154421
441,200,-0.13288058,-0.29779088,3.37946,1.3976018,0.5464255,0.6194702,0.18555936,0.15514526,0.266215,43920.79082773392
442,200,-0.017020414,0.37915173,3.369935,1.4609016,0.5374056,0.64828885,0.17699783,0.15401922,0.2123696,44007.58006976581
443,200,-0.36469355,0.15670386,3.3662944,1.3925012,0.56115854,0.5416924,0.20508,0.18501559,0.25829628,44178.50636445032
444,200,0.16066119,-0.95264494,3.361973,1.4157867,0.5349356,0.6121238,0.18211375,0.1573249,0.26261574,43900.78860427004
445,200,0.017515613,0.32362577,3.3757303,1.4219929,0.53218776,0.6231847,0.17620407,0.15420176,0.26186815,43856.1660349623
446,200,0.5210649,-0.57578796,3.230745,1.2940761,0.8052794,0.6335288,0.23661593,0.15630174,0.28012723,44600.46373907374
447,200,-0.033319283,-1.5308034,3.3758361,1.4312484,0.53087807,0.62865317,0.17628092,0.15386932,0.2530746,43864.82485496986
448,200,-0.6532847,0.078514025,3.285898,1.4468309,0.5712226,0.58658695,0.18342145,0.16137932,0.26825696,43954.181796517005
449,200,-0.26773354,-1.1280113,3.3160112,1.4234188,0.5596932,0.61277133,0.18066198,0.15473598,0.27019772,43916.989799701914
450,200,0.52389103,0.08842209,3.3507414,1.4064128,0.57060295,0.57119286,0.20924538,0.17921378,0.24192296,44201.77523353647
451,200,0.01862737,1.054325,3.2652702,1.4449856,0.62602645,0.6199732,0.22834837,0.16417745,0.2578596,44122.92637190602
452,200,0.46629006,1.7148316,3.365163,1.4111565,0.524873,0.5419549,0.17820609,0.17650384,0.27363142,43966.207528067
453,200,0.08617684,2.190898,3.3133402,1.4196783,0.59097445,0.6243937,0.20869981,0.1567468,0.2706072,43995.22688710525
454,200,0.030601824,-0.069641575,2.961782,1.4480766,0.77185655,0.6062759,0.20291457,0.15524004,0.2736502,44470.604339533646
455,200,0.2891205,0.41287082,3.3604429,1.4790432,0.5355399,0.66222537,0.17805189,0.1533458,0.17760006,44222.11136617195
456,200,0.4537819,-1.8297404,3.0880802,1.2968478,1.0124953,0.65164554,0.24238095,0.15521201,0.28074092,44947.101355709325
457,200,-0.5215797,-1.1846865,3.3716083,1.401931,0.5420526,0.61743104,0.18075542,0.15505423,0.2680444,43902.09053184603
458,200,0.1508182,-0.25547078,2.7874937,1.4549544,0.9946556,0.63374156,0.22970024,0.15348473,0.27690858,44874.38822880111
459,200,0.87583274,-0.11510747,3.246542,1.3959236,0.7188823,0.6354282,0.21305814,0.15414174,0.27412432,44242.92751593246
460,200,-0.6250274,-0.3903927,3.3644347,1.4679184,0.5253793,0.6479148,0.17745054,0.15256524,0.20732741,44004.85150034888
461,200,0.28601253,0.9785673,3.0751474,1.208435,1.0607252,0.651931,0.24594717,0.15490757,0.28378052,45214.3095468855
462,200,-2.2555642,-1.0225068,3.375614,1.4426954,0.5337602,0.6309267,0.18788826,0.15455939,0.25594983,43847.06666119368
463,200,2.116791,-1.6108783,3.2421384,1.4458699,0.56022245,0.5530112,0.18038541,0.16732226,0.27035213,44012.025678925806
464,200,-0.6743327,0.031830557,3.2939184,1.4378014,0.5984587,0.62066114,0.21770948,0.1610873,0.26206204,44039.52139390916
465,200,0.29871365,0.91064566,3.2850342,1.4362134,0.54693234,0.5625777,0.1781274,0.16477856,0.27087379,43956.78734595702
466,200,-0.8958158,0.5483281,3.31152,1.3526214,0.64598405,0.62623537,0.21190669,0.15482217,0.27563733,44191.402210494925
467,200,0.9304085,-0.17531641,3.3468847,1.4205065,0.5376423,0.6080171,0.17730814,0.15611635,0.2690219,43876.88141396358
468,200,-0.49901664,0.021351224,3.34683,1.4639995,0.57644606,0.64202917,0.17881952,0.15899213,0.21655825,44075.214788090074
469,200,1.5877615,-0.6432576,3.207712,1.444202,0.5401566,0.48544058,0.17747757,0.18772253,0.27635038,44141.16553301125
470,200,0.38273242,-0.03424228,3.228864,1.453304,0.6465812,0.59677345,0.23799375,0.17760882,0.21124427,44483.62489903355
471,200,-0.15602389,1.0490932,3.3955235,1.3682805,0.59158885,0.6212956,0.20883857,0.15787442,0.25846243,44090.41553631614
472,200,-1.6064397,-1.3730536,3.2226076,1.302234,0.8328595,0.639769,0.23180243,0.15449193,0.27868074,44610.49051571538
473,200,-1.3342584,-1.3467175,3.357687,1.4444188,0.5546499,0.62772506,0.17773499,0.15751183,0.24604794,43929.04508500376
474,200,0.60413677,-1.6295836,3.3731053,1.3777689,0.61364263,0.61194986,0.20281693,0.1611107,0.26119506,44119.79718869769
475,200,-1.2597873,0.028620504,3.0112238,1.4296182,0.9234241,0.643341,0.22969607,0.15331388,0.2760139,44630.132468176256
476,200,1.2605689,-0.100393504,3.3420882,1.4138389,0.5284999,0.5505617,0.17696035,0.17235908,0.27280062,43963.642150174746
477,200,0.04949498,0.4938368,3.1752138,1.4559503,0.5737024,0.52704114,0.18198867,0.17358467,0.2710749,44115.3792371908
478,200,-0.120406635,-1.479316,3.285932,1.4287724,0.53293455,0.513418,0.17674756,0.181288,0.27509362,44043.24179248141
479,200,1.4219756,0.45636335,3.3543775,1.4266242,0.54965866,0.61015224,0.17807853,0.1584995,0.26543042,43896.88201799504
480,200,-1.1046166,-0.030936258,3.2660213,1.4594104,0.62670964,0.58407253,0.19514316,0.16603757,0.26423517,44067.61509718857
481,200,-0.34069234,-1.2631729,3.369774,1.4681154,0.5222225,0.6401795,0.18451987,0.15376557,0.24338247,43827.966023291665
482,200,0.067492254,0.016338084,3.284779,1.4264499,0.5756099,0.6105367,0.18258579,0.15542121,0.27057028,43961.45829191765
483,200,-0.98551077,-1.471835,3.0581465,1.4661366,0.84693444,0.62798405,0.24841388,0.17685334,0.24938232,44658.143055723885
484,200,-0.84832054,-0.32566947,3.2960255,1.334128,0.6855381,0.62856746,0.21786845,0.15481064,0.27687913,44296.65390573197
485,200,-0.26800337,0.8024564,3.1987655,1.4283075,0.70537233,0.6311417,0.20632169,0.15352951,0.27290934,44194.463568200765
486,200,-0.7994224,0.2407875,3.2646632,1.3331022,0.74243206,0.6352258,0.22175659,0.15435377,0.27657312,44395.08839997263
487,200,-0.35687152,0.54565734,3.3583245,1.4073466,0.5529388,0.5848844,0.1965524,0.1709471,0.25398242,44060.417395643715
488,200,-0.5654978,0.4760314,3.2819448,1.3958877,0.64741695,0.62743086,0.22137058,0.15703791,0.27407038,44144.25798920026
489,200,0.21348006,-1.2085737,3.3532073,1.4201696,0.6003411,0.6061758,0.19562502,0.16249537,0.26368648,44018.953745729115
490,200,-0.36555108,0.9380925,3.3203547,1.4155198,0.527109,0.4906519,0.17865375,0.19077873,0.27693197,44091.93848798365
491,200,-1.3804307,-0.53591454,3.371862,1.4013019,0.54092497,0.5710922,0.18887967,0.17147696,0.2658715,44003.256617659215
492,200,-1.405963,-0.5900577,2.7620585,1.4518411,1.0745287,0.64624286,0.23919342,0.15267685,0.2780559,44986.73631679528
493,200,0.7539915,1.0653155,3.1959887,1.4265517,0.7149817,0.63229287,0.20803124,0.15354425,0.27311525,44213.03614075824
494,200,0.91722155,-0.057042867,2.8340938,1.2739888,1.1621602,0.66582346,0.24864894,0.15589306,0.28507173,45369.322503042335
495,200,-2.6591723,0.60631955,3.282671,1.3518366,0.68058354,0.6283113,0.22282171,0.15600796,0.27574736,44274.113915638336
496,200,0.105232134,-0.09165941,3.3048384,1.351861,0.6533183,0.6267023,0.21470922,0.15511788,0.27573413,44211.378173298275
497,200,-1.1474687,-0.43782005,3.3395379,1.4195904,0.548412,0.6108519,0.1787278,0.15640403,0.26963446,43899.00140860482
498,200,-0.45380405,0.40326455,3.2924979,1.4527619,0.62904054,0.5906911,0.1974744,0.16568957,0.26286468,44065.04506204357
499,200,2.259309,-0.042257152,3.264385,1.4416001,0.62263465,0.5890111,0.23189357,0.17900014,0.2044375,44497.17282123969
0,300,0.0076174983,0.88686466,3.4468567,1.4096844,0.5031165,0.6259095,0.20069604,0.15599503,0.2719169,43783.3006081021
1,300,-0.52886987,0.17371185,3.253113,1.4904423,0.6020675,0.6130096,0.24858074,0.1615129,0.28750417,43921.564859852806
2,300,1.9559124,0.39009333,3.2763305,1.4337009,0.5784269,0.5971219,0.1891009,0.15823121,0.2806378,43946.24562874356
3,300,0.8416313,-0.24945858,3.4055128,1.4249169,0.5331118,0.6538696,0.17638305,0.15195234,0.25508222,43844.23216560438
4,300,-0.15503581,0.06606026,3.2833202,1.4651735,0.5437086,0.5783771,0.22232822,0.17884147,0.25520518,44037.6220208445
5,300,-0.3119761,-0.84029037,3.3650393,1.4660203,0.540444,0.63319623,0.22458962,0.15511276,0.2809682,43773.00117403351
6,300,2.4884417,1.6959696,3.3602293,1.4248292,0.5447133,0.6039974,0.17867653,0.1612126,0.27477187,43872.496193376486
7,300,0.99090916,-0.1867091,3.404531,1.4239783,0.52127534,0.6425177,0.18984392,0.1520037,0.27842194,43768.3871719733
8,300,-1.6324233,-0.06713416,3.4191835,1.4882504,0.5247118,0.66271216,0.18493918,0.14881667,0.1745834,44153.333034416646
9,300,0.8253722,-0.29832315,3.382175,1.4212313,0.51292217,0.57782465,0.17486054,0.16685227,0.28101456,43827.526031939735
10,300,-1.5096616,-0.2773914,3.3756661,1.4224929,0.53704983,0.61386704,0.17821681,0.15874794,0.27549314,43840.27973378671
11,300,-0.79991364,-0.22007579,3.377262,1.4296651,0.5000899,0.52291477,0.18094957,0.18480143,0.2860942,43886.86520357577
12,300,1.3277828,-0.10128149,3.3985243,1.4171102,0.51169145,0.60977334,0.17558369,0.16012222,0.27927756,43793.060664505625
13,300,-1.4227949,1.9223248,3.3410003,1.4284755,0.57829297,0.6394807,0.18761887,0.15102825,0.27876443,43872.30429439911
14,300,-1.540797,0.06326199,3.3859606,1.4402074,0.52187127,0.6338353,0.18805403,0.15545091,0.2702489,43786.16815799579
15,300,0.42258036,0.5474806,3.3070853,1.432491,0.5695166,0.56842935,0.1816706,0.16959468,0.27494976,43984.821495991826
16,300,0.9424681,-0.26759475,3.3476226,1.4285337,0.584041,0.63986135,0.23266414,0.15211411,0.28332365,43901.32391812501
17,300,-0.67246044,-0.35955316,3.3194103,1.4312273,0.5220604,0.49863482,0.17367575,0.18539354,0.2852732,43984.76060638271
18,300,-0.13370156,1.0777438,3.3887463,1.4215862,0.50481176,0.5580803,0.17702132,0.17488012,0.28297296,43847.39870297942
19,300,0.9208588,0.31872764,3.2686234,1.4460812,0.63849604,0.56008184,0.19141564,0.16947882,0.2785661,44086.181174055695
20,300,-0.39522898,-1.1594205,3.4225662,1.4746885,0.5206661,0.65437585,0.1824479,0.1505297,0.22835484,43825.06122731711
21,300,-0.679593,-0.5643179,3.3082192,1.4923716,0.55714905,0.61945313,0.24139991,0.16134037,0.2775117,43836.2939364035
22,300,-1.0452534,1.2111453,3.2682743,1.4388745,0.56249946,0.503489,0.17522281,0.18281388,0.2850705,44060.19184849882
23,300,0.22425222,-1.6786884,3.436377,1.4943426,0.5178452,0.66017944,0.19317786,0.15067868,0.19016826,44005.20928907377
24,300,0.040071458,-0.3277549,3.4445918,1.4180279,0.5022157,0.633942,0.19578496,0.15452784,0.27288312,43755.4336146145
25,300,0.01050002,1.7858706,3.203394,1.4390419,0.62243867,0.5906958,0.19448431,0.15749781,0.28120264,44057.27516635874
26,300,1.370989,-0.50984323,3.4108691,1.4383098,0.526052,0.65570235,0.17708643,0.15098816,0.24132302,43852.63114902213
27,300,-1.1268258,-0.7306777,3.3919258,1.4226644,0.5065599,0.57202387,0.17810188,0.17162038,0.28265405,43827.74728186056
28,300,-0.40318832,0.94940555,3.3630314,1.477179,0.5353241,0.63177055,0.2207459,0.15642396,0.27708733,43760.12469232479
29,300,0.48111513,2.759355,3.4231641,1.4659344,0.51893854,0.65162444,0.18158326,0.15113324,0.24969777,43754.03642222833
30,300,0.51291686,-2.5412388,3.443163,1.491523,0.505946,0.65486014,0.19611701,0.15162551,0.22544736,43788.20926126907
31,300,-0.27643284,-0.25957698,3.3579075,1.4257971,0.54511106,0.6252056,0.1826349,0.15381432,0.27893662,43829.11309420943
32,300,-0.4555325,0.017479159,3.43568,1.4681602,0.50593376,0.64664257,0.19024943,0.15220973,0.2617557,43693.819183788466
33,300,-1.5023966,-1.7776669,3.233643,1.4616507,0.544878,0.5210584,0.22771451,0.1926944,0.2774493,44108.64861119963
34,300,0.40234163,-0.6848101,3.370348,1.421034,0.5354447,0.6175347,0.18071787,0.15671739,0.27802128,43830.53009546851
35,300,-0.40155753,-0.46847606,3.1192336,1.445626,0.7822836,0.6355484,0.21276006,0.15017623,0.2822302,44283.62979984157
36,300,0.60815644,1.1149623,3.4087222,1.4143457,0.5213783,0.64134574,0.17621022,0.15262705,0.27558294,43784.546600681286
37,300,0.92379653,-0.13256802,3.3782096,1.4273494,0.4989372,0.5143715,0.17913789,0.18673956,0.28632754,43901.60085087439
38,300,0.46637958,-0.09439251,3.4255443,1.4537129,0.5130447,0.64803004,0.18230784,0.15161696,0.2674411,43711.41945234418
39,300,2.4512298,-0.21120599,3.4021306,1.4236041,0.53602517,0.622765,0.18980047,0.15799513,0.27504066,43823.16774834095
40,300,0.88518757,1.4737648,3.4144533,1.4200535,0.5284092,0.62198925,0.19315922,0.15862212,0.27376705,43820.05593709461
41,300,0.18970262,1.7025702,3.438695,1.4141858,0.5060859,0.6356667,0.19170883,0.15395801,0.2740304,43763.88593179872
42,300,-0.1734639,-0.51002955,3.3007784,1.480346,0.5433052,0.6010495,0.2230125,0.16692157,0.24804118,43959.764996555336
43,300,-0.46684554,-1.4169061,3.4068966,1.4121711,0.5209408,0.6448191,0.1761977,0.15168951,0.27697432,43782.37376431999
44,300,-0.7621145,-0.88778013,3.3760564,1.4260157,0.51347715,0.58223313,0.18480846,0.17027041,0.2832188,43837.85263984419
45,300,0.54261076,0.71593887,3.352735,1.4362185,0.4955521,0.486085,0.18632054,0.1937571,0.28953505,43946.67460961478
46,300,1.0996596,0.6552637,3.3862216,1.4256196,0.5038275,0.55015075,0.17917323,0.17759952,0.2841257,43852.526000849546
47,300,0.33057675,0.94924647,2.8607922,1.45799,0.9919213,0.63023293,0.23038425,0.14949659,0.2848125,44756.5358836722
48,300,1.9050636,-0.01477722,3.3724432,1.4255829,0.4968595,0.5083227,0.17686729,0.18710726,0.28552502,43914.19383638636
49,300,-0.813596,-0.5216415,3.362556,1.4273084,0.56534904,0.63771254,0.2294054,0.15232536,0.28324598,43866.83905858733
50,300,-0.18375573,0.8246182,3.3907115,1.4223366,0.50572145,0.56304884,0.17748147,0.17383502,0.2830037,43839.296336446394
51,300,-0.9768954,-0.58957994,3.3299417,1.4335089,0.581487,0.59569454,0.18287875,0.16146517,0.2785676,43923.56088981256
52,300,-0.8391294,0.99012136,3.4364297,1.4142432,0.5155077,0.61227953,0.20648187,0.1615857,0.2685262,43837.31587215236
53,300,-0.35399392,-1.3749512,3.0762029,1.4519327,0.7565388,0.5009429,0.18569739,0.18351568,0.2832348,44517.45417000741
54,300,0.50538695,0.35924914,3.4121842,1.4552007,0.5241915,0.6560111,0.1782756,0.15030813,0.22830543,43870.51051993814
55,300,-1.6388073,-0.7333128,3.395852,1.4212114,0.5319933,0.6413694,0.2012046,0.15194008,0.27977532,43798.123832242294
56,300,-0.010056471,1.238007,3.3582604,1.4284198,0.5067087,0.5202156,0.1741386,0.1811791,0.28416914,43902.605303987795
57,300,-2.364174,0.020334182,3.4194663,1.4587812,0.5200341,0.6514856,0.17975248,0.15078765,0.24845633,43772.79047562792
58,300,1.4665787,0.85255194,3.3581738,1.4245589,0.534406,0.57627463,0.17527929,0.16583605,0.28120992,43865.56404504193
59,300,0.93184835,0.339965,3.4058208,1.450257,0.53425914,0.6622472,0.17769638,0.15084912,0.20824948,44006.600415856105
60,300,1.3243587,-0.1722008,3.3584094,1.4238775,0.5457862,0.6058825,0.17801626,0.16121341,0.27375787,43879.69065139736
61,300,-0.46931073,0.8756957,3.4055367,1.4158561,0.5246595,0.6399108,0.17949322,0.15310451,0.27659568,43789.51199536592
62,300,-1.270485,0.9693967,3.4304461,1.4887917,0.5192024,0.6574872,0.18816903,0.15064105,0.20711227,43906.55148901981
63,300,1.867559,0.90604466,3.4719806,1.4136078,0.48691165,0.6047243,0.22647758,0.16114229,0.2653079,43796.403493226906
64,300,-0.64718145,0.47224715,3.3470504,1.4297085,0.5835091,0.64479184,0.2199297,0.15142764,0.2810719,43892.387930240846
65,300,1.0685093,-0.4533858,3.438063,1.4821508,0.50618744,0.65157753,0.1912154,0.1517603,0.24805622,43713.11813702662
66,300,-1.4219198,1.997956,3.3714707,1.4226198,0.53893954,0.61202884,0.17806438,0.15929852,0.2750373,43849.682980567435
67,300,-0.34745064,-0.5812685,3.3809779,1.4241928,0.5119212,0.58589864,0.18313646,0.16876064,0.2829209,43827.90440515
68,300,0.068599224,-0.2722761,3.4058583,1.4443996,0.534981,0.6614149,0.17734642,0.15116914,0.21402116,43987.106322594744
69,300,0.8733118,1.1997361,3.0852323,1.4541887,0.82988966,0.644374,0.23681238,0.14953642,0.28445953,44363.14896328165
70,300,0.0014710003,-0.76670486,3.2848508,1.4951651,0.56740594,0.61115575,0.24358962,0.16474245,0.27280572,43893.83596366765
71,300,0.42625874,0.676908,3.3814216,1.4354297,0.53999573,0.6376923,0.21892905,0.15315649,0.2826653,43801.699276634274
72,300,2.0140603,-0.30676576,3.2872927,1.4483832,0.48569378,0.4550209,0.19736752,0.19944152,0.29449695,44011.1549778044
73,300,0.6433145,-1.5706234,3.393653,1.4163731,0.5189091,0.6145741,0.17532381,0.15810728,0.27882272,43800.13637538711
74,300,-1.6429653,-0.40607178,3.392511,1.4305861,0.5309551,0.6398935,0.2061106,0.15263844,0.2808206,43784.679590430685
75,300,-0.91800475,0.25249663,3.4299228,1.4673972,0.511062,0.64962536,0.18513991,0.15163034,0.26023012,43705.36554235886
76,300,0.62523144,-1.6020577,3.3622704,1.474919,0.53482866,0.6275218,0.21114066,0.15774472,0.2685621,43786.413149745706
77,300,-0.5096522,-0.4380743,3.3758917,1.428724,0.5498352,0.6375894,0.22401455,0.15268843,0.2832085,43831.694939814835
78,300,-0.8031414,-0.46433768,3.3394492,1.4285434,0.5735417,0.635574,0.18634355,0.15138766,0.27896363,43867.11685571466
79,300,0.10058121,0.53916126,3.3994389,1.4187536,0.5224406,0.63730586,0.17817114,0.15260549,0.27791813,43778.058783558925
80,300,-0.36343777,0.77905124,3.386725,1.4222894,0.54293174,0.6446517,0.1995002,0.15147911,0.27883315,43816.470789085884
81,300,0.49374178,-0.11610394,3.4355223,1.4914399,0.51581377,0.65760213,0.19144231,0.15100399,0.207924,43892.54846855988
82,300,-0.7742951,-0.26938978,3.029595,1.449682,0.82089394,0.6175269,0.21221621,0.15085487,0.28239077,44417.2208515112
83,300,-0.035742734,0.33601573,3.4171305,1.4180723,0.5247521,0.6253162,0.19185036,0.15770933,0.27369046,43812.47923121609
84,300,-1.0574737,-0.55598503,3.2479992,1.4970732,0.58053035,0.60826993,0.24759233,0.16576515,0.2786813,43927.02394244643
85,300,-0.34796184,-1.3533889,3.3189929,1.4305207,0.58726215,0.631555,0.18787248,0.15163842,0.27965724,43897.165452866175
86,300,0.46079433,-0.40098616,3.3146226,1.4479878,0.4821891,0.45457426,0.18969999,0.19944642,0.29385385,43977.61525627953
87,300,0.43480796,0.54009444,3.3783202,1.4330375,0.55895424,0.6036703,0.19570556,0.16254006,0.2749751,43879.00886216549
88,300,0.46838522,1.735879,3.35753,1.4212704,0.54850256,0.61382556,0.17761348,0.16003692,0.27127624,43890.57240964995
89,300,1.285984,-1.5069984,3.366993,1.4267838,0.4949258,0.49811405,0.17660037,0.18939656,0.28614962,43929.00364343601
90,300,-0.20289683,-0.10988278,3.3992825,1.4144123,0.52116394,0.6303264,0.1755922,0.15468588,0.2778321,43791.61043243222
91,300,0.5559627,0.8924739,3.3754656,1.4341614,0.5243275,0.6194783,0.19097915,0.16163166,0.27386412,43826.53243002549
92,300,-0.6126257,-0.82282835,3.3987784,1.4266381,0.5262116,0.6412928,0.19804393,0.15228805,0.27971935,43777.32472392125
93,300,-0.83218604,0.17233914,3.3875291,1.41746,0.5324738,0.6289706,0.17688027,0.15583281,0.2738747,43826.26564542741
94,300,-0.067275606,-1.3183959,3.3922935,1.420754,0.51289743,0.6079345,0.18011808,0.16211385,0.2809791,43799.2393511784
95,300,0.75194657,0.5629897,3.3870704,1.4227009,0.5143304,0.6035453,0.18187296,0.16377452,0.2814016,43808.76347543003
96,300,-0.07311965,-1.2973796,3.1775706,1.4417901,0.71777546,0.63180333,0.2041412,0.15052941,0.2810113,44159.594787392445
97,300,1.7549862,-0.13298842,3.374352,1.4269556,0.505735,0.54859054,0.18350083,0.17895868,0.28539032,43868.32030269185
98,300,0.69153875,0.6947491,3.385828,1.4538432,0.5281814,0.6380104,0.20626324,0.15365559,0.2787947,43751.187453673934
99,300,-0.9443685,0.23810315,3.3662863,1.4294567,0.55805343,0.6139485,0.18464494,0.15857655,0.27717653,43860.70463017315
100,300,0.777277,-0.29104146,3.4108515,1.4124496,0.5179203,0.64567804,0.17594087,0.15144692,0.27657914,43775.140400323544
101,300,-0.56931204,0.26990435,3.3675418,1.449615,0.5266228,0.6251762,0.19610357,0.15895784,0.26605642,43821.35460860803
102,300,-0.33868217,2.0347626,3.4137902,1.4136645,0.5194052,0.6455591,0.17608096,0.1517663,0.27527148,43777.59876211454
103,300,-0.40317693,1.222445,3.356432,1.4359457,0.49572855,0.4883132,0.1854181,0.19323654,0.28917727,43940.44246017984
104,300,0.05095428,-1.7942293,3.0544934,1.4564788,0.8738333,0.64772165,0.24666137,0.15010884,0.2870566,44440.386926732
105,300,-0.6599427,0.21301717,3.0215888,1.4498137,0.81301904,0.61060977,0.21062836,0.15151134,0.28295374,44418.20781559638
106,300,-0.8351927,-0.9467404,3.3455012,1.4303421,0.5789219,0.6427328,0.19302611,0.15075904,0.2791198,43868.22980876697
107,300,1.8219151,-0.07565047,3.4162798,1.4147387,0.5181345,0.64644665,0.17610529,0.15139513,0.2748745,43771.646766399914
108,300,1.5788652,-0.7955006,3.4179301,1.4542823,0.5202216,0.6515278,0.17899905,0.15064228,0.24876863,43780.164805168315
109,300,-0.79228663,-0.5316059,3.430652,1.412895,0.5103354,0.6391393,0.1862033,0.15309212,0.27517098,43767.391416568425
110,300,0.15466884,1.0415684,3.3248224,1.4321753,0.58219105,0.59479195,0.18096812,0.16184834,0.2791281,43930.11448672223
111,300,-1.6047385,1.4587147,2.8512383,1.457416,0.9758254,0.61878973,0.2257994,0.1498534,0.2839052,44757.86711037486
112,300,2.5263681,1.7699214,3.3932457,1.4166354,0.5294487,0.63234085,0.17669426,0.15494783,0.27428895,43814.67441069744
113,300,1.0963469,-0.2342158,3.387229,1.4238849,0.50371796,0.54747945,0.17791462,0.17804754,0.28403354,43857.87945970946
114,300,-0.7408667,-0.60829115,3.3666058,1.4500437,0.54708666,0.633789,0.22929938,0.15432198,0.2837407,43803.415069309514
115,300,-2.094603,0.12372191,2.8038306,1.459064,1.0305889,0.62480783,0.23125733,0.14936315,0.2848788,44858.09985969897
116,300,-0.13010696,0.09395323,3.4061074,1.4251657,0.5192505,0.64277077,0.18688287,0.1519851,0.27782422,43761.737780482676
117,300,1.6692508,0.3019892,3.3682356,1.432536,0.4958094,0.4941933,0.18151271,0.19173124,0.28797936,43927.37380848302
118,300,-2.115056,1.4053655,3.3391328,1.4419575,0.4888245,0.46507028,0.18733135,0.19776526,0.2916289,43966.71901846527
119,300,0.067516856,0.77760416,3.4145951,1.4407408,0.5208837,0.65138614,0.1774012,0.15074639,0.25364992,43791.0955877193
120,300,0.8145198,0.058925588,3.3981733,1.415846,0.52651846,0.6345584,0.17659622,0.15430468,0.27494678,43804.22188940048
121,300,-0.7657022,0.55578697,3.4140515,1.4509887,0.52206695,0.6536198,0.17810285,0.15045084,0.24038464,43822.45995973543
122,300,0.037005723,0.76790243,3.2283015,1.438728,0.6675794,0.6307447,0.19845515,0.15087782,0.28035384,44059.3043679504
123,300,-1.0053118,0.10140715,3.413169,1.436984,0.5223288,0.6525891,0.17708638,0.15088592,0.25214076,43807.09374266832
124,300,-1.2128679,0.28376955,3.091864,1.4462802,0.6617219,0.55964917,0.20036699,0.16290909,0.28298718,44239.582820451775
125,300,1.5133281,0.55313206,3.3544338,1.425756,0.54724085,0.5977701,0.17968753,0.16237575,0.27585953,43882.4012587689
126,300,-0.14268771,-1.2276365,3.4207487,1.4115242,0.516421,0.63995373,0.18244076,0.1530365,0.2756864,43780.801326463115
127,300,-0.6564637,-2.8345544,3.389806,1.4189795,0.52881336,0.62357956,0.17794546,0.1562502,0.27695775,43810.09485706778
128,300,-0.14876615,0.0960042,3.3274727,1.4889915,0.55028546,0.6181337,0.23148018,0.16151133,0.2686317,43838.39448727371
129,300,0.86259604,-2.6556191,3.4343138,1.4154835,0.5079819,0.6385331,0.1881923,0.15335223,0.27461028,43760.62480437321
130,300,1.6606076,-1.4166034,3.3590908,1.4239228,0.5441735,0.60125184,0.17972343,0.1614908,0.27670038,43871.15775234968
131,300,0.4595849,0.28005785,3.4003246,1.4314427,0.5229325,0.64127016,0.19387013,0.15240481,0.27875698,43762.660960710746
132,300,0.9606934,1.3290628,3.0616283,1.445494,0.7018019,0.5708052,0.20294641,0.15890886,0.28268397,44301.19839432115
133,300,-1.9518042,-0.6598917,3.2587419,1.4342766,0.5784019,0.5818895,0.18998937,0.16210796,0.28046685,43983.53275512098
134,300,0.20984948,-1.2406245,3.3597398,1.4232157,0.5437755,0.6023886,0.18017301,0.16097844,0.27751857,43866.98990089397
135,300,0.81267405,0.58725935,3.277309,1.4794402,0.60312176,0.6171232,0.24836934,0.15920618,0.28945452,43909.393279369986
136,300,0.370825,0.1420618,3.391358,1.4194275,0.53827715,0.6403831,0.17640658,0.15413791,0.26931,43833.80223440785
137,300,-1.2986867,1.2760754,3.399743,1.4184842,0.51129943,0.60529464,0.17682518,0.1622518,0.28018114,43796.61081297461
138,300,1.3645319,-0.6894492,3.4226925,1.418112,0.51380444,0.6439199,0.18068624,0.15212473,0.27575117,43758.44342600861
139,300,-1.3159074,-0.4615846,3.361122,1.4605606,0.5287799,0.6237755,0.20115516,0.15873402,0.2632425,43819.56058287725
140,300,-0.51751906,-0.97882986,3.2840493,1.4921379,0.5602435,0.60127896,0.23589185,0.16699052,0.2505871,43974.02154622894
141,300,1.5927707,-0.25857264,3.3979237,1.4207896,0.51853395,0.6343234,0.1802658,0.15530649,0.27738854,43784.40828981366
142,300,0.5898798,-0.36385882,3.4211786,1.4487193,0.5171549,0.6484636,0.17991324,0.15141703,0.2663768,43729.650743655606
143,300,-0.87079716,-0.5788497,3.3926187,1.4219028,0.5100008,0.5941811,0.17928083,0.16569494,0.28177583,43806.55515364456
144,300,-0.19065349,-0.3948495,2.9950502,1.4551708,0.88804924,0.6343808,0.22687282,0.14949718,0.28401253,44511.20261018801
145,300,1.3905339,-1.6413486,3.3921366,1.4335335,0.5299615,0.639492,0.20565191,0.15277418,0.28054816,43778.87362468348
146,300,-0.1983989,0.0941923,3.3541687,1.4374022,0.4935571,0.4805984,0.18542553,0.19480349,0.28975642,43947.718819308386
147,300,0.192729,0.69643867,3.2816815,1.4352014,0.61248827,0.5727458,0.18115337,0.1667245,0.280169,44028.89749113304
148,300,0.76877064,-0.4213276,3.3965256,1.4204234,0.5335481,0.63199455,0.18230298,0.15497027,0.27645135,43808.03387375723
149,300,-0.45408037,0.08595198,3.2912936,1.4356527,0.57361156,0.54332054,0.17742963,0.17251977,0.28191096,43998.9086304304
150,300,0.978738,2.2408931,2.7988162,1.4655819,1.0410619,0.63327336,0.24134253,0.14855164,0.28626856,44854.55593598893
151,300,1.1813786,-0.63190377,3.3495803,1.4264803,0.54993963,0.5970677,0.17909306,0.16292092,0.27443153,43894.9615005783
152,300,0.6234536,0.8906717,3.3390574,1.4265854,0.5472342,0.6079588,0.18390508,0.15789108,0.2790467,43864.86411497138
153,300,-0.0616264,-0.10730527,3.4040384,1.4473047,0.5396189,0.6634083,0.17742997,0.1512388,0.20350052,44052.10884909962
154,300,1.3264617,-0.9646064,3.3735843,1.4214026,0.53626394,0.6105672,0.17635684,0.15842557,0.27887005,43830.63468395096
155,300,-0.9072984,0.051945396,3.34008,1.4384876,0.49385536,0.47585836,0.18881741,0.1959101,0.2907768,43966.95594937179
156,300,-1.4902654,1.4961396,3.4201813,1.4117291,0.51543677,0.6428642,0.18043292,0.15219814,0.27640194,43773.0138354633
157,300,-0.12824197,-0.27177158,3.3873916,1.4591321,0.5246905,0.6377827,0.20023984,0.15421164,0.27606854,43740.87027864484
158,300,-2.0306845,2.064493,3.297267,1.4354742,0.60248023,0.58067024,0.1816462,0.1649146,0.2797398,43991.24359370624
159,300,0.21555306,0.56800735,3.336596,1.4267393,0.5564453,0.5931803,0.17858914,0.16452342,0.27274814,43926.94665099498
160,300,-1.1043833,0.05216508,3.404596,1.4434258,0.53942394,0.6622298,0.17726742,0.15149352,0.21163863,44011.00040965858
161,300,-0.039282817,-1.1680934,3.3385198,1.4286258,0.5179857,0.51318717,0.17388697,0.1817407,0.28437304,43942.89953807289
162,300,0.08261103,-0.8215345,2.9706283,1.4590476,0.83904886,0.48441097,0.18920623,0.18856633,0.28397375,44769.802760314255
163,300,0.6027077,-0.5946498,3.3716092,1.4215952,0.53405553,0.6207819,0.18089278,0.1557692,0.27826944,43821.74965717713
164,300,-0.9571475,-1.3484243,3.371921,1.4222115,0.5388838,0.61330926,0.17777298,0.15912539,0.27467757,43850.092699174456
165,300,1.8081318,0.43663847,3.376759,1.4252275,0.5014015,0.53689754,0.17491962,0.17833184,0.28367037,43865.60215581244
166,300,0.40262553,-1.775888,3.137554,1.4471201,0.8028886,0.6433338,0.24884272,0.15183471,0.28730983,44307.7308727409
167,300,1.0590272,-1.0225644,3.3539379,1.4278451,0.5762655,0.6444977,0.21974196,0.1515261,0.28075916,43882.648422571736
168,300,2.696224,-0.07392467,3.1936285,1.4418088,0.7162316,0.6374806,0.20682456,0.15035744,0.28141862,44142.58845958687
169,300,-0.9389816,1.017021,3.3835943,1.419415,0.5294877,0.6253485,0.17957577,0.15513945,0.27787268,43808.5401643123
170,300,0.93639857,-0.5256406,3.3868792,1.4230762,0.51587164,0.6072588,0.18224964,0.16295147,0.28104866,43807.681512506526
171,300,-1.177629,-1.1401963,3.4142246,1.4139988,0.5158122,0.642629,0.17625152,0.15191093,0.27719802,43766.841918669495
172,300,-1.5824945,2.2436018,3.440442,1.4919496,0.509721,0.6558662,0.19454227,0.15134479,0.21712452,43832.86015446532
173,300,0.31716064,0.52004063,3.3673885,1.4368125,0.571011,0.5938736,0.19898409,0.16501817,0.27485162,43912.3942181615
174,300,-0.13105401,1.1330799,3.2612064,1.4441347,0.6348315,0.5606309,0.18693736,0.16883092,0.2796297,44081.02004806573
175,300,2.1531198,0.4683049,3.334473,1.4287359,0.55728406,0.5875149,0.1797129,0.16528231,0.27403423,43927.633631684694
176,300,0.36584878,1.2978252,3.3881838,1.4401097,0.5212617,0.6350603,0.18734482,0.15492946,0.27064705,43780.15856457198
177,300,-0.6038396,-1.149554,3.3713207,1.4335703,0.5242973,0.6131324,0.19165708,0.16384101,0.27605584,43834.63154800494
178,300,1.1523316,1.0796186,3.3009286,1.4312476,0.56426215,0.60004056,0.18721601,0.15841146,0.28018624,43912.00120701766
179,300,1.8495913,-0.21416666,3.2034993,1.4460837,0.5866233,0.4829759,0.1757901,0.18829834,0.28625345,44180.32690870528
180,300,1.8831507,-1.347759,3.3788047,1.4219694,0.5354372,0.6158352,0.17812905,0.15825136,0.27566823,43833.89081485881
181,300,-1.5482544,0.5319746,3.3902795,1.4284129,0.52088296,0.6326418,0.18478248,0.15647328,0.27358192,43796.9229290097
182,300,0.4064155,-0.1931767,3.3527212,1.4257123,0.547502,0.5933917,0.17685434,0.1618093,0.27964973,43869.1026688165
183,300,1.7327212,0.6845011,3.2514973,1.4542141,0.53940517,0.51591265,0.22203532,0.19251901,0.28383577,44078.41387038877
184,300,-0.47003287,-0.21673147,3.2486792,1.4406483,0.6684325,0.6403217,0.20780137,0.1502205,0.2810141,44040.96148905202
185,300,-1.0043228,-0.9981917,3.2410436,1.4376523,0.6658111,0.6349937,0.1987983,0.15067635,0.28031754,44047.53179439124
186,300,0.018922104,-0.082034156,3.3008661,1.4824625,0.5788263,0.62070763,0.24590288,0.15873615,0.28628072,43857.68157037774
187,300,-1.7685385,0.3554818,3.392054,1.4170849,0.5290085,0.6293462,0.17681296,0.15551434,0.27489075,43814.68664370717
188,300,-0.6579261,0.9688826,3.26398,1.4471004,0.6599312,0.6231472,0.24913928,0.15502328,0.2912519,44033.58964250093
189,300,0.88649154,-0.27213177,3.4528027,1.4293236,0.49698567,0.6320746,0.20206913,0.1553914,0.27032188,43735.98384504917
190,300,-0.4957955,1.2165778,3.3760781,1.4289008,0.4982857,0.51108503,0.17987463,0.18770811,0.2866467,43904.99184289171
191,300,-0.35343176,-1.6164742,3.162974,1.4427328,0.7135804,0.6238812,0.2026574,0.15112022,0.2812143,44168.03852485751
192,300,-1.0342429,0.6815945,3.4378004,1.473711,0.5044387,0.6473447,0.19196068,0.1521768,0.25842103,43692.17386809795
193,300,1.1787796,-0.17992483,3.385418,1.4208461,0.5316714,0.6202278,0.17799369,0.15712905,0.27628326,43819.1777805133
194,300,1.4558079,0.055492226,3.41384,1.4694419,0.5240505,0.65790945,0.17997321,0.14978136,0.20933725,43939.37665994261
195,300,1.4882522,1.8958892,3.4011693,1.4240282,0.5368098,0.6222737,0.18991026,0.15810658,0.27506918,43824.55344358475
196,300,0.4472121,-0.6161211,3.3339734,1.4705988,0.5352132,0.6127042,0.21185651,0.16284369,0.25644007,43879.98890268728
197,300,0.06763423,-0.46302176,3.3290818,1.4281489,0.55183274,0.6067043,0.18488078,0.15775415,0.27947944,43874.957367634466
198,300,-0.6524086,-0.39095336,3.4254396,1.4172136,0.5124401,0.64285076,0.18218511,0.15238434,0.27557936,43758.95077687479
199,300,-1.8923619,-0.17781314,3.3471446,1.4329307,0.50118726,0.5017941,0.18957792,0.19092625,0.2889744,43946.713893536835
200,300,0.11273794,0.6572677,3.4046388,1.4382983,0.54039323,0.6607998,0.17714727,0.15172528,0.22296804,43962.558314715214
201,300,1.0400863,0.16464381,3.464333,1.4076371,0.49342823,0.6068646,0.22012249,0.16033167,0.26694113,43809.850476594016
202,300,-1.2266216,0.96744615,3.4103007,1.4368911,0.52701104,0.65614116,0.17701764,0.1510973,0.24023405,43861.95813009529
203,300,1.7612661,0.7540957,3.3528461,1.4270673,0.51282763,0.5252949,0.17405045,0.17905693,0.28370285,43908.22923357619
204,300,1.3086687,-0.025798557,3.1607997,1.4497055,0.7641773,0.64674664,0.23808384,0.14998211,0.28443012,44225.79217540859
205,300,0.1833392,1.670943,3.4423199,1.4751304,0.5020938,0.6456581,0.19595672,0.15271473,0.25717238,43692.12335445774
206,300,0.23482153,2.1321535,3.3648052,1.4284837,0.49390614,0.49728307,0.17584565,0.18926957,0.2860846,43925.14508819105
207,300,1.001331,0.5972125,3.041792,1.448677,0.84793675,0.6321112,0.21710238,0.14998521,0.2828081,44432.01285568088
208,300,2.3207998,0.11709087,3.385107,1.4411261,0.53388554,0.6376983,0.2127865,0.15331005,0.28130198,43779.84117858165
209,300,0.7726948,-1.6615983,3.3804648,1.4330591,0.55782527,0.60343957,0.19642285,0.16270973,0.27478355,43877.69336064307
210,300,1.8666831,0.75746834,3.4081802,1.4162958,0.5248608,0.63741064,0.18166845,0.15392287,0.27609545,43793.11465995012
211,300,2.4972005,-2.2453218,3.2579474,1.4305967,0.58139217,0.5643672,0.18842417,0.1678409,0.27906525,44033.82060412584
212,300,-1.8300285,-0.6958351,2.9748778,1.4600017,0.9222284,0.64293295,0.24119678,0.14920045,0.28562248,44561.81381324772
213,300,1.2697648,-0.7098542,3.3560004,1.4767467,0.5405385,0.6307204,0.22776273,0.15610003,0.27973026,43769.41176182855
214,300,0.44386324,0.33367434,3.3543165,1.4555267,0.52988464,0.61928415,0.2016173,0.16135615,0.2630365,43848.632128925965
215,300,0.69913614,-0.2987596,3.3788095,1.4587047,0.5261036,0.632078,0.19696239,0.15580033,0.2684301,43774.86501347962
216,300,0.9494208,0.08755124,3.4075873,1.4156246,0.5198776,0.6372524,0.17669654,0.15318212,0.27694342,43779.13979950738
217,300,0.6071117,-1.0481704,3.3486705,1.4321806,0.5047124,0.5166442,0.19027533,0.18761511,0.28808588,43930.31634044219
218,300,0.045165855,1.8593464,3.3690019,1.4296415,0.503084,0.5291587,0.1842443,0.18386984,0.286604,43891.57529628544
219,300,0.3191184,0.30726478,3.4510334,1.4088635,0.50449353,0.6130018,0.20968387,0.15961917,0.26925892,43814.03743176868
220,300,-0.5327028,1.0907497,3.36796,1.4361899,0.5256319,0.61222696,0.19369273,0.16448754,0.27459425,43842.527617134445
221,300,0.9000542,1.8022423,3.3032944,1.4336783,0.5752381,0.56178653,0.17814532,0.16838625,0.28086388,43970.19447073391
222,300,-0.7537045,0.13768983,3.2442617,1.4428926,0.6812718,0.64556336,0.22367454,0.1502248,0.2823136,44064.2459100059
223,300,-1.0707526,1.0544517,3.346202,1.425706,0.5652706,0.6064918,0.17882147,0.15949394,0.27887827,43889.44970006607
224,300,2.6205738,-0.7474732,3.4487035,1.4656947,0.4985538,0.6397358,0.20052405,0.1540459,0.26174465,43692.969328074665
225,300,0.08753147,0.93874687,3.453646,1.4088507,0.50391763,0.60847443,0.21353972,0.16104549,0.26818556,43824.09160960525
226,300,-0.955945,-0.34598178,3.276795,1.4381851,0.64263636,0.6409844,0.2041848,0.15034896,0.2805428,43990.07396441633
227,300,-1.7423562,-1.3032428,3.2952802,1.4909463,0.55714864,0.60488945,0.23374128,0.16575564,0.253171,43944.80860607553
228,300,0.5541276,-0.6701259,3.404592,1.4180446,0.52122736,0.64105654,0.1776036,0.15180273,0.27758217,43771.88328080639
229,300,0.23958276,-0.36980116,3.4240348,1.434965,0.5133819,0.6452186,0.18191974,0.15200673,0.2729215,43732.93418628849
230,300,0.9541896,0.54414475,3.2303448,1.4697633,0.5525282,0.540026,0.23236685,0.189967,0.25939602,44149.68016469989
231,300,-2.28862,0.25148442,3.3565044,1.4790553,0.5378792,0.6262794,0.21656969,0.15831247,0.2695726,43790.43994566861
232,300,-0.24201983,1.5182612,3.358656,1.4360034,0.4926205,0.4792065,0.18310335,0.19498049,0.28943643,43946.731376968
233,300,-0.6963267,-0.2903971,3.4459388,1.4098954,0.5078705,0.61642814,0.20613265,0.15928237,0.2700923,43813.483530382786
234,300,1.1266359,-1.0799315,3.3216457,1.4317946,0.6123179,0.64014494,0.2392174,0.15210654,0.28435206,43953.31281305666
235,300,0.9853175,0.7669197,3.4288828,1.4199125,0.52375287,0.60651636,0.20775533,0.16352569,0.26922807,43850.2573753187
236,300,0.038630553,-1.6567152,3.3265407,1.4445891,0.53095317,0.5730248,0.20590776,0.1782089,0.27861047,43930.66859364336
237,300,-1.6845173,0.8065638,3.3336937,1.4286997,0.52837074,0.52456,0.17424695,0.17842415,0.28381735,43941.864989167305
238,300,-1.3003469,-0.8038504,3.3910534,1.4201407,0.52617675,0.6334163,0.17912279,0.1532389,0.27818707,43788.382108633574
239,300,-0.76414394,-1.4377915,3.1865249,1.4451586,0.6560464,0.51968265,0.18138435,0.17825878,0.28235728,44236.14919676128
240,300,0.8591042,-0.8096266,3.3386695,1.4865507,0.5449586,0.62554556,0.23226982,0.15896466,0.27635896,43794.4268180632
241,300,-0.9196507,2.6429358,3.3343256,1.430178,0.59857184,0.6410121,0.23516896,0.15197757,0.28347084,43927.94683666248
242,300,0.1950697,-1.7815628,3.380622,1.4256091,0.519759,0.6100771,0.1851929,0.16316299,0.2803105,43817.60104672526
243,300,-0.782367,0.6251187,3.3793273,1.426797,0.4997283,0.5178192,0.17842825,0.18577118,0.28589937,43897.3109718
244,300,0.25233144,-0.390798,3.2394707,1.440118,0.6738165,0.6389698,0.20423546,0.15040067,0.2809766,44054.435043866666
245,300,0.86900634,0.18418126,3.3446753,1.4302852,0.5834721,0.6355531,0.23788066,0.15259835,0.28481007,43901.357034301735
246,300,-1.3751845,0.50099224,3.4492095,1.4123402,0.5011061,0.6273165,0.20139278,0.15577818,0.2719194,43773.28367082275
247,300,-0.34624946,-0.7946363,3.4306066,1.410596,0.5124133,0.6340313,0.18886328,0.15430413,0.2742864,43783.496927150125
248,300,0.67057043,-0.7075057,2.889974,1.4587342,0.9692854,0.63172054,0.23099844,0.14938521,0.28486323,44699.89509351193
249,300,-1.8242567,0.30360392,3.4006848,1.4291142,0.5232594,0.6414368,0.19419995,0.15231559,0.2789157,43766.78776099775
250,300,0.3675449,0.19031155,3.317542,1.4314793,0.5433811,0.52851117,0.17481782,0.17680767,0.28375614,43962.34904025996
251,300,-0.80871755,-1.104124,3.3396773,1.4266733,0.5659903,0.62868124,0.1849657,0.15245765,0.27916622,43863.946840599165
252,300,0.11255753,-0.65554506,3.4164152,1.4198158,0.51771724,0.64599514,0.17761217,0.15158997,0.27601865,43759.77633602181
253,300,-1.1731234,1.9436212,3.4208126,1.4113367,0.5157306,0.641197,0.18152222,0.15257235,0.27601433,43776.86884240623
254,300,-0.94444627,-0.4100497,2.6369898,1.4682679,1.1045351,0.5837107,0.23521158,0.15097463,0.28637195,45145.1096765654
255,300,1.4315678,1.4622141,3.440197,1.4098138,0.50830364,0.62634945,0.19714111,0.1560988,0.27240807,43791.160250900924
256,300,-0.9571581,1.0139722,3.2243183,1.4422891,0.6892536,0.6391575,0.20887771,0.15017092,0.28136837,44083.33919729473
257,300,-0.22260568,-0.9130792,3.3533423,1.4269009,0.5701175,0.6413419,0.18664701,0.15100841,0.2785683,43855.44780448427
258,300,1.3151376,-0.32345748,3.4517176,1.4197097,0.49804363,0.62995476,0.20215493,0.1555398,0.2714786,43753.96605095864
259,300,-0.41227177,-0.4034592,3.3606825,1.4581838,0.54843205,0.6321748,0.23111866,0.15495862,0.28365943,43798.258104703666
260,300,0.19321355,1.2973421,3.2616508,1.4390868,0.5921676,0.53281754,0.17837228,0.17489238,0.2821582,44061.790656181045
261,300,-1.5504293,0.41731882,3.414167,1.416038,0.5230564,0.6332114,0.18583535,0.1552946,0.2749622,43798.59057953032
262,300,1.4229835,0.39608657,3.2869167,1.434686,0.60138375,0.5682745,0.17983256,0.16724467,0.28025454,44013.485754069145
263,300,0.83135104,0.48797268,3.3842895,1.4189212,0.5387355,0.63257885,0.1765523,0.15556237,0.27100056,43841.29156457399
264,300,-1.0148259,-0.6023319,3.4061263,1.4405974,0.5364284,0.6605609,0.17712905,0.15146388,0.22003004,43965.29433448493
265,300,-1.8430696,-0.477974,3.3432474,1.4297333,0.57938075,0.64181256,0.19020616,0.15088092,0.2790292,43870.26477369972
266,300,-0.49803245,1.929532,3.4394162,1.482375,0.50501895,0.6509711,0.19221455,0.15183581,0.24903804,43707.6245994621
267,300,0.20508662,1.1615338,3.4273124,1.4398464,0.5114735,0.6446848,0.18393825,0.15222049,0.27169392,43724.61008711653
268,300,-2.5827966,-1.1539503,3.434445,1.4823934,0.51118666,0.65264314,0.18890306,0.15149868,0.24188077,43742.13329947137
269,300,-1.6138978,-0.21274029,3.3745334,1.4267492,0.49781737,0.506598,0.17808367,0.18839672,0.286263,43916.69035040652
270,300,0.70411104,-1.4956795,3.4096453,1.4262989,0.5299235,0.65401304,0.1765526,0.15168811,0.25333363,43839.45936813099
271,300,0.7750233,0.43283764,3.3777635,1.4663453,0.52974516,0.63561803,0.21149829,0.15465967,0.27791038,43745.90998226858
272,300,0.59936935,-0.2563169,3.3864279,1.4256754,0.50413525,0.5536083,0.17935374,0.17665781,0.28398743,43847.61383879136
273,300,1.1394007,-1.2348258,3.4219294,1.4112552,0.5152018,0.64067584,0.18213972,0.15267666,0.27587855,43776.726340883055
274,300,-0.9301565,-0.17858909,3.3628426,1.4225552,0.5416354,0.60712785,0.1804362,0.15981397,0.27779537,43856.559783041695
275,300,0.29673317,0.82998616,3.2733011,1.4958552,0.57150626,0.60459304,0.24340752,0.16686738,0.26597726,43939.261158813264
276,300,0.41409135,-0.50723445,3.331135,1.4295485,0.58556783,0.63848335,0.18865766,0.15100314,0.2789188,43887.44708835286
277,300,-0.24133779,-0.87819034,3.3497229,1.4350424,0.4980465,0.49245295,0.1878061,0.19264734,0.28938425,43947.13246823108
278,300,-0.011145612,0.0114989,3.4143653,1.4603894,0.52262247,0.65531635,0.1789965,0.15014741,0.22758508,43859.99135609049
279,300,0.2982382,1.3263859,3.4509768,1.4087659,0.5020395,0.6178744,0.20695776,0.15784784,0.2701547,43798.38049524587
280,300,2.1495745,-0.090243846,3.3572025,1.4244888,0.53251946,0.5702575,0.17504914,0.16731904,0.28154737,43871.30547639227
281,300,-0.6006576,1.5522432,3.3758698,1.4667856,0.52947724,0.63229847,0.2031889,0.15600856,0.27115276,43763.8882732795
282,300,0.8020517,-1.846532,3.4167137,1.4762518,0.52327824,0.6582841,0.18144979,0.14953248,0.20236397,43965.24861745319
283,300,-1.0405992,-0.31560314,3.3382456,1.4760141,0.55562896,0.62774944,0.23795426,0.15681477,0.28313565,43805.14239625547
284,300,-0.8056265,-1.1183119,3.394019,1.4190652,0.50853276,0.5914117,0.1756014,0.1648269,0.28048497,43807.01840655064
285,300,1.4849256,-2.12389,3.3544872,1.4327236,0.5218664,0.57630384,0.19286805,0.17446311,0.2830726,43879.13007005554
286,300,1.5848205,0.6479678,3.2480583,1.4398344,0.55268925,0.47983852,0.17387122,0.19000861,0.28702834,44108.87825031748
287,300,-0.7781835,1.7367749,3.3869457,1.4218841,0.5042138,0.5633708,0.17560512,0.17212087,0.28214508,43834.71917092629
288,300,-1.68823,-0.112465985,3.396862,1.4178052,0.51066774,0.6036305,0.17554928,0.16163686,0.27969593,43797.23070432377
289,300,1.4015235,0.15843384,3.4149518,1.4284617,0.541273,0.59474653,0.20962685,0.16691673,0.27089152,43880.35108445849
290,300,0.17742614,-0.40178093,3.326061,1.4749405,0.565995,0.6252724,0.24240613,0.15716682,0.2854507,43828.57470579868
291,300,-0.25595766,-0.3480464,3.451362,1.4112729,0.50008404,0.6244961,0.2039991,0.15637392,0.27127048,43778.66078920805
292,300,1.3925184,1.0375856,3.3701305,1.4198749,0.54250276,0.62147206,0.17719385,0.15805005,0.27176243,43864.284212217746
293,300,1.5199949,1.7195894,3.248501,1.4426031,0.68660325,0.6464023,0.23516876,0.15075909,0.2837154,44075.71366183273
294,300,0.3557035,-0.47728628,3.371529,1.4316232,0.4973911,0.5043411,0.18143602,0.18936132,0.2872817,43912.72524172666
295,300,0.68981814,1.3018463,3.073146,1.4526069,0.8297516,0.63815737,0.2275325,0.14945231,0.2834495,44374.98434850257
296,300,0.22246316,-0.08837552,3.4139452,1.471323,0.52420264,0.6583588,0.18024153,0.14969766,0.2058202,43956.63445197166
297,300,-0.7967753,1.5480669,3.3895147,1.4231532,0.50875425,0.58372766,0.17990878,0.16866075,0.28258598,43817.509836482786
298,300,1.342622,-0.7399359,3.3707676,1.4216985,0.53836834,0.60994834,0.17944603,0.15926978,0.27743727,43845.29535170035
299,300,-0.3751471,-1.2261962,3.3539088,1.4222584,0.5480051,0.60657394,0.17785166,0.1616056,0.27259043,43894.85552490565
300,300,-1.446421,-0.4523503,3.4490829,1.4100168,0.50175154,0.6247459,0.20252919,0.15627602,0.27153513,43782.80389128506
301,300,0.66596717,-2.5345545,3.3381815,1.43446,0.5082472,0.5151003,0.19338079,0.18844324,0.28816423,43946.293713830215
302,300,-0.03926799,-0.9489328,3.4521396,1.4089115,0.50051135,0.6205697,0.2063714,0.15718168,0.27055675,43790.666273960625
303,300,-0.81527567,1.801214,3.0768347,1.4427271,0.72220004,0.5856147,0.20314279,0.15577121,0.28244895,44296.585311109855
304,300,-0.3650552,-1.7913276,3.3407097,1.4287058,0.5158675,0.51278216,0.17387661,0.18196769,0.28439695,43938.861560228856
305,300,-0.18505368,-0.8076485,2.942267,1.4556313,0.9298072,0.6325405,0.2270005,0.14959855,0.28423733,44610.786933745905
306,300,-1.1888592,-0.5068163,3.404216,1.4170624,0.51706535,0.6394356,0.17741783,0.1533595,0.27733076,43775.795813282995
307,300,0.1839255,-0.38548976,3.4085522,1.4199162,0.51521945,0.6445399,0.1774652,0.15175043,0.2759407,43762.58938079922
308,300,0.15647626,-0.21634398,3.394774,1.4189008,0.5324538,0.63492906,0.17943498,0.15394425,0.2770135,43803.05238515058
309,300,-1.0455246,-1.084856,3.2269087,1.4420419,0.68675435,0.6391685,0.20841664,0.1501894,0.2813284,44078.43770689105
310,300,0.08658318,1.419255,3.3716965,1.4583586,0.52669805,0.62872124,0.19789322,0.15688445,0.26574823,43794.8028624485
311,300,0.947252,-0.15501009,3.3960476,1.4183145,0.526474,0.6286664,0.17721806,0.15522683,0.27621636,43801.06643675342
312,300,-1.1476109,-0.35811406,3.3705108,1.4226208,0.5530937,0.6332196,0.176707,0.15657376,0.26568145,43884.45821097453
313,300,0.8689635,0.27687192,3.4172497,1.416009,0.5220095,0.6307379,0.18845591,0.15606743,0.2741463,43802.295555214194
314,300,0.27451634,-0.8909151,3.3899364,1.4205217,0.5075341,0.58060735,0.17524835,0.16721943,0.2811597,43816.12895485613
315,300,-0.222477,-0.8589199,3.3546662,1.436325,0.49037614,0.47123373,0.18258995,0.19658467,0.29023772,43957.64397205308
316,300,-0.099008314,-1.0506538,3.3529491,1.4469204,0.5622535,0.6323131,0.23816091,0.15449668,0.2860807,43840.41718045233
317,300,-0.42231482,0.10471403,3.388314,1.4205868,0.5111151,0.58608437,0.17501792,0.16526288,0.28068656,43813.71391646888
318,300,1.0217906,-0.55254066,3.3656564,1.4299073,0.52102625,0.5904486,0.18969205,0.16981366,0.28197747,43852.07539503682
319,300,-1.7232282,1.7975394,3.1682835,1.4476764,0.64381045,0.50138897,0.18026319,0.1827258,0.28348774,44263.06948997659
320,300,-0.87916064,-0.2311016,3.3326998,1.4298116,0.5495926,0.5647112,0.1762124,0.16797835,0.28137898,43911.098501989625
321,300,-0.8963697,-1.962732,3.3684688,1.4219296,0.5407748,0.6128784,0.1776555,0.15956149,0.274051,43859.76052881845
322,300,-0.8358561,-0.9420936,3.3891501,1.4215206,0.5050304,0.55954415,0.17704113,0.17451404,0.282893,43845.61694596522
323,300,-0.7891022,0.0012484558,3.382267,1.4216439,0.53047115,0.6300882,0.18007337,0.15370722,0.2784348,43799.13442129896
324,300,-1.0326431,-0.43674833,3.3432324,1.434389,0.48665643,0.46259367,0.17895573,0.19793494,0.29062143,43977.31951502604
325,300,-1.3597807,-0.041400813,3.3461356,1.4263171,0.55738133,0.59827256,0.17778505,0.16085581,0.27922022,43883.378012722256
326,300,0.5969065,-0.9872867,3.360763,1.4254886,0.5424545,0.62473804,0.18225335,0.15407681,0.27903873,43824.65009129482
327,300,0.46616644,-0.37024245,3.2544613,1.4720465,0.55036426,0.5717241,0.22830918,0.18133384,0.24828866,44105.32610781611
328,300,0.30833125,-1.3780835,3.320313,1.4760789,0.5389216,0.6080996,0.21732476,0.16433185,0.25276864,43910.12651597668
329,300,-1.4465348,0.800298,3.247661,1.4370885,0.6665422,0.6382093,0.20020828,0.15058227,0.28057534,44043.73838355275
330,300,0.93612915,0.6783801,3.3525598,1.424725,0.56403494,0.62592417,0.1769148,0.15875413,0.26367086,43925.522914821166
331,300,-2.994613,0.8809376,3.1723063,1.442071,0.7300776,0.63374263,0.2056005,0.15040824,0.28114986,44178.60013951785
332,300,-0.71994054,-0.8935744,3.370591,1.4233358,0.5465457,0.63548976,0.18184721,0.15194085,0.2785378,43819.16472740969
333,300,0.54012305,2.290467,3.3666549,1.4262402,0.5083087,0.5369729,0.17437428,0.17694631,0.28322834,43876.952423823386
334,300,0.966768,0.5080679,3.3747656,1.4302558,0.49852747,0.5108675,0.18074371,0.18778184,0.2867254,43904.28116995278
335,300,-0.40123472,-0.8000825,3.4035673,1.4230866,0.5350401,0.6231231,0.18986513,0.15793481,0.27495217,43821.88297675252
336,300,-0.89546657,0.3869025,3.3568377,1.4241455,0.5465456,0.60480285,0.17807974,0.16146721,0.2737164,43882.87608542593
337,300,-0.3559515,2.5402317,3.4352736,1.4769174,0.50761294,0.6505195,0.18899216,0.15174253,0.25403333,43703.64670646662
338,300,-0.8517292,1.8227236,3.2888355,1.4343479,0.5787688,0.56194824,0.18135403,0.17171712,0.27294052,44029.21063196816
339,300,0.67746216,0.05182039,3.3446846,1.4251419,0.5525547,0.5989039,0.17828378,0.16323614,0.27283415,43910.791842563805
340,300,-0.596314,-0.052567296,3.2909906,1.4318743,0.5826378,0.61143494,0.18849856,0.15487173,0.2800945,43926.42691175819
341,300,1.221385,-0.19284183,3.27877,1.4398127,0.65311813,0.64633614,0.22839084,0.1507413,0.2827211,44012.68466156624
342,300,-0.6522936,-0.52118933,3.3513143,1.4350556,0.57260156,0.63371485,0.23872963,0.15340312,0.2860298,43873.79375045432
343,300,-0.04932407,0.2390336,3.3198576,1.4347637,0.60652834,0.64527303,0.20794672,0.1506192,0.2804836,43921.35301646596
344,300,-2.0042157,0.37687653,3.3728642,1.4639564,0.5348222,0.6350213,0.21777223,0.15462883,0.27972877,43760.12610639445
345,300,-0.56643987,-0.30769128,3.440425,1.4707408,0.5034398,0.6452649,0.19417761,0.1527124,0.2599828,43692.73214079619
346,300,-1.6326345,-1.5677677,3.4369073,1.419901,0.50635374,0.6386819,0.18925825,0.15348685,0.27396148,43751.18988602906
347,300,-0.97117066,1.4263169,3.3747716,1.4229501,0.5370689,0.61243963,0.17853647,0.15897554,0.2759772,43839.95077972324
348,300,0.87672675,-1.8269113,3.23096,1.4330858,0.59655625,0.5462796,0.18872224,0.17352672,0.27912748,44110.17554002185
349,300,0.28427967,1.7426687,3.268579,1.4335606,0.57422453,0.58382034,0.18925996,0.16197403,0.28025204,43969.80280096014
350,300,0.45730963,0.9623417,3.4090421,1.4430578,0.52892256,0.6582237,0.1773139,0.15092874,0.229045,43901.54111326784
351,300,0.45248908,0.097896144,3.4020948,1.4166183,0.5131316,0.6166513,0.17633197,0.15912254,0.2790627,43790.11339172155
352,300,-0.8137945,-1.4491177,3.3424177,1.4397296,0.48664075,0.46145877,0.18387003,0.19835642,0.2917413,43968.798023887415
353,300,0.010349315,0.72003376,3.2087443,1.4460843,0.7171236,0.64637333,0.2321643,0.15012747,0.2834003,44134.35446646711
354,300,-1.2527953,0.7774904,3.2136173,1.4457035,0.71258986,0.6464405,0.23243533,0.15016858,0.28342074,44125.88681657427
355,300,-0.53527015,0.025405208,3.3635948,1.422847,0.5432224,0.60956687,0.1778196,0.1603595,0.27388036,43869.468541971175
356,300,-0.21694957,0.44539326,3.33436,1.4341353,0.50194174,0.4858336,0.17352483,0.19021924,0.2864986,43962.51536095377
357,300,0.09772497,0.5829537,3.3427634,1.4752276,0.5526553,0.62863046,0.23613083,0.15657023,0.28261828,43798.4091456947
358,300,-0.5324899,0.6450553,3.372075,1.4197694,0.5395963,0.6179331,0.1773471,0.1585842,0.27337176,43856.8732397368
359,300,-0.49610233,-0.074804984,3.1424253,1.443805,0.7464843,0.6302259,0.20686011,0.15045305,0.28135985,44222.31168935615
360,300,-0.4304619,1.1493794,3.326441,1.4312909,0.60560673,0.6437046,0.23255488,0.15169136,0.28229854,43940.63767261088
361,300,1.1483506,-0.9108504,3.4177644,1.41746,0.5237166,0.62649584,0.19134754,0.15736471,0.27367526,43810.104697273266
362,300,-0.029856121,-0.11817078,3.4326532,1.4104522,0.5114584,0.6326666,0.19041875,0.1546064,0.27394077,43784.27011233224
363,300,0.2711702,-0.80149686,3.3501534,1.4297851,0.58104056,0.6452967,0.21390367,0.15129283,0.2808227,43882.19961759807
364,300,-1.0002153,-1.5447711,3.4080217,1.4315453,0.5336403,0.65693736,0.1768326,0.15166607,0.24129647,43881.062280890204
365,300,-0.86026245,0.32830128,3.3368347,1.4300237,0.51285636,0.50437045,0.17369005,0.18434344,0.28493458,43949.78052529085
366,300,0.4178537,-0.040018726,3.3573287,1.4291968,0.49136055,0.4810504,0.17680508,0.1935144,0.28756297,43954.778699835086
367,300,-0.43918952,0.18133843,3.3861983,1.4227936,0.50953525,0.5837667,0.18113714,0.1690735,0.28291047,43823.77484556759
368,300,0.45615304,-0.35757902,3.2225382,1.4388729,0.67741495,0.6330248,0.19996414,0.15066753,0.2804672,44075.622797785945
369,300,-0.5226194,1.0429776,3.0489662,1.4558377,0.8550562,0.641248,0.23469292,0.14942431,0.28436732,44421.72127395223
370,300,1.2248706,0.064856105,3.3671207,1.4255569,0.5629613,0.6405753,0.22281924,0.151982,0.2819706,43860.96453289552
371,300,-0.66772026,0.3269626,3.356581,1.4250712,0.5360822,0.57713675,0.17540517,0.1655749,0.28113276,43866.985642081294
372,300,-0.02852887,-0.32473028,3.3541584,1.4254354,0.54669964,0.5944267,0.17681453,0.16160044,0.27960917,43866.387149280024
373,300,-0.27682298,1.1239053,3.353165,1.4816103,0.539729,0.62569606,0.22079784,0.15858121,0.27116764,43790.30631853616
374,300,0.7231005,0.024612125,3.3619049,1.4779614,0.5355847,0.63095134,0.22019175,0.15682134,0.27604824,43763.84284476592
375,300,-0.7290447,0.1965574,3.4357204,1.4102392,0.5088622,0.6332555,0.19134432,0.15431237,0.27389634,43778.71608145254
376,300,-0.78262913,-0.1103893,3.3311384,1.4293392,0.5620525,0.5828033,0.17777425,0.16395599,0.27994633,43911.40775532344
377,300,-0.10321885,0.41059852,3.3617384,1.4316336,0.52310944,0.59241354,0.19211853,0.16972211,0.28120425,43857.7375322238
378,300,-2.7773592,1.151734,3.4304097,1.4613836,0.5095431,0.64737475,0.18590923,0.15183902,0.2650359,43699.972292354134
379,300,-0.790523,-0.9073001,3.1715791,1.4476335,0.7427951,0.64070016,0.2211506,0.14982727,0.28255448,44187.459412585245
380,300,0.38432342,1.0097119,3.3513486,1.4304347,0.57749826,0.6457689,0.20589784,0.15096378,0.28011158,43869.99620772851
381,300,-0.96808213,0.4770681,3.3707507,1.4218305,0.5381239,0.6107383,0.17959958,0.15898311,0.27761215,43842.96342453699
382,300,-0.045113303,0.079121724,3.1901999,1.4412386,0.6998914,0.6295451,0.20197764,0.15073173,0.28077567,44127.71081015906
383,300,1.3554426,-0.39814812,3.3568745,1.4282647,0.56153566,0.61119634,0.18157543,0.15837371,0.2778765,43870.03283481607
384,300,-0.3848798,0.09435159,3.408542,1.4187219,0.52805805,0.6311169,0.18579358,0.15574649,0.27535975,43804.44511184903
385,300,-0.39791209,0.7825789,3.4206066,1.4123363,0.51748157,0.6363628,0.18521103,0.15425436,0.2746006,43790.422590289054
386,300,-1.6018361,-0.8871809,3.3090973,1.4269307,0.56061596,0.5886866,0.18560177,0.16227204,0.27874625,43932.57544710453
387,300,0.7666632,0.3562928,3.3579493,1.436154,0.57495266,0.597094,0.19413161,0.16354726,0.2759853,43911.99062489615
388,300,0.5785215,0.34965447,3.4434218,1.413363,0.51261574,0.60546887,0.2125966,0.16345531,0.26693895,43848.44921666202
389,300,1.0289356,-0.07228701,3.348302,1.4267644,0.55025274,0.5935875,0.17997697,0.16338658,0.2757333,43895.47109952823
390,300,0.3595044,-0.14456682,3.3060913,1.4335743,0.62935776,0.64097244,0.24093632,0.15202023,0.2844349,43984.17664861369
391,300,0.2509981,1.054758,3.3837798,1.423057,0.5022076,0.53936046,0.1771339,0.17978042,0.28403112,43871.39932312128
392,300,0.5232767,-0.17154633,3.379382,1.4530921,0.5340864,0.6362846,0.21477513,0.15396444,0.28067687,43767.30189896543
393,300,1.7746586,-0.3931532,3.3653796,1.4242407,0.54224896,0.60705584,0.1786032,0.16042654,0.27507287,43861.438912960155
394,300,-1.4465779,-1.5826856,3.3152237,1.4398053,0.5124808,0.5029531,0.19976509,0.19189717,0.2891134,43986.968970518275
395,300,-0.31088617,0.097400166,3.366406,1.4680836,0.53084075,0.62740487,0.20468277,0.15740786,0.26576328,43793.08712409842
396,300,0.15650654,0.23218104,3.3612607,1.4355159,0.49496067,0.48901185,0.18391001,0.19296291,0.28886944,43934.03569883419
397,300,-1.424061,-0.49331987,3.263779,1.4433234,0.6314014,0.56245416,0.18611652,0.16842651,0.2797956,44071.63642767147
398,300,-1.1335928,0.99675965,3.3829577,1.421441,0.52978194,0.6298692,0.17999224,0.15380087,0.27842972,43798.47262121783
399,300,0.9605572,0.22584048,3.3678312,1.4280435,0.49513757,0.5045485,0.17563573,0.18737692,0.28561142,43912.76994054421
400,300,0.82455724,0.53117836,3.2438507,1.4486837,0.658473,0.5492784,0.19257437,0.17175856,0.27883673,44147.83311769049
401,300,0.21950956,0.39306292,3.1561315,1.4430064,0.7445388,0.6333109,0.20698886,0.1503594,0.28132236,44208.89065366832
402,300,0.95008844,-0.1513572,3.394546,1.422797,0.532793,0.6408542,0.20379059,0.1520909,0.28032655,43798.03053935212
403,300,-0.44816536,-0.64933795,3.3949566,1.4201972,0.5345396,0.64396566,0.1959213,0.1515659,0.27864385,43801.967965458985
404,300,-0.015682112,0.16092817,3.3672142,1.4225501,0.5425833,0.61039764,0.17696396,0.15840851,0.27874884,43842.51709294729
405,300,-1.3479254,-0.7615734,3.45532,1.4871633,0.49379632,0.6441131,0.20918421,0.15382053,0.24373314,43711.43170399313
406,300,-1.7558906,0.45093447,3.3781781,1.429042,0.5020602,0.53399444,0.18154757,0.18210606,0.2856534,43873.9018308229
407,300,-0.7047003,0.9432607,3.4262328,1.4791443,0.51923037,0.6543908,0.18435365,0.15086025,0.22992682,43808.111142106885
408,300,0.2847906,-0.30937758,3.3704133,1.4591389,0.5270608,0.628193,0.19852522,0.15706193,0.26539743,43797.04573925084
409,300,1.1452621,0.34649444,3.383799,1.4249458,0.5447642,0.62368035,0.1838755,0.15672722,0.2767169,43830.86732281951
410,300,-0.058586553,-0.3175431,3.3751338,1.426895,0.5173683,0.59178466,0.18591449,0.16817133,0.28236222,43834.36493573323
411,300,-0.5028167,2.4124537,3.2683272,1.4935498,0.5647293,0.5965023,0.23845564,0.16864468,0.24720654,44015.1484349609
412,300,0.9101789,0.3172182,3.3505151,1.428012,0.57677007,0.63877624,0.17691216,0.15740547,0.2544408,43962.91156373259
413,300,0.33003512,2.2259443,3.4658523,1.4307199,0.48871738,0.6222042,0.21604668,0.15794306,0.2672541,43741.47375209804
414,300,1.6315974,0.37775916,3.2025356,1.4426893,0.66721463,0.5373838,0.18287495,0.17444295,0.28162587,44213.47952226888
415,300,-0.52867067,-0.10800384,3.4172072,1.4503554,0.5201718,0.6511795,0.17852645,0.15065326,0.2511847,43778.94211466293
416,300,0.2863437,0.60884386,3.3930438,1.4191093,0.537033,0.6409942,0.17637748,0.15393612,0.26961002,43829.833716663146
417,300,-0.83963245,-1.3682451,3.3625233,1.4283417,0.49282628,0.48640734,0.17724043,0.19248322,0.28723016,43946.516613100255
418,300,-1.808144,0.41133425,3.3908787,1.4189038,0.5257776,0.6305345,0.17898759,0.15401927,0.27790233,43794.21549446235
419,300,-0.34791216,0.15634897,3.342913,1.4622475,0.5325296,0.6149063,0.20667711,0.16272607,0.25989708,43868.609325302765
420,300,-0.8589724,-0.8989422,3.1558743,1.4466491,0.750335,0.637452,0.21468046,0.14997998,0.28224927,44209.2169315534
421,300,1.0085973,0.52759737,3.397723,1.4196529,0.5123897,0.612114,0.17827675,0.16065952,0.28027874,43790.86070095624
422,300,0.24664895,0.60799253,3.4202414,1.4199432,0.52623856,0.6170794,0.19814365,0.16028094,0.27231634,43828.32103636612
423,300,1.4944845,-2.069985,3.4336503,1.4578431,0.50768715,0.6451841,0.18854277,0.15240744,0.26622218,43701.94830267009
424,300,-1.1460004,0.047066096,3.4218729,1.47701,0.52117556,0.65555847,0.18264253,0.15024,0.21915874,43865.380136565334
425,300,0.045134015,2.339625,3.4455345,1.4660203,0.5005647,0.64151907,0.19807056,0.15360932,0.26187378,43693.66455455141
426,300,-1.0793432,-0.11422555,3.330224,1.4361244,0.50815654,0.507079,0.19524384,0.19039369,0.28878427,43963.460705809455
427,300,-0.9228233,-1.4513385,3.3057494,1.4303765,0.5607285,0.5976429,0.186672,0.15936978,0.27981275,43910.3072123212
428,300,-0.20035347,-1.7140461,3.2659237,1.4366181,0.62024033,0.5610737,0.18085341,0.16879915,0.28061303,44064.16826718248
429,300,-0.64295256,0.15011522,3.340819,1.4276991,0.5510467,0.6172652,0.18404791,0.15523899,0.27949303,43852.42047277397
430,300,1.1880298,0.3169426,3.3614817,1.4344146,0.52502126,0.6001699,0.19398166,0.16804385,0.27873766,43854.85014301655
431,300,0.5383296,-0.14244542,3.4249537,1.4820542,0.52101773,0.6561549,0.18445086,0.15041041,0.21541485,43875.21682585114
432,300,-1.6263219,-0.13482246,3.3718953,1.4208618,0.5345885,0.6192328,0.18068187,0.1562698,0.27806646,43826.38967262025
433,300,2.2697546,-1.4543657,3.359799,1.428974,0.4918284,0.48218346,0.177273,0.19344339,0.28758734,43952.7854875231
434,300,-0.024326125,-0.7380309,3.1607575,1.4428532,0.72712624,0.62976193,0.20492317,0.15055768,0.28109056,44184.41114068161
435,300,-0.36918184,-0.23937918,3.3818173,1.419246,0.52773696,0.60823345,0.17549944,0.15910923,0.27938837,43818.284683524995
436,300,0.8644362,-0.742165,3.3472753,1.4826275,0.54160154,0.6233866,0.22116756,0.15942733,0.26829085,43807.81671649567
437,300,1.1172835,-1.5639046,3.396955,1.4368613,0.5242368,0.6404388,0.19690818,0.1527006,0.27893972,43759.239792902255
438,300,0.8449956,-0.67559385,3.1846366,1.4438626,0.75678504,0.6423564,0.24821281,0.15199098,0.28672534,44220.80321762061
439,300,-0.30911446,-0.23346666,3.4026418,1.4186627,0.53237486,0.6486904,0.17639421,0.15232226,0.26687282,43820.13262334168
440,300,0.44702417,0.10572,3.4162962,1.4127592,0.5171785,0.6451585,0.17794654,0.15172623,0.27688277,43771.306246407126
441,300,-0.13288058,-0.29779088,3.1815429,1.4387667,0.6789487,0.61120784,0.19766812,0.15299255,0.28176332,44123.60225745414
442,300,-0.017020414,0.37915173,3.309161,1.4329438,0.5711106,0.5638845,0.17790069,0.16794334,0.28082472,43957.55377861034
443,300,-0.36469355,0.15670386,3.4337687,1.4120684,0.50903904,0.6367924,0.18866192,0.15359098,0.27462012,43770.15731214047
444,300,0.16066119,-0.95264494,3.3236372,1.438976,0.48277235,0.45946968,0.17475499,0.19803482,0.290418,43979.25542364193
445,300,0.017515613,0.32362577,3.394329,1.417408,0.527418,0.6296607,0.17683308,0.15531667,0.27545136,43807.79423911621
446,300,0.5210649,-0.57578796,3.4015274,1.4191731,0.51785135,0.63795614,0.17885993,0.1540538,0.27710643,43779.01491157728
447,300,-0.033319283,-1.5308034,3.4134371,1.4138055,0.5197609,0.6455952,0.17608775,0.15179513,0.27510238,43778.63764531634
448,300,-0.6532847,0.078514025,3.4230506,1.4724047,0.5202262,0.65346485,0.1822348,0.1507481,0.2360014,43795.75067234887
449,300,-0.26773354,-1.1280113,3.4009666,1.4168593,0.52275413,0.63244367,0.1773373,0.15415846,0.27734554,43788.11868556949
450,300,0.52389103,0.08842209,3.3861308,1.4607792,0.5255656,0.63659626,0.19994654,0.15460618,0.27471256,43744.81215359505
451,300,0.01862737,1.054325,3.3815274,1.4216338,0.53366697,0.61737764,0.17818724,0.15780923,0.27614358,43826.76880740957
452,300,0.46629006,1.7148316,3.38838,1.4178202,0.53380454,0.6320493,0.17663185,0.15528844,0.27277866,43827.48152876302
453,300,0.08617684,2.190898,3.2828698,1.4390979,0.6408191,0.6439234,0.211232,0.15039761,0.2810364,43985.27114281784
454,300,0.030601824,-0.069641575,3.266667,1.4377265,0.5483452,0.48680308,0.17395316,0.18804431,0.2864189,44076.40472200529
455,300,0.2891205,0.41287082,3.4138808,1.4226688,0.5216322,0.6504932,0.1764308,0.15135397,0.26346302,43797.02137507197
456,300,0.4537819,-1.8297404,3.3764503,1.4223585,0.5362898,0.6133786,0.17855838,0.15869541,0.27621698,43836.83377479688
457,300,-0.5215797,-1.1846865,3.294489,1.4340322,0.5904945,0.5676378,0.17920141,0.16725652,0.280433,43992.43804360124
458,300,0.1508182,-0.25547078,3.4143708,1.4131824,0.51787084,0.64413315,0.17608637,0.15185821,0.2763809,43773.20019495039
459,300,0.87583274,-0.11510747,3.3076282,1.4338602,0.51597166,0.4824206,0.17323002,0.190074,0.2865181,44010.80078240932
460,300,-0.6250274,-0.3903927,3.4146116,1.4161786,0.52065814,0.6481563,0.17617461,0.15153852,0.27127522,43784.60206923058
461,300,0.28601253,0.9785673,3.3623343,1.4293106,0.50501966,0.5306017,0.18676978,0.1839474,0.28689986,43901.32530621778
462,300,-2.2555642,-1.0225068,3.342752,1.4336065,0.5089318,0.52172893,0.19244331,0.18686637,0.28767207,43934.670730960635
463,300,2.116791,-1.6108783,3.013685,1.4546717,0.8732985,0.6349865,0.22688586,0.14946102,0.28393772,44476.215229342146
464,300,-0.6743327,0.031830557,3.4374905,1.4286572,0.5056502,0.6396365,0.18948406,0.1533762,0.27265066,43736.3831313514
465,300,0.29871365,0.91064566,3.4649582,1.462806,0.4879161,0.62926453,0.21556619,0.15684369,0.2593557,43700.51021646275
466,300,-0.8958158,0.5483281,3.4005244,1.4185454,0.5331459,0.6470062,0.17633028,0.15273255,0.26808512,43820.65834892226
467,300,0.9304085,-0.17531641,3.341077,1.4705873,0.55703604,0.6281733,0.23829311,0.1563204,0.284344,43809.9597665138
468,300,-0.49901664,0.021351224,3.274632,1.435013,0.6320883,0.6349549,0.194756,0.15084192,0.27976608,43982.21226509783
469,300,1.5877615,-0.6432576,3.4225802,1.4517976,0.5161539,0.64859986,0.18065158,0.15146028,0.26584244,43724.034807972705
470,300,0.38273242,-0.03424228,3.3266182,1.4306234,0.55591285,0.566183,0.17679226,0.16759476,0.28100365,43922.544673498
471,300,-0.15602389,1.0490932,3.292963,1.4604924,0.5414845,0.5726332,0.22013804,0.18056661,0.26272905,44015.70535085373
472,300,-1.6064397,-1.3730536,3.2586613,1.4361621,0.6348095,0.627937,0.19404992,0.15143225,0.28034294,43997.38352340276
473,300,-1.3342584,-1.3467175,3.373009,1.4667537,0.53002036,0.63091993,0.20295334,0.15643993,0.26910964,43774.251812554285
474,300,0.60413677,-1.6295836,3.3885427,1.4185785,0.53046703,0.6257084,0.17703772,0.15628885,0.2751438,43818.86176904576
475,300,-1.2597873,0.028620504,3.3483016,1.4334607,0.4883317,0.4739649,0.17549355,0.19483617,0.28820246,43957.686389177165
476,300,1.2605689,-0.100393504,3.3691907,1.4253991,0.562305,0.6442474,0.1767725,0.15550303,0.25723553,43915.996802204965
477,300,0.04949498,0.4938368,3.31674,1.4303373,0.5845024,0.5869264,0.17937861,0.16328634,0.27959716,43949.89429801104
478,300,-0.120406635,-1.479316,3.4307382,1.4320726,0.50932205,0.6425162,0.18547526,0.15266588,0.27292386,43733.25344403393
479,300,1.4219756,0.45636335,3.3714952,1.4709883,0.5316644,0.63113004,0.20763057,0.15648572,0.27153823,43766.27536681369
480,300,-1.1046166,-0.030936258,3.329027,1.4337494,0.5983859,0.6458591,0.21098141,0.15075378,0.28069454,43908.43273613083
481,300,-0.34069234,-1.2631729,3.3676572,1.432157,0.5239419,0.60488486,0.19165535,0.16612294,0.27887872,43842.15058239765
482,300,0.067492254,0.016338084,3.1728086,1.4451725,0.6886054,0.52748716,0.1836419,0.17684478,0.282023,44284.38659929229
483,300,-0.98551077,-1.471835,3.2679203,1.4378667,0.55215704,0.4912739,0.17427617,0.1865828,0.28608668,44071.2326816349
484,300,-0.84832054,-0.32566947,3.3610103,1.4320135,0.52359486,0.5929942,0.19265766,0.16965798,0.28100416,43858.79190177465
485,300,-0.26800337,0.8024564,3.3932796,1.4185126,0.5271837,0.62620115,0.17767034,0.15566167,0.2768423,43803.953238621194
486,300,-0.7994224,0.2407875,3.253192,1.4352434,0.58409846,0.5869826,0.19066292,0.16028799,0.28093767,43982.91220856103
487,300,-0.35687152,0.54565734,3.321531,1.4345554,0.60448474,0.6449541,0.20621176,0.15061375,0.28032213,43916.98607814273
488,300,-0.5654978,0.4760314,3.248982,1.4389112,0.63632524,0.5581679,0.18216588,0.16997588,0.28070262,44104.08141333382
489,300,0.21348006,-1.2085737,3.3897395,1.4383721,0.5306033,0.6387458,0.20747946,0.15304047,0.2805996,43774.39971609596
490,300,-0.36555108,0.9380925,3.3817003,1.4228541,0.50118285,0.53697276,0.17659481,0.17975654,0.28374434,43873.726158598794
491,300,-1.3804307,-0.53591454,3.3541107,1.4729445,0.5449238,0.63102895,0.23033416,0.15590194,0.28124005,43780.76638550271
492,300,-1.405963,-0.5900577,3.4308934,1.410759,0.5108873,0.6367806,0.18744233,0.15354165,0.27480775,43775.57779447494
493,300,0.7539915,1.0653155,3.3703628,1.425447,0.5583465,0.63964933,0.22251856,0.15206525,0.28210813,43852.42910780617
494,300,0.91722155,-0.057042867,3.3820405,1.4198645,0.54175794,0.6334508,0.17655703,0.15566514,0.26977068,43849.28692066993
495,300,-2.6591723,0.60631955,3.3903315,1.4199542,0.5060024,0.5728203,0.17606765,0.16999891,0.28160486,43828.347337565894
496,300,0.105232134,-0.09165941,3.4007068,1.4158508,0.5240394,0.6342465,0.17658564,0.15420477,0.27572143,43796.44479156839
497,300,-1.1474687,-0.43782005,3.3014445,1.4326006,0.61002177,0.6365681,0.19199918,0.15091269,0.27938968,43936.80508248502
498,300,-0.45380405,0.40326455,3.3017554,1.4374648,0.5043669,0.47013617,0.17288256,0.1941059,0.2879861,44014.961857984985
499,300,2.259309,-0.042257152,3.364973,1.429834,0.5202863,0.5865334,0.18954611,0.17081471,0.28250855,43855.24511108511
0,400,0.0076174983,0.88686466,3.4160404,1.4481058,0.54197806,0.6521707,0.24417749,0.15254949,0.27602744,43793.87726433473
1,400,-0.52886987,0.17371185,3.4189482,1.4501427,0.53148705,0.65747595,0.24864765,0.15400034,0.2765209,43784.94117656539
2,400,1.9559124,0.39009333,3.3930912,1.4520888,0.47525808,0.5932202,0.18983766,0.16590013,0.2823925,43703.353878556256
3,400,0.8416313,-0.24945858,3.3225598,1.4482185,0.50803936,0.56773317,0.1821753,0.17166017,0.28938186,43817.17635632071
4,400,-0.15503581,0.06606026,3.3970833,1.4479122,0.5635134,0.65038,0.17980348,0.1500764,0.27394027,43780.963844055885
5,400,-0.3119761,-0.84029037,3.328045,1.4484254,0.5089312,0.56258804,0.21632557,0.17626667,0.2902676,43858.98789860656
6,400,2.4884417,1.6959696,3.338916,1.4479468,0.5430574,0.62262607,0.17908402,0.15659964,0.28166592,43798.86346436758
7,400,0.99090916,-0.1867091,3.3526235,1.4537141,0.5675793,0.6523973,0.19583586,0.14961618,0.2718513,43823.191958570096
8,400,-1.6324233,-0.06713416,3.3876307,1.4508936,0.48970315,0.61069524,0.18455374,0.16122541,0.28074193,43710.98009884711
9,400,0.8253722,-0.29832315,3.3844404,1.4485826,0.5549419,0.65199107,0.21057235,0.15045992,0.27360475,43803.46930018083
10,400,-1.5096616,-0.2773914,3.414406,1.4533803,0.49600875,0.6029159,0.18065445,0.16742454,0.28453332,43708.0621497959
11,400,-0.79991364,-0.22007579,3.42364,1.4549456,0.49703172,0.6004101,0.18013036,0.16859832,0.2852388,43702.16948092591
12,400,1.3277828,-0.10128149,3.3390155,1.447829,0.5444792,0.6238872,0.18033653,0.15644538,0.28183085,43800.7708821486
13,400,-1.4227949,1.9223248,3.4275193,1.4461737,0.5327591,0.6551169,0.24881142,0.15390447,0.2766883,43786.40457007968
14,400,-1.540797,0.06326199,3.390231,1.4532897,0.475032,0.5958978,0.19113664,0.16443105,0.28149498,43699.917124077634
15,400,0.42258036,0.5474806,3.3732066,1.4552346,0.51270527,0.5700064,0.18134041,0.16400068,0.28277838,43751.8443704809
16,400,0.9424681,-0.26759475,3.3385313,1.4559584,0.57275265,0.64900017,0.206818,0.14994143,0.27133,43846.507683931464
17,400,-0.67246044,-0.35955316,3.385244,1.4483207,0.55540174,0.64939976,0.21004154,0.15112999,0.27439162,43803.705270251354
18,400,-0.13370156,1.0777438,3.4900866,1.4686421,0.50650716,0.6373211,0.21068412,0.1561828,0.27957094,43635.97443201437
19,400,0.9208588,0.31872764,3.2915869,1.4444674,0.48627973,0.50488925,0.19656429,0.18884537,0.2960385,43920.14465568732
20,400,-0.39522898,-1.1594205,3.390833,1.4489654,0.566156,0.65438676,0.17529121,0.14945719,0.27117303,43789.54504443122
21,400,-0.679593,-0.5643179,3.3359835,1.4460764,0.4791347,0.5424947,0.17528439,0.17644711,0.28897202,43794.85177028996
22,400,-1.0452534,1.2111453,3.427778,1.4464618,0.53779835,0.6412046,0.1867903,0.15212229,0.2755232,43736.316903265295
23,400,0.22425222,-1.6786884,3.425123,1.4463866,0.5352259,0.6541972,0.24816453,0.15347059,0.27654523,43788.495884003
24,400,0.040071458,-0.3277549,3.474069,1.473569,0.52979946,0.6447983,0.19685312,0.15263899,0.27740985,43651.67905148867
25,400,0.01050002,1.7858706,3.4091709,1.4470934,0.5427572,0.65373516,0.24257955,0.15214226,0.2752238,43801.19349895888
26,400,1.370989,-0.50984323,3.3366687,1.446804,0.495785,0.5697296,0.17621519,0.17060658,0.28710398,43787.86094511239
27,400,-1.1268258,-0.7306777,3.4297547,1.4546921,0.50801647,0.6111353,0.17805165,0.16536689,0.28533688,43698.863616779185
28,400,-0.40318832,0.94940555,3.3562312,1.450489,0.56534743,0.6504775,0.17944029,0.14945665,0.27229273,43809.09336206571
29,400,0.48111513,2.759355,3.3936691,1.4480462,0.5537477,0.6504305,0.22148034,0.1512676,0.27434108,43805.86669178859
30,400,0.51291686,-2.5412388,3.4193265,1.4510224,0.55573523,0.64926255,0.18262023,0.15063779,0.27465853,43752.03716168241
31,400,-0.27643284,-0.25957698,3.3154306,1.4486294,0.4805674,0.5157521,0.18070394,0.18562645,0.29304087,43855.859757439895
32,400,-0.4555325,0.017479159,3.3287332,1.4511089,0.5091371,0.5685197,0.21849048,0.17501277,0.2888149,43851.46250074312
33,400,-1.5023966,-1.7776669,3.4112697,1.4561689,0.5612011,0.65064085,0.1810529,0.1501742,0.274329,43753.52287096509
34,400,0.40234163,-0.6848101,3.4482143,1.4513109,0.5321431,0.6327139,0.1752047,0.15910362,0.28566998,43699.26458751051
35,400,-0.40155753,-0.46847606,3.340437,1.4485507,0.53491837,0.6178627,0.17718472,0.1578848,0.28130803,43790.749017538634
36,400,0.60815644,1.1149623,3.4139314,1.450256,0.54040885,0.63717496,0.17588352,0.1553575,0.28115624,43732.48156670896
37,400,0.92379653,-0.13256802,3.321055,1.4482061,0.4835667,0.527548,0.1792474,0.18256423,0.29189098,43838.240501450586
38,400,0.46637958,-0.09439251,3.4060025,1.4488065,0.53757674,0.6379709,0.18344243,0.15293342,0.27669707,43744.04197110406
39,400,2.4512298,-0.21120599,3.4392369,1.4775873,0.55365336,0.6568384,0.17779928,0.14886907,0.26596266,43705.03523363072
40,400,0.88518757,1.4737648,3.3928313,1.4786133,0.5449265,0.63503957,0.23492405,0.15602641,0.28133956,43747.8453870296
41,400,0.18970262,1.7025702,3.3543785,1.4456407,0.48734286,0.557438,0.17363827,0.16698363,0.2852953,43754.630856432326
42,400,-0.1734639,-0.51002955,3.4472394,1.4576616,0.5540101,0.66042274,0.17499626,0.14962076,0.2659526,43737.56499017912
43,400,-0.46684554,-1.4169061,3.3947244,1.4469271,0.55969375,0.64829504,0.18028973,0.15034573,0.273868,43780.7311195897
44,400,-0.7621145,-0.88778013,3.3402543,1.4654499,0.52741945,0.6143067,0.2082617,0.16033463,0.28039622,43784.36635564064
45,400,0.54261076,0.71593887,3.3289769,1.4474971,0.49401274,0.5560786,0.17772867,0.17483258,0.28910005,43808.5240232852
46,400,1.0996596,0.6552637,3.4085689,1.470439,0.5661593,0.6533662,0.17879553,0.1497088,0.27214935,43739.67984110751
47,400,0.33057675,0.94924647,3.3820574,1.4488714,0.5514185,0.6443629,0.17587408,0.15203725,0.27648696,43771.30202380395
48,400,1.9050636,-0.01477722,3.390666,1.4496169,0.553116,0.6477666,0.21784458,0.15193087,0.2761972,43798.60595563132
49,400,-0.813596,-0.5216415,3.3274713,1.4595958,0.5780814,0.6485453,0.22460312,0.15023129,0.2706827,43871.61982140005
50,400,-0.18375573,0.8246182,3.4057467,1.4519534,0.5292391,0.62868446,0.18444856,0.15443699,0.2780937,43728.873005207424
51,400,-0.9768954,-0.58957994,3.419981,1.446558,0.5503125,0.6456094,0.1841428,0.15115583,0.27447468,43755.66896257597
52,400,-0.8391294,0.99012136,3.3541915,1.4504423,0.5098208,0.57210135,0.17666596,0.1623533,0.28296864,43761.21602920074
53,400,-0.35399392,-1.3749512,3.464688,1.4895853,0.54520786,0.6529297,0.18826863,0.1505616,0.2725736,43651.91852177237
54,400,0.50538695,0.35924914,3.41262,1.4534572,0.5014043,0.60812664,0.17993054,0.16538438,0.28373632,43709.811129996495
55,400,-1.6388073,-0.7333128,3.4549272,1.4515569,0.55648386,0.6554685,0.17436522,0.1521328,0.27881044,43719.8718939807
56,400,-0.010056471,1.238007,3.4006014,1.4482573,0.5510978,0.6505791,0.23029685,0.15163422,0.27471986,43804.56958230748
57,400,-2.364174,0.020334182,3.335732,1.4485619,0.52193296,0.6000323,0.17805472,0.16265017,0.28429598,43790.537090414495
58,400,1.4665787,0.85255194,3.4590328,1.4829162,0.5468721,0.6505705,0.1888873,0.15063813,0.27398425,43665.05596017387
59,400,0.93184835,0.339965,3.4566445,1.4487126,0.5339303,0.64233446,0.19264889,0.15263662,0.2761088,43712.664806272376
60,400,1.3243587,-0.1722008,3.3801117,1.447202,0.55823827,0.6474228,0.17890644,0.15061985,0.274356,43787.19950331179
61,400,-0.46931073,0.8756957,3.4480162,1.4583337,0.5435738,0.64741313,0.18816024,0.15156648,0.2757167,43708.44761727988
62,400,-1.270485,0.9693967,3.3526492,1.4477466,0.5315261,0.61686873,0.17527205,0.15499938,0.27848178,43772.23053551649
63,400,1.867559,0.90604466,3.3166792,1.4462991,0.45738006,0.47120082,0.17623614,0.19559525,0.29607767,43889.84005332739
64,400,-0.64718145,0.47224715,3.3428974,1.4466943,0.4871611,0.5678744,0.17445135,0.16863188,0.28578642,43765.06481030722
65,400,1.0685093,-0.4533858,3.353352,1.4457035,0.50801486,0.5955991,0.17417784,0.15948343,0.2814499,43755.00671690498
66,400,-1.4219198,1.997956,3.3957722,1.4511286,0.5248805,0.6289936,0.17768453,0.15737408,0.27974057,43735.289498909326
67,400,-0.34745064,-0.5812685,3.3367739,1.4718595,0.51753455,0.60049796,0.21932608,0.16450855,0.28219587,43782.602691753986
68,400,0.068599224,-0.2722761,3.3568828,1.4445939,0.46149227,0.48556846,0.17220044,0.18537237,0.29190487,43816.61370284907
69,400,0.8733118,1.1997361,3.3786066,1.4495374,0.5235465,0.63385606,0.17834845,0.15488105,0.27763045,43745.16535484459
70,400,0.0014710003,-0.76670486,3.4703007,1.446651,0.5200823,0.6352294,0.1995289,0.15441203,0.27650857,43698.27346466059
71,400,0.42625874,0.676908,3.3936775,1.4480977,0.553725,0.65054595,0.22156733,0.1512402,0.2743048,43805.811350560136
72,400,2.0140603,-0.30676576,3.3319163,1.462422,0.57671225,0.6536153,0.23652393,0.15021098,0.27088535,43870.78018510789
73,400,0.6433145,-1.5706234,3.3825977,1.4529808,0.47662526,0.5975874,0.2050173,0.1587887,0.27749312,43705.57614755987
74,400,-1.6429653,-0.40607178,3.437375,1.4721358,0.5533112,0.65750235,0.17670076,0.14886044,0.2655207,43715.93320541536
75,400,-0.91800475,0.25249663,3.3354473,1.4477632,0.53377867,0.6071035,0.19021134,0.16191176,0.2856608,43810.15254808441
76,400,0.62523144,-1.6020577,3.328241,1.447066,0.52527857,0.5941931,0.18375525,0.16445677,0.28727016,43808.93188058589
77,400,-0.5096522,-0.4380743,3.3319893,1.4477206,0.5295293,0.59969914,0.19127223,0.16407774,0.28711557,43814.2709049909
78,400,-0.8031414,-0.46433768,3.3400211,1.4504023,0.5331341,0.6127486,0.19790123,0.160942,0.28256154,43810.42058588572
79,400,0.10058121,0.53916126,3.3597531,1.4523457,0.5383654,0.64060783,0.1875911,0.15071139,0.27336302,43774.7196943828
80,400,-0.36343777,0.77905124,3.3126757,1.4471623,0.47132486,0.49725822,0.17963506,0.19036703,0.29440445,43876.212763470874
81,400,0.49374178,-0.11610394,3.4523702,1.4851346,0.55203885,0.65718716,0.17972147,0.14900656,0.26509863,43686.247818396
82,400,-0.7742951,-0.26938978,3.3548803,1.4506983,0.4878917,0.53586143,0.17587167,0.16937432,0.28627318,43762.03335222748
83,400,-0.035742734,0.33601573,3.364222,1.4728353,0.55341434,0.6433334,0.19735885,0.15223628,0.27592373,43760.765518485496
84,400,-1.0574737,-0.55598503,3.4057355,1.4485314,0.5412211,0.65502596,0.24296741,0.15232538,0.2750966,43800.788993350776
85,400,-0.34796184,-1.3533889,3.329252,1.4478354,0.49627507,0.55957335,0.17793572,0.17387146,0.28881207,43806.37279041934
86,400,0.46079433,-0.40098616,3.429737,1.451376,0.5163602,0.6235122,0.18942232,0.15638255,0.27946103,43703.26137059785
87,400,0.43480796,0.54009444,3.4099402,1.4486068,0.56338996,0.65303916,0.17500834,0.15054826,0.27584434,43764.66839133434
88,400,0.46838522,1.735879,3.4184396,1.4507594,0.5248494,0.62918025,0.18658283,0.15486257,0.27839094,43718.98487925201
89,400,1.285984,-1.5069984,3.3466098,1.4628055,0.54283094,0.63265985,0.19470268,0.1545386,0.27695453,43781.16078959014
90,400,-0.20289683,-0.10988278,3.3547876,1.4542332,0.5361558,0.6372814,0.19612415,0.15091625,0.27310908,43779.24012841721
91,400,0.5559627,0.8924739,3.3405442,1.458269,0.5304571,0.61676276,0.20319563,0.16003966,0.28066242,43796.38987561164
92,400,-0.6126257,-0.82282835,3.3864307,1.4510897,0.49969018,0.61874723,0.18163835,0.15945391,0.2802496,43717.50514406458
93,400,-0.83218604,0.17233914,3.326871,1.4448262,0.46020833,0.4855155,0.17490616,0.19104972,0.29395735,43861.739186202496
94,400,-0.067275606,-1.3183959,3.3928351,1.450533,0.51618814,0.6250974,0.17856748,0.15857804,0.28028694,43730.74810023632
95,400,0.75194657,0.5629897,3.338144,1.4461842,0.48516822,0.5572948,0.17522402,0.17242284,0.2874807,43782.58383379413
96,400,-0.07311965,-1.2973796,3.351477,1.4517403,0.56639165,0.64896715,0.18557149,0.14958158,0.27215257,43816.80694406697
97,400,1.7549862,-0.13298842,3.4710636,1.4749469,0.54036796,0.66371644,0.17593557,0.14910282,0.2589428,43694.813573004416
98,400,0.69153875,0.6947491,3.3550043,1.4509091,0.5664783,0.65083635,0.18137722,0.14949244,0.2721126,43812.82036524899
99,400,-0.9443685,0.23810315,3.3860497,1.4484587,0.55198646,0.65323895,0.21899596,0.15074562,0.27363023,43806.64327546504
100,400,0.777277,-0.29104146,3.3343472,1.4458739,0.45757046,0.4808787,0.1730472,0.1911582,0.29389256,43851.61446807511
101,400,-0.56931204,0.26990435,3.357523,1.4518471,0.5110312,0.56500906,0.17809857,0.16373149,0.2834467,43764.870800085795
102,400,-0.33868217,2.0347626,3.2921667,1.4628744,0.5889043,0.6400645,0.24109714,0.15079309,0.2705572,43920.87804773176
103,400,-0.40317693,1.222445,3.4393773,1.4464546,0.5400669,0.64225316,0.18841006,0.1521071,0.27510744,43733.85214718044
104,400,0.05095428,-1.7942293,3.3408275,1.4538513,0.5701821,0.6466458,0.19924934,0.14980492,0.27190715,43837.07694126637
105,400,-0.6599427,0.21301717,3.4766905,1.4656472,0.523916,0.642997,0.1990256,0.15355808,0.27765262,43660.29860401787
106,400,-0.8351927,-0.9467404,3.355194,1.4490383,0.53822976,0.61240757,0.17700773,0.15565275,0.27883077,43779.8199409572
107,400,1.8219151,-0.07565047,3.3575296,1.4596126,0.4962671,0.6065948,0.22343671,0.15467669,0.27516735,43741.655564910194
108,400,1.5788652,-0.7955006,3.3586314,1.4542515,0.5635175,0.6535217,0.2043693,0.14968045,0.27233982,43818.164388570345
109,400,-0.79228663,-0.5316059,3.4709215,1.4937624,0.54625744,0.65633655,0.18698178,0.15030366,0.26862025,43652.86391525305
110,400,0.15466884,1.0415684,3.3975492,1.4860861,0.5389371,0.6290989,0.2415818,0.15825346,0.28308338,43732.148305725816
111,400,-1.6047385,1.4587147,3.4552352,1.4556923,0.55316895,0.6606555,0.1745687,0.14990732,0.26679137,43733.27350718602
112,400,2.5263681,1.7699214,3.4624834,1.4552553,0.5521382,0.6610528,0.17432998,0.15020223,0.2675925,43726.56280004376
113,400,1.0963469,-0.2342158,3.353498,1.4458319,0.5052564,0.5906925,0.17413156,0.16034187,0.28199178,43753.52698455626
114,400,-0.7408667,-0.60829115,3.3421838,1.4481702,0.55077857,0.63158447,0.17854775,0.15433669,0.27966034,43802.04673748261
115,400,-2.094603,0.12372191,3.3581834,1.4509356,0.51866347,0.5778012,0.17841348,0.16160439,0.28246325,43767.557480395946
116,400,-0.13010696,0.09395323,3.3456419,1.4468259,0.50539774,0.59835863,0.17467695,0.16127226,0.28228396,43760.95519663724
117,400,1.6692508,0.3019892,3.3519607,1.446347,0.57315344,0.65035105,0.1754636,0.14953396,0.27300328,43825.35440058345
118,400,-2.115056,1.4053655,3.4375293,1.4748871,0.55604905,0.65124273,0.1841431,0.15018293,0.27367496,43700.52168764989
119,400,0.067516856,0.77760416,3.3650103,1.4490862,0.55795497,0.6416043,0.17768367,0.15129845,0.27487236,43793.65994583115
120,400,0.8145198,0.058925588,3.346198,1.4474349,0.53158355,0.62306184,0.17539123,0.15625195,0.27936006,43781.35311142065
121,400,-0.7657022,0.55578697,3.332768,1.4570053,0.5751445,0.6477565,0.2132129,0.15004371,0.2711892,43857.624413662634
122,400,0.037005723,0.76790243,3.3773422,1.4494717,0.5548825,0.65320504,0.20709859,0.1503575,0.27328157,43804.853320717775
123,400,-1.0053118,0.10140715,3.3465848,1.4486232,0.56010866,0.6416321,0.17815247,0.1519237,0.27683076,43808.41807186775
124,400,-1.2128679,0.28376955,3.361567,1.4850557,0.54211116,0.62880766,0.2173681,0.15690935,0.27922288,43749.0022333981
125,400,1.5133281,0.55313206,3.3704655,1.4508779,0.51054347,0.62996566,0.18876886,0.15298782,0.27488604,43737.760820516865
126,400,-0.14268771,-1.2276365,3.3784077,1.4486861,0.5576768,0.6499481,0.2000691,0.1506403,0.27391407,43802.56542933655
127,400,-0.6564637,-2.8345544,3.435126,1.4541764,0.506634,0.61120737,0.19193417,0.15875588,0.28111213,43686.47250816963
128,400,-0.14876615,0.0960042,3.3475537,1.4455147,0.46930063,0.52370954,0.1727523,0.17714147,0.28883865,43782.51437555131
129,400,0.86259604,-2.6556191,3.365349,1.4888443,0.5388295,0.62431633,0.22557347,0.15867612,0.28057796,43744.56389396047
130,400,1.6606076,-1.4166034,3.4329226,1.4552737,0.50365216,0.6061941,0.17844696,0.16733424,0.28598586,43695.93752207722
131,400,0.4595849,0.28005785,3.450452,1.4517266,0.54849803,0.6478861,0.17479558,0.15462732,0.28245273,43711.40203214613
132,400,0.9606934,1.3290628,3.431141,1.4529907,0.52335274,0.62325644,0.1766963,0.16087833,0.28477848,43704.94356475053
133,400,-1.9518042,-0.6598917,3.3840153,1.4522445,0.4856229,0.6103118,0.1872884,0.16032171,0.27980888,43706.10368949168
134,400,0.20984948,-1.2406245,3.3741567,1.4510554,0.503648,0.62749135,0.18414615,0.15490578,0.27697596,43724.345292640886
135,400,0.81267405,0.58725935,3.337984,1.4557911,0.5633712,0.6421863,0.2060902,0.15013242,0.27177924,43832.98295120543
136,400,0.370825,0.1420618,3.4203587,1.452843,0.5233236,0.62467074,0.17696296,0.16000411,0.28332472,43713.13642878119
137,400,-1.2986867,1.2760754,3.4202917,1.4711344,0.5618837,0.6521418,0.18107784,0.14987385,0.27314442,43724.21227099897
138,400,1.3645319,-0.6894492,3.3940692,1.458833,0.50309974,0.5583533,0.18572585,0.16711725,0.28370708,43731.38336510874
139,400,-1.3159074,-0.4615846,3.4180915,1.4568291,0.5109972,0.6055594,0.1885553,0.15897167,0.2807883,43698.12453213607
140,400,-0.51751906,-0.97882986,3.3841596,1.4520949,0.540279,0.63124204,0.1809211,0.15347546,0.27686432,43755.57010175723
141,400,1.5927707,-0.25857264,3.4877632,1.4979907,0.53810465,0.6606043,0.19112486,0.15017785,0.26304585,43645.23939461182
142,400,0.5898798,-0.36385882,3.4303887,1.4521018,0.5275873,0.6272603,0.17639862,0.1594683,0.28434658,43708.399351587024
143,400,-0.87079716,-0.5788497,3.443458,1.447345,0.54018563,0.6437614,0.18904448,0.15196003,0.27518928,43729.59342229973
144,400,-0.19065349,-0.3948495,3.4324083,1.4492949,0.5488867,0.6470495,0.18556657,0.1511958,0.2751838,43739.92390249075
145,400,1.3905339,-1.6413486,3.330415,1.4481726,0.5165607,0.58850557,0.17968066,0.16591911,0.28642595,43799.41505271661
146,400,-0.1983989,0.0941923,3.3246245,1.4466848,0.47670308,0.5194391,0.17748201,0.18469231,0.2921835,43840.142214827385
147,400,0.192729,0.69643867,3.3329566,1.4500699,0.5174822,0.5848672,0.21025608,0.16977388,0.28708714,43833.64015135199
148,400,0.76877064,-0.4213276,3.3396828,1.4559503,0.5292656,0.61365855,0.20379938,0.16117175,0.28146562,43803.06060568766
149,400,-0.45408037,0.08595198,3.41174,1.4489329,0.55466753,0.6469397,0.17522286,0.15241447,0.2787571,43750.429821920945
150,400,0.978738,2.2408931,3.4385142,1.4544673,0.5144782,0.6146964,0.17721885,0.164501,0.28640985,43695.390168244194
151,400,1.1813786,-0.63190377,3.3478496,1.4532034,0.55176824,0.6393976,0.18569377,0.15283987,0.27600324,43799.59825968744
152,400,0.6234536,0.8906717,3.348082,1.4480685,0.5574247,0.64119434,0.17557755,0.1519969,0.2757101,43806.388479524016
153,400,-0.0616264,-0.10730527,3.423878,1.4754096,0.56210554,0.6550575,0.17806661,0.14926304,0.26872906,43723.21362882199
154,400,1.3264617,-0.9646064,3.379265,1.4515033,0.49460587,0.61960155,0.18507013,0.15759097,0.2784896,43714.523584556155
155,400,-0.9072984,0.051945396,3.3680696,1.452613,0.530066,0.60340124,0.17953774,0.15785637,0.27956405,43761.61177175107
156,400,-1.4902654,1.4961396,3.4056852,1.4478537,0.56012136,0.64950526,0.1811107,0.15032125,0.27417853,43771.89318341121
157,400,-0.12824197,-0.27177158,3.3687682,1.4469503,0.5672951,0.6519257,0.1753657,0.14959925,0.27336287,43804.15685102757
158,400,-2.0306845,2.064493,3.4159987,1.4742761,0.5656528,0.6540527,0.17877932,0.14959389,0.27089706,43730.501329180915
159,400,0.21555306,0.56800735,3.3824716,1.4525428,0.4828021,0.609295,0.1899734,0.15950882,0.27940863,43702.283583978526
160,400,-1.1043833,0.05216508,3.3643792,1.4854383,0.54339576,0.6303191,0.2180044,0.15652817,0.27933568,43746.8888598404
161,400,-0.039282817,-1.1680934,3.3467603,1.4458659,0.47149074,0.5314771,0.17296791,0.17564732,0.28840074,43776.514438436054
162,400,0.08261103,-0.8215345,3.3798807,1.4526699,0.55501956,0.647823,0.20426697,0.15140069,0.27564418,43791.90709631347
163,400,0.6027077,-0.5946498,3.3723211,1.4769063,0.54957163,0.6410635,0.20917499,0.1531206,0.27750516,43750.57213874148
164,400,-0.9571475,-1.3484243,3.3662796,1.4532516,0.51939225,0.58077455,0.17971896,0.1616735,0.2820443,43759.30803260847
165,400,1.8081318,0.43663847,3.3460178,1.4467654,0.49722144,0.58732164,0.17427829,0.16341072,0.2834779,43756.30831350251
166,400,0.40262553,-1.775888,3.3785422,1.4575071,0.5541292,0.6464852,0.20567554,0.1517051,0.27634668,43782.93605844764
167,400,1.0590272,-1.0225644,3.356595,1.4537635,0.53512484,0.63770545,0.19397214,0.15093529,0.27330488,43775.460153691114
168,400,2.696224,-0.07392467,3.379011,1.447124,0.56783473,0.65296185,0.17530604,0.149516,0.2727648,43798.71014071926
169,400,-0.9389816,1.017021,3.4524388,1.4465046,0.5309532,0.63841283,0.19243063,0.153117,0.2758289,43717.254261076145
170,400,0.93639857,-0.5256406,3.3464358,1.4631479,0.5422163,0.6320583,0.19529781,0.15471081,0.2770697,43780.617571707495
171,400,-1.177629,-1.1401963,3.3561015,1.4508362,0.5608281,0.6488375,0.18108723,0.14959045,0.2723781,43803.95130419373
172,400,-1.5824945,2.2436018,3.4061294,1.4500039,0.53894633,0.656096,0.2448506,0.15264846,0.27544373,43797.18138749356
173,400,0.31716064,0.52004063,3.4294798,1.4545918,0.5587648,0.65815604,0.17511377,0.14955652,0.26798826,43754.02014009429
174,400,-0.13105401,1.1330799,3.4076233,1.4472402,0.54825497,0.6480262,0.23688863,0.15289797,0.2761083,43804.05747870741
175,400,2.1531198,0.4683049,3.3698878,1.4854789,0.5435467,0.6327641,0.21860975,0.15598187,0.2792022,43742.04708659595
176,400,0.36584878,1.2978252,3.3532362,1.4484295,0.51921004,0.59934807,0.17542799,0.15779433,0.2804775,43760.88108715875
177,400,-0.6038396,-1.149554,3.418119,1.4572924,0.56038547,0.65698314,0.17544064,0.14933582,0.26823276,43757.08912286518
178,400,1.1523316,1.0796186,3.3493366,1.4444098,0.46134606,0.4938571,0.17211479,0.18460068,0.29135558,43815.45666381091
179,400,1.8495913,-0.21416666,3.3316114,1.4469873,0.52334905,0.5880368,0.19824201,0.16777575,0.28844938,43826.980592694585
180,400,1.8831507,-1.347759,3.3758862,1.4511595,0.5450387,0.632275,0.17968845,0.1531722,0.2764982,43768.48621591499
181,400,-1.5482544,0.5319746,3.3303428,1.4556814,0.5741543,0.64498,0.21199068,0.15000358,0.27160946,43857.85007350187
182,400,0.4064155,-0.1931767,3.4255905,1.4496589,0.5625625,0.6561769,0.17491639,0.14991778,0.27179414,43760.284621302926
183,400,1.7327212,0.6845011,3.4650965,1.4914377,0.5506844,0.65799457,0.18284139,0.1495287,0.2653557,43669.740196835526
184,400,-0.47003287,-0.21673147,3.3881748,1.4933513,0.53053075,0.6214966,0.24039598,0.16127671,0.28344184,43723.904271339736
185,400,-1.0043228,-0.9981917,3.3233504,1.4467036,0.5136295,0.5672043,0.20251985,0.17394628,0.2912643,43848.09677354717
186,400,0.018922104,-0.082034156,3.3546576,1.4571874,0.5141974,0.6231684,0.21167253,0.15258147,0.27407566,43758.878717757194
187,400,-1.7685385,0.3554818,3.31845,1.4473499,0.47780496,0.5150182,0.17903204,0.18590558,0.29289627,43852.80524874395
188,400,-0.6579261,0.9688826,3.3084326,1.460012,0.58283657,0.6422963,0.23278126,0.15046617,0.27098387,43896.739688454414
189,400,0.88649154,-0.27213177,3.3396473,1.4653567,0.5261777,0.6124923,0.2093103,0.16095579,0.28073108,43785.8331056575
190,400,-0.4957955,1.2165778,3.3638668,1.4519231,0.5295856,0.5997524,0.17883271,0.15825428,0.28013417,43765.33145922815
191,400,-0.35343176,-1.6164742,3.3426642,1.4485471,0.53935105,0.62397486,0.17658308,0.15628348,0.27996606,43791.50378460642
192,400,-1.0342429,0.6815945,3.347239,1.4571625,0.5287339,0.6286924,0.21243647,0.15153818,0.2729086,43784.03205083611
193,400,1.1787796,-0.17992483,3.338808,1.4462552,0.46458074,0.5080333,0.17343172,0.18352018,0.2912327,43812.10741857987
194,400,1.4558079,0.055492226,3.4460063,1.4780566,0.5502087,0.65785706,0.17761575,0.1487402,0.2645073,43699.268837923875
195,400,1.4882522,1.8958892,3.3785598,1.4546692,0.55477417,0.64741045,0.20387392,0.15147646,0.27580494,43788.32429908679
196,400,0.4472121,-0.6161211,3.3605416,1.4537382,0.49680007,0.530081,0.17961957,0.17087953,0.286475,43775.716719241515
197,400,0.06763423,-0.46302176,3.3388455,1.462995,0.50263494,0.6028758,0.23623738,0.15412037,0.27363637,43770.399389779355
198,400,-0.6524086,-0.39095336,3.3892598,1.4528629,0.5514901,0.64623106,0.21722361,0.15239725,0.27703857,43790.39153255648
199,400,-1.8923619,-0.17781314,3.3312201,1.4464493,0.48195547,0.538274,0.17659025,0.17918356,0.29024124,43813.65250126463
200,400,0.11273794,0.6572677,3.394192,1.44753,0.5486116,0.6440172,0.18104729,0.15152775,0.27522442,43766.59943966488
201,400,1.0400863,0.16464381,3.3999007,1.4494839,0.5465126,0.641013,0.17584732,0.15358332,0.2790258,43750.395161673776
202,400,-1.2266216,0.96744615,3.3904805,1.4475348,0.5667541,0.6535416,0.1752301,0.14962365,0.27274227,43789.19851464437
203,400,1.7612661,0.7540957,3.3869872,1.4733032,0.5485001,0.63895744,0.22639601,0.1543862,0.2797224,43757.62602929807
204,400,1.3086687,-0.025798557,3.3605645,1.451116,0.5232954,0.5870873,0.17863664,0.16028547,0.2816076,43766.84493114351
205,400,0.1833392,1.670943,3.3687713,1.4531274,0.5260922,0.5963043,0.17985576,0.15910317,0.28031212,43758.61340266049
206,400,0.23482153,2.1321535,3.3661947,1.4494269,0.5350947,0.64261806,0.17833683,0.15151362,0.274749,43764.52479108549
207,400,1.001331,0.5972125,3.3387618,1.4552484,0.56715983,0.64404416,0.20380333,0.14996591,0.27173793,43836.28806952529
208,400,2.3207998,0.11709087,3.352866,1.4629164,0.5541778,0.643092,0.18761729,0.15160638,0.27473772,43781.14848240689
209,400,0.7726948,-1.6615983,3.3826165,1.4495838,0.534346,0.63665426,0.17716856,0.15445127,0.27763736,43754.1046679979
210,400,1.8666831,0.75746834,3.4712193,1.4904871,0.54050416,0.6596225,0.18083012,0.14862722,0.26035058,43664.12302628999
211,400,2.4972005,-2.2453218,3.310704,1.4464827,0.50345194,0.543031,0.20473665,0.1806049,0.29389375,43877.50365888945
212,400,-1.8300285,-0.6958351,3.3924098,1.4507387,0.5280633,0.63142955,0.17747942,0.15643702,0.27912247,43740.52026904457
213,400,1.2697648,-0.7098542,3.4286613,1.4728678,0.5593504,0.65174717,0.18248808,0.1499981,0.27341422,43713.05010856559
214,400,0.44386324,0.33367434,3.348754,1.4533691,0.5549535,0.64345497,0.19379963,0.15002382,0.27226776,43807.806782746746
215,400,0.69913614,-0.2987596,3.3792706,1.4528981,0.5527043,0.65505636,0.22734562,0.15084189,0.2741726,43809.87708696453
216,400,0.9494208,0.08755124,3.332829,1.4485698,0.5128627,0.5861326,0.17836836,0.16643944,0.2861113,43794.114226101665
217,400,0.6071117,-1.0481704,3.3709,1.451076,0.54501355,0.6285832,0.17913541,0.15364003,0.27675986,43772.63548710246
218,400,0.045165855,1.8593464,3.35448,1.4546155,0.5338752,0.6359109,0.1980216,0.151067,0.2731796,43777.49420931491
219,400,0.3191184,0.30726478,3.4383419,1.4477845,0.5330721,0.64104056,0.24904288,0.15842313,0.2816263,43779.133502696815
220,400,-0.5327028,1.0907497,3.347065,1.4490008,0.55416036,0.6371064,0.18305376,0.15335196,0.2776341,43806.60960704438
221,400,0.9000542,1.8022423,3.3311644,1.4462471,0.4575261,0.47909608,0.17376155,0.19217792,0.29424313,43858.94489099537
222,400,-0.7537045,0.13768983,3.4214208,1.4589548,0.5579115,0.65011513,0.18250701,0.15038875,0.27463183,43738.31950431392
223,400,-1.0707526,1.0544517,3.301225,1.4486355,0.47127295,0.48798174,0.18399882,0.19253694,0.29555598,43899.94921300902
224,400,2.6205738,-0.7474732,3.3373294,1.4559095,0.5733791,0.64841723,0.20714521,0.14993861,0.27136353,43848.31655668443
225,400,0.08753147,0.93874687,3.3346677,1.4469913,0.48160654,0.54513574,0.17573828,0.17657453,0.28925171,43796.80861818565
226,400,-0.955945,-0.34598178,3.3441172,1.453486,0.5415064,0.6283231,0.19317125,0.15633304,0.2787295,43800.10573474508
227,400,-1.7423562,-1.3032428,3.3752747,1.4504315,0.5555104,0.6534878,0.20753151,0.15031163,0.27329963,43805.4808514375
228,400,0.5541276,-0.6701259,3.3872056,1.4490566,0.55089533,0.6436223,0.17582434,0.15237358,0.27717584,43766.04393482748
229,400,0.23958276,-0.36980116,3.3906515,1.4518733,0.47851494,0.59862834,0.18866777,0.16424966,0.28173575,43704.06202541398
230,400,0.9541896,0.54414475,3.3569183,1.4518768,0.5106398,0.5652801,0.17787486,0.1636464,0.2834021,43764.244258734136
231,400,-2.28862,0.25148442,3.4090552,1.4487672,0.54734594,0.65114546,0.23871817,0.1520848,0.27531716,43799.89132840203
232,400,-0.24201983,1.5182612,3.3130724,1.4597862,0.5820737,0.6436541,0.23019373,0.15039295,0.27100047,43890.46489182519
233,400,-0.6963267,-0.2903971,3.3202105,1.4482062,0.49833232,0.5519179,0.18171622,0.17608002,0.29048735,43826.58334159429
234,400,1.1266359,-1.0799315,3.3698463,1.4559842,0.5557443,0.6555105,0.23132749,0.15043236,0.27376002,43817.29777724902
235,400,0.9853175,0.7669197,3.336661,1.4484044,0.5338286,0.612693,0.1787491,0.15928322,0.28302562,43794.954106487945
236,400,0.038630553,-1.6567152,3.3490233,1.4487313,0.5659615,0.647153,0.17650735,0.15047395,0.274593,43813.66225346543
237,400,-1.6845173,0.8065638,3.4691727,1.4933527,0.5492815,0.65704525,0.18579976,0.15002285,0.26786116,43658.97298986665
238,400,-1.3003469,-0.8038504,3.348089,1.4529512,0.5526424,0.6400988,0.18508618,0.15262808,0.27583393,43800.24934701073
239,400,-0.76414394,-1.4377915,3.369879,1.4532249,0.55728567,0.6542597,0.21597737,0.15021922,0.27345747,43812.17618208803
240,400,0.8591042,-0.8096266,3.3586423,1.4781561,0.54813004,0.6360093,0.20470196,0.1543322,0.27729785,43757.37511234092
241,400,-0.9196507,2.6429358,3.4003313,1.4515443,0.5237989,0.6276259,0.1776291,0.15797716,0.2803147,43730.613117438275
242,400,0.1950697,-1.7815628,3.3248498,1.444879,0.45963347,0.48210496,0.17519052,0.192218,0.29444286,43869.17340723557
243,400,-0.782367,0.6251187,3.3334577,1.4481976,0.5231307,0.5993076,0.17905843,0.1629422,0.28491998,43795.3114496211
244,400,0.25233144,-0.390798,3.3538983,1.4462196,0.49769336,0.5762648,0.17400178,0.16295184,0.28346914,43751.401186529954
245,400,0.86900634,0.18418126,3.3985214,1.4468861,0.5584483,0.64791924,0.18079095,0.15045416,0.27396873,43777.024445378534
246,400,-1.3751845,0.50099224,3.3825078,1.450203,0.5473035,0.63862646,0.18013889,0.15208034,0.27593094,43766.79750995278
247,400,-0.34624946,-0.7946363,3.3653448,1.4504623,0.56114846,0.65058154,0.1839874,0.14988138,0.2731311,43800.121315364355
248,400,0.67057043,-0.7075057,3.3338606,1.4478508,0.53160644,0.60728586,0.18034135,0.16063362,0.2845477,43798.54454872062
249,400,-1.8242567,0.30360392,3.3518956,1.4467635,0.5590333,0.6414185,0.17532526,0.15096588,0.27467796,43806.296071997975
250,400,0.3675449,0.19031155,3.4930568,1.4626639,0.49887672,0.6315455,0.21603908,0.15792313,0.280733,43640.84340818037
251,400,-0.80871755,-1.104124,3.3725128,1.4842708,0.544192,0.63517135,0.21791816,0.15544327,0.2789337,43741.652401668565
252,400,0.11255753,-0.65554506,3.4724503,1.4526999,0.52405113,0.64009947,0.19824488,0.1537236,0.2776145,43685.618154379794
253,400,-1.1731234,1.9436212,3.4546719,1.4469137,0.5270673,0.6364367,0.19363429,0.15353136,0.27613032,43711.20013343127
254,400,-0.94444627,-0.4100497,3.3800464,1.4516075,0.49358457,0.61843324,0.18520378,0.15799506,0.278709,43713.45207464371
255,400,1.4315678,1.4622141,3.3925304,1.4484367,0.55370003,0.65089774,0.22028098,0.1510601,0.27410105,43804.8336479067
256,400,-0.9571581,1.0139722,3.3483663,1.4454265,0.47457084,0.5387266,0.17303449,0.17319247,0.28741372,43769.4635064797
257,400,-0.22260568,-0.9130792,3.310451,1.445733,0.50257486,0.54546976,0.19041723,0.1781458,0.29289335,43857.92731962068
258,400,1.3151376,-0.32345748,3.390385,1.4505126,0.51173055,0.6237014,0.17922658,0.15889308,0.28013185,43728.681339247174
259,400,-0.41227177,-0.4034592,3.350057,1.452188,0.5585275,0.64523906,0.18126376,0.15110175,0.27439547,43803.19249814673
260,400,0.19321355,1.2973421,3.3495936,1.4457209,0.49541664,0.583404,0.1738177,0.16296682,0.28308803,43752.365853772746
261,400,-1.5504293,0.41731882,3.420429,1.4533783,0.56080496,0.6571998,0.17517227,0.14952028,0.26878148,43762.156642415925
262,400,1.4229835,0.39608657,3.3765693,1.4492344,0.5294525,0.6367788,0.17777161,0.15399058,0.2769975,43752.92566230072
263,400,0.83135104,0.48797268,3.3382974,1.4462321,0.47887325,0.54574096,0.17478742,0.17480205,0.28823996,43785.37200469738
264,400,-1.0148259,-0.6023319,3.4260812,1.4732012,0.5289442,0.62916875,0.2482303,0.16159555,0.2859735,43734.714168884995
265,400,-1.8430696,-0.477974,3.3224275,1.4483209,0.50069696,0.55772734,0.18114781,0.17444563,0.2898361,43819.97653713566
266,400,-0.49803245,1.929532,3.3722851,1.471369,0.5527344,0.64340985,0.20537212,0.15223065,0.2766435,43760.83670000908
267,400,0.20508662,1.1615338,3.364533,1.4484984,0.54853886,0.64661497,0.1765506,0.15068297,0.27422965,43782.180503505355
268,400,-2.5827966,-1.1539503,3.4188943,1.4465697,0.55076414,0.64572334,0.18395025,0.1511184,0.27445576,43756.75968396652
269,400,-1.6138978,-0.21274029,3.3311331,1.4457331,0.46868944,0.51235765,0.17535412,0.18454191,0.29174727,43828.03362690063
270,400,0.70411104,-1.4956795,3.310495,1.4481715,0.4920618,0.5313989,0.18488555,0.18167163,0.29283783,43855.493830023544
271,400,0.7750233,0.43283764,3.3824525,1.4819124,0.5447245,0.6360688,0.22607076,0.15504022,0.2797955,43742.04332886501
272,400,0.59936935,-0.2563169,3.338061,1.4634407,0.5235786,0.6086186,0.21071483,0.16249305,0.28162876,43792.467525782624
273,400,1.1394007,-1.2348258,3.3170533,1.4585294,0.5798532,0.6437287,0.22622983,0.15029287,0.27119136,43882.93321913165
274,400,-0.9301565,-0.17858909,3.47127,1.4469334,0.5135385,0.6294892,0.20116538,0.15546538,0.27724913,43690.66091910184
275,400,0.29673317,0.82998616,3.426694,1.4561785,0.5591467,0.65808344,0.17525691,0.14944698,0.26776794,43753.79126838271
276,400,0.41409135,-0.50723445,3.40201,1.4480888,0.5508216,0.6504333,0.23173203,0.15177892,0.27487814,43804.810097706155
277,400,-0.24133779,-0.87819034,3.4592395,1.4903414,0.5533533,0.65618294,0.18386649,0.14992085,0.26879135,43670.93117341207
278,400,-0.011145612,0.0114989,3.350383,1.4611248,0.56571686,0.6558026,0.2354654,0.15005021,0.27188778,43841.5042577325
279,400,0.2982382,1.3263859,3.375375,1.4516234,0.4959671,0.621578,0.18877962,0.15531114,0.27636546,43717.93041287591
280,400,2.1495745,-0.090243846,3.375154,1.4505088,0.5083918,0.6286804,0.18185411,0.15535475,0.2773825,43730.247406529714
281,400,-0.6006576,1.5522432,3.4794476,1.4954932,0.53677857,0.6555091,0.19175205,0.15108952,0.27028334,43634.11424753949
282,400,0.8020517,-1.846532,3.4376466,1.4763772,0.5562751,0.6516244,0.18389273,0.15012828,0.27346098,43698.46547421705
283,400,-1.0405992,-0.31560314,3.3579674,1.4527774,0.503726,0.5493702,0.1783756,0.16667958,0.28476036,43766.78814914721
284,400,-0.8056265,-1.1183119,3.4661226,1.4469538,0.5240067,0.637396,0.19731624,0.15382256,0.27623427,43702.88683807155
285,400,1.4849256,-2.12389,3.3366513,1.457787,0.57519835,0.6501418,0.21654254,0.14996202,0.2709792,43856.342135120874
286,400,1.5848205,0.6479678,3.4786944,1.4957685,0.5407229,0.6566925,0.18992606,0.15063773,0.26862726,43641.135109741226
287,400,-0.7781835,1.7367749,3.431311,1.4458834,0.5302527,0.63757575,0.1881869,0.15323272,0.27629858,43727.9105302953
288,400,-1.68823,-0.112465985,3.365967,1.4510655,0.5228541,0.6351324,0.1885907,0.1518657,0.27423403,43754.69758517108
289,400,1.4015235,0.15843384,3.370202,1.449822,0.55298686,0.6389066,0.1785051,0.15187946,0.27542797,43783.11070352547
290,400,0.17742614,-0.40178093,3.330906,1.4464664,0.47029853,0.51580775,0.17560911,0.18409333,0.29172492,43825.12253625759
291,400,-0.25595766,-0.3480464,3.4090533,1.4476207,0.53872997,0.6403248,0.18366478,0.15256076,0.27606133,43746.44298735437
292,400,1.3925184,1.0375856,3.4108768,1.452973,0.51191443,0.61727554,0.17857146,0.1620034,0.28247753,43715.144813346866
293,400,1.5199949,1.7195894,3.3778863,1.4487728,0.557819,0.6499338,0.19936806,0.15062338,0.27395588,43802.233510298334
294,400,0.3557035,-0.47728628,3.4700334,1.4586879,0.54770434,0.663256,0.17430066,0.15006405,0.26446912,43719.24652544208
295,400,0.68981814,1.3018463,3.3768914,1.4499078,0.5190483,0.63264143,0.17911386,0.15497813,0.2776528,43740.49866496799
296,400,0.22246316,-0.08837552,3.3570194,1.450389,0.52410966,0.5887505,0.17791392,0.15963775,0.2814049,43769.16794496589
297,400,-0.7967753,1.5480669,3.4395194,1.4569026,0.55616736,0.6595113,0.17509042,0.14954874,0.26670763,43744.02230252597
298,400,1.342622,-0.7399359,3.4672353,1.4462943,0.5219772,0.63548076,0.19810109,0.15421288,0.2763488,43702.104306472735
299,400,-0.3751471,-1.2261962,3.3988106,1.4475908,0.5513444,0.6488118,0.2280119,0.15206277,0.27526778,43805.54206137465
300,400,-1.446421,-0.4523503,3.369639,1.4522265,0.5041237,0.6227182,0.19851823,0.15372998,0.27520958,43735.641677669155
301,400,0.66596717,-2.5345545,3.4427075,1.4834691,0.5578606,0.65614617,0.17988864,0.14938645,0.2676463,43696.92474456281
302,400,-0.03926799,-0.9489328,3.3787007,1.4521902,0.4875946,0.6145997,0.19110748,0.15701316,0.27735424,43708.53082005875
303,400,-0.81527567,1.801214,3.3529904,1.448518,0.52485424,0.6040581,0.17574911,0.1569102,0.27986705,43766.39189982716
304,400,-0.3650552,-1.7913276,3.3925824,1.4579576,0.5075125,0.5695032,0.18506223,0.1649092,0.28284374,43730.27914655126
305,400,-0.18505368,-0.8076485,3.4114041,1.469583,0.53697866,0.63511956,0.2437143,0.15780498,0.2832545,43750.45611675603
306,400,-1.1888592,-0.5068163,3.423735,1.4751527,0.56144935,0.6530073,0.1807675,0.14987469,0.27252775,43716.16434648037
307,400,0.1839255,-0.38548976,3.4766643,1.4474033,0.50672317,0.6251091,0.2048674,0.15656097,0.2778601,43681.74484657904
308,400,0.15647626,-0.21634398,3.3355694,1.4486375,0.5236721,0.59341025,0.20362198,0.16671367,0.28648335,43824.664222136664
309,400,-1.0455246,-1.084856,3.3489687,1.4462786,0.5027543,0.59595317,0.17406394,0.16073754,0.28196374,43754.12496692814
310,400,0.08658318,1.419255,3.3897872,1.4531132,0.47648945,0.5976285,0.19029108,0.16408853,0.2813866,43700.86402958866
311,400,0.947252,-0.15501009,3.3866367,1.4902303,0.5362296,0.6276057,0.23615474,0.15844749,0.2822757,43727.03818129061
312,400,-1.1476109,-0.35811406,3.4490972,1.4478779,0.5093531,0.6253612,0.19418731,0.15691383,0.27895188,43694.592391856495
313,400,0.8689635,0.27687192,3.3289313,1.4458743,0.4583673,0.4809193,0.17420326,0.19194058,0.29417145,43861.09303707751
314,400,0.27451634,-0.8909151,3.3366256,1.4467459,0.4837939,0.5522396,0.17550132,0.17438358,0.28836733,43788.660444098
315,400,-0.222477,-0.8589199,3.3801575,1.45259,0.4795669,0.59979117,0.20870218,0.15784553,0.27689993,43712.71234455207
316,400,-0.099008314,-1.0506538,3.3446217,1.4541988,0.5597694,0.6434925,0.19778346,0.150037,0.2720796,43819.08648281792
317,400,-0.42231482,0.10471403,3.3737748,1.449506,0.5225119,0.6353275,0.17901863,0.15397254,0.2768473,43746.372425845606
318,400,1.0217906,-0.55254066,3.3768995,1.4484923,0.5582829,0.6502709,0.19772953,0.15045807,0.2735257,43803.38076450821
319,400,-1.7232282,1.7975394,3.3540497,1.4465494,0.49453104,0.5693824,0.17396611,0.16421404,0.28412706,43751.29612320668
320,400,-0.87916064,-0.2311016,3.3703642,1.4520171,0.5375126,0.61637187,0.17942405,0.15565036,0.27809617,43765.46460072899
321,400,-0.8963697,-1.962732,3.4093025,1.4529842,0.504567,0.6118471,0.17960365,0.16392326,0.2830847,43713.04067274781
322,400,-0.8358561,-0.9420936,3.3357337,1.4461372,0.45762104,0.4812976,0.17286098,0.19084993,0.29380518,43848.01316801155
323,400,-0.7891022,0.0012484558,3.3245893,1.4453526,0.46052653,0.48447382,0.17549017,0.19194677,0.2943805,43866.982477261496
324,400,-1.0326431,-0.43674833,3.3613298,1.4734306,0.553377,0.6420543,0.19742173,0.1524908,0.27614123,43761.924117318194
325,400,-1.3597807,-0.041400813,3.3521452,1.4439965,0.45896786,0.4829571,0.17182681,0.18718757,0.2923101,43826.815406559355
326,400,0.5969065,-0.9872867,3.3140745,1.4604263,0.57089037,0.63569456,0.23091505,0.15059577,0.27102017,43874.75543543771
327,400,0.46616644,-0.37024245,3.3532715,1.4539771,0.56272435,0.64942306,0.17918609,0.14994651,0.2731503,43800.721640486925
328,400,0.30833125,-1.3780835,3.3567057,1.4578831,0.5634339,0.65492815,0.22519599,0.1499195,0.2723575,43829.90247518079
329,400,-1.4465348,0.800298,3.3277328,1.4482105,0.49456894,0.5543883,0.17835964,0.17526373,0.28938654,43810.96888563621
330,400,0.93612915,0.6783801,3.3760142,1.4698625,0.5528302,0.6431025,0.21006826,0.15250634,0.2772295,43764.13845085552
331,400,-2.994613,0.8809376,3.411908,1.4592594,0.5397693,0.6396085,0.24176945,0.15641874,0.28154957,43770.51128824041
332,400,-0.71994054,-0.8935744,3.4134948,1.448772,0.56324214,0.6533821,0.17495687,0.15057036,0.27583507,43761.93916630947
333,400,0.54012305,2.290467,3.2688968,1.448582,0.45483646,0.45476282,0.18633841,0.1993481,0.29878205,43956.92923412522
334,400,0.966768,0.5080679,3.3934946,1.4517207,0.48363164,0.602878,0.18548109,0.16423155,0.28217262,43705.870690350544
335,400,-0.40123472,-0.8000825,3.3578038,1.4893906,0.529139,0.613275,0.22897062,0.16138074,0.28116506,43746.812424643926
336,400,-0.89546657,0.3869025,3.4748726,1.4868724,0.53508395,0.66236675,0.17840677,0.14838196,0.25715828,43668.93440679489
337,400,-0.3559515,2.5402317,3.456355,1.4862276,0.54905134,0.65255314,0.18652765,0.15039545,0.27287543,43665.224659260704
338,400,-0.8517292,1.8227236,3.4402425,1.480703,0.55588824,0.65269846,0.18330163,0.15009487,0.2727514,43690.604929048015
339,400,0.67746216,0.05182039,3.3471327,1.4457688,0.4706624,0.5286021,0.17287557,0.17617418,0.28854585,43778.430661937775
340,400,-0.596314,-0.052567296,3.4367836,1.453882,0.55731535,0.6585787,0.17491981,0.14968328,0.26809514,43748.7911703085
341,400,1.221385,-0.19284183,3.4357305,1.4483253,0.53671324,0.64979964,0.24880001,0.15481023,0.27763498,43781.7233086114
342,400,-0.6522936,-0.52118933,3.3926444,1.4988594,0.51115227,0.5820634,0.24871497,0.17557491,0.28863442,43733.83412258437
343,400,-0.04932407,0.2390336,3.3030615,1.4463733,0.4910573,0.52155423,0.1897634,0.1842027,0.29435256,43880.9988984878
344,400,-2.0042157,0.37687653,3.2999744,1.4462771,0.48829344,0.5146727,0.19061697,0.18599996,0.29487595,43891.21438990947
345,400,-0.56643987,-0.30769128,3.373537,1.4513104,0.500663,0.6241417,0.18985811,0.15434326,0.27566606,43725.12213015923
346,400,-1.6326345,-1.5677677,3.3498764,1.4718239,0.54089004,0.631167,0.20132805,0.15487725,0.27726614,43764.66174812661
347,400,-0.97117066,1.4263169,3.4686122,1.446907,0.49543333,0.6152367,0.20281734,0.15998472,0.2803521,43677.54431255223
348,400,0.87672675,-1.8269113,3.3736887,1.4485905,0.5471467,0.6435028,0.17636575,0.15204315,0.27563447,43774.81816897006
349,400,0.28427967,1.7426687,3.4342616,1.4503965,0.55292934,0.6486039,0.17498541,0.15318961,0.2803866,43729.607603508586
350,400,0.45730963,0.9623417,3.3912354,1.4478602,0.55118644,0.65277994,0.22363856,0.15088256,0.2739601,43806.20190654727
351,400,0.45248908,0.097896144,3.3205366,1.4465544,0.51609486,0.57369316,0.19123377,0.17105347,0.29054648,43833.05874565632
352,400,-0.8137945,-1.4491177,3.283223,1.4438648,0.4822174,0.49317154,0.20409818,0.19201452,0.2970445,43948.7963705656
353,400,0.010349315,0.72003376,3.4616647,1.4880416,0.5463718,0.6525128,0.18785779,0.15052064,0.27289367,43656.67345545135
354,400,-1.2527953,0.7774904,3.3557339,1.4526048,0.4765494,0.50257885,0.17662136,0.17721936,0.2891148,43786.222877306325
355,400,-0.53527015,0.025405208,3.3716607,1.4482496,0.5542839,0.6464705,0.17588642,0.15109286,0.27482462,43784.487388473906
356,400,-0.21694957,0.44539326,3.3810751,1.4492832,0.5437898,0.64102566,0.1764296,0.15298134,0.2766335,43764.74523543616
357,400,0.09772497,0.5829537,3.4206028,1.4471878,0.5320063,0.6379601,0.18597227,0.15326741,0.27648467,43733.342999335415
358,400,-0.5324899,0.6450553,3.37889,1.4500815,0.51135963,0.62859297,0.18029547,0.15609123,0.27825642,43731.91359747659
359,400,-0.49610233,-0.074804984,3.4268177,1.4539582,0.51512843,0.61760116,0.17745185,0.16287096,0.28466144,43703.53752784057
360,400,-0.4304619,1.1493794,3.3481038,1.456526,0.5693258,0.6532109,0.21204779,0.14979473,0.27161664,43837.451382502186
361,400,1.1483506,-0.9108504,3.3557503,1.4524295,0.54849195,0.6435793,0.18772882,0.15018445,0.2727185,43790.80409318713
362,400,-0.029856121,-0.11817078,3.3288972,1.4453697,0.46022624,0.48711464,0.17454621,0.19040751,0.2936538,43855.25468022031
363,400,0.2711702,-0.80149686,3.3917449,1.4747561,0.5460938,0.63703024,0.23219347,0.1552893,0.28079414,43753.65731649379
364,400,-1.0002153,-1.5447711,3.370109,1.4513886,0.55806077,0.6534769,0.20444746,0.15010326,0.27324355,43807.58071459721
365,400,-0.86026245,0.32830128,3.470993,1.4477279,0.5092323,0.62686455,0.20188959,0.15597618,0.27792072,43683.90481433508
366,400,0.4178537,-0.040018726,3.3857973,1.451777,0.5532751,0.64715695,0.21184693,0.15187964,0.27631426,43792.97783992768
367,400,-0.43918952,0.18133843,3.4061384,1.4525875,0.5118103,0.61811256,0.17877671,0.16151057,0.28201172,43718.51760529373
368,400,0.45615304,-0.35757902,3.32267,1.4595414,0.5787622,0.646707,0.22557548,0.15031573,0.27074906,43876.76339680247
369,400,-0.5226194,1.0429776,3.4645839,1.450324,0.5298923,0.64131373,0.19530803,0.1531008,0.2768728,43700.34070858826
370,400,1.2248706,0.064856105,3.3529873,1.4487848,0.5268837,0.60394526,0.17602022,0.15690522,0.27983505,43768.90067071223
371,400,-0.66772026,0.3269626,3.352395,1.4474695,0.5361913,0.6226786,0.17521822,0.15409115,0.27775112,43777.48542155978
372,400,-0.02852887,-0.32473028,3.3419766,1.4546912,0.5353141,0.6213542,0.19834344,0.15861362,0.2801047,43800.64840771229
373,400,-0.27682298,1.1239053,3.3576272,1.4785272,0.546536,0.63465154,0.20569292,0.15467213,0.27742124,43756.91850164045
374,400,0.7231005,0.024612125,3.3539557,1.4498221,0.5024942,0.5664306,0.17593466,0.16336302,0.28360003,43755.822271252706
375,400,-0.7290447,0.1965574,3.488214,1.4539707,0.5059646,0.6321339,0.21098581,0.15654932,0.27959248,43662.64596246469
376,400,-0.78262913,-0.1103893,3.4107075,1.4528117,0.5151147,0.6198293,0.17818676,0.16107363,0.2821769,43716.76749900349
377,400,-0.10321885,0.41059852,3.3682537,1.4539449,0.5160918,0.57465154,0.18023646,0.16287248,0.2825531,43757.12647470419
378,400,-2.7773592,1.151734,3.4822145,1.495963,0.53870726,0.6605587,0.18526018,0.14924273,0.25984344,43653.70447974759
379,400,-0.790523,-0.9073001,3.4352899,1.4469783,0.5391651,0.6414268,0.18789265,0.15215144,0.27522874,43733.769287838215
380,400,0.38432342,1.0097119,3.331667,1.4464605,0.48216963,0.5394913,0.17650212,0.17878057,0.2901059,43811.56062704497
381,400,-0.96808213,0.4770681,3.416699,1.4476147,0.54580486,0.64971817,0.24314328,0.1530693,0.27614897,43799.72175143302
382,400,-0.045113303,0.079121724,3.3069398,1.448676,0.47119015,0.49151766,0.18164232,0.191678,0.29504,43887.38611357452
383,400,1.3554426,-0.39814812,3.3365703,1.4618734,0.57408786,0.65447354,0.2360494,0.15017687,0.27104914,43863.97884392943
384,400,-0.3848798,0.09435159,3.4108088,1.4527802,0.5162493,0.6206843,0.17804962,0.16077767,0.28209627,43717.25137020335
385,400,-0.39791209,0.7825789,3.350362,1.4448681,0.47178113,0.52829623,0.1728986,0.17512792,0.2881443,43775.97875063256
386,400,-1.6018361,-0.8871809,3.3374567,1.4462312,0.46050778,0.49291274,0.17311545,0.18758121,0.2926302,43831.02901515412
387,400,0.7666632,0.3562928,3.3531868,1.4475142,0.51001453,0.5931859,0.17456098,0.15941599,0.28155887,43754.10002817323
388,400,0.5785215,0.34965447,3.3879404,1.4480954,0.5555065,0.6504111,0.2133117,0.1509439,0.27397847,43805.42389756747
389,400,1.0289356,-0.07228701,3.3280156,1.4570787,0.5711935,0.6417423,0.216461,0.15017323,0.27151695,43857.13110907667
390,400,0.3595044,-0.14456682,3.3695982,1.4704143,0.5536158,0.6443143,0.20097613,0.15189846,0.27613777,43762.42275192785
391,400,0.2509981,1.054758,3.343012,1.4552134,0.55054224,0.6390697,0.20414498,0.15036635,0.2721873,43811.56916952913
392,400,0.5232767,-0.17154633,3.356309,1.4511042,0.5662745,0.65156317,0.18197918,0.14945875,0.2720839,43811.79055281089
393,400,1.7746586,-0.3931532,3.4660254,1.4892917,0.54364383,0.65229475,0.18929254,0.15066564,0.27300185,43649.26302414634
394,400,-1.4465779,-1.5826856,3.3334932,1.446662,0.489095,0.55391186,0.17656031,0.17509344,0.2888102,43801.37633808307
395,400,-0.31088617,0.097400166,3.3450398,1.4484391,0.5570135,0.6383166,0.17885213,0.15278056,0.2779964,43806.407667931344
396,400,0.15650654,0.23218104,3.4374285,1.4504898,0.54209876,0.63979805,0.17513247,0.15598911,0.28319508,43715.69297395335
397,400,-1.424061,-0.49331987,3.4636464,1.4562823,0.5510541,0.66157895,0.17433791,0.15010402,0.26653263,43725.43511394119
398,400,-1.1335928,0.99675965,3.3537087,1.4490505,0.5068188,0.5801804,0.17538546,0.16116524,0.28249332,43753.67752063728
399,400,0.9605572,0.22584048,3.3603542,1.4504311,0.55161154,0.6470954,0.1798263,0.14994633,0.27298373,43788.32082692251
400,400,0.82455724,0.53117836,3.3349159,1.4493086,0.5218966,0.5916643,0.20576274,0.16743702,0.286439,43826.52434117298
401,400,0.21950956,0.39306292,3.3712664,1.4488728,0.5378867,0.6414286,0.17715701,0.15240464,0.27578387,43765.34223904411
402,400,0.95008844,-0.1513572,3.4179459,1.4531443,0.51756203,0.6210815,0.17749232,0.16117138,0.28312778,43711.84527993261
403,400,-0.44816536,-0.64933795,3.355947,1.4529234,0.48798475,0.52138144,0.17758323,0.17258087,0.28730476,43776.42137598021
404,400,-0.015682112,0.16092817,3.4146852,1.4530885,0.541789,0.64178014,0.24197903,0.15553765,0.28069568,43781.6196882983
405,400,-1.3479254,-0.7615734,3.341889,1.4483565,0.54255337,0.6257162,0.17715667,0.15587957,0.27999926,43795.37013495593
406,400,-1.7558906,0.45093447,3.3717692,1.4959286,0.5245391,0.6020298,0.24266961,0.16704686,0.284734,43742.81361387259
407,400,-0.7047003,0.9432607,3.3536544,1.4731328,0.5457169,0.63506675,0.1999484,0.15397432,0.27666226,43763.344364193355
408,400,0.2847906,-0.30937758,3.3795824,1.4663832,0.5526159,0.6432004,0.21291073,0.15264735,0.27767852,43769.24303561286
409,400,1.1452621,0.34649444,3.353644,1.446966,0.5023558,0.5825057,0.1742383,0.16154665,0.28278312,43751.35355727259
410,400,-0.058586553,-0.3175431,3.3336601,1.455375,0.5719146,0.6446246,0.20859718,0.14997241,0.2717416,43849.942098861095
411,400,-0.5028167,2.4124537,3.3553152,1.451104,0.5122535,0.57259893,0.17717439,0.16230917,0.28281516,43762.79565001714
412,400,0.9101789,0.3172182,3.3423743,1.4631883,0.49726066,0.59941936,0.23631373,0.15475903,0.27416956,43761.27341856639
413,400,0.33003512,2.2259443,3.3513815,1.4553757,0.53452474,0.6344334,0.20254555,0.15108411,0.27293444,43783.09752966528
414,400,1.6315974,0.37775916,3.3055701,1.4444709,0.4898619,0.5081393,0.22422138,0.1900876,0.2961069,43937.560749373675
415,400,-0.52867067,-0.10800384,3.414882,1.4533248,0.51248944,0.6170257,0.17832728,0.16224417,0.28286868,43712.18239588966
416,400,0.2863437,0.60884386,3.3549004,1.4485162,0.5440028,0.62006176,0.17684576,0.15443957,0.27790743,43786.05120725139
417,400,-0.83963245,-1.3682451,3.36038,1.4853334,0.54073215,0.6272661,0.21824607,0.15736099,0.2793569,43749.46224989838
418,400,-1.808144,0.41133425,3.4445407,1.4710071,0.5519249,0.6494312,0.18637148,0.15074958,0.27488157,43697.43189774032
419,400,-0.34791216,0.15634897,3.3922837,1.4504997,0.51176566,0.62303853,0.17909025,0.1592904,0.28048772,43727.938388582086
420,400,-0.8589724,-0.8989422,3.3543587,1.4549477,0.5316671,0.634649,0.19959983,0.15121402,0.2732663,43775.42380571699
421,400,1.0085973,0.52759737,3.4101157,1.4461465,0.5447971,0.6434247,0.18345276,0.15164009,0.27508807,43755.58474174864
422,400,0.24664895,0.60799253,3.3550727,1.452225,0.48655146,0.52258325,0.17703351,0.17220421,0.28727442,43773.87036249641
423,400,1.4944845,-2.069985,3.3280096,1.4462594,0.47642082,0.52289325,0.17685956,0.18336332,0.2916463,43831.008283442665
424,400,-1.1460004,0.047066096,3.381547,1.4528723,0.5358379,0.6224431,0.181105,0.15504862,0.2778529,43753.073818878474
425,400,0.045134015,2.339625,3.3480153,1.4607971,0.54739493,0.6369685,0.19068938,0.15330175,0.2760793,43784.64468591806
426,400,-1.0793432,-0.11422555,3.3286402,1.4477789,0.5204512,0.58949435,0.1814997,0.16550013,0.28710485,43804.51038640426
427,400,-0.9228233,-1.4513385,3.46335,1.4714547,0.5445553,0.6623519,0.17579867,0.14917669,0.26119038,43703.964522446
428,400,-0.20035347,-1.7140461,3.3606462,1.4564546,0.5614569,0.65479803,0.22204265,0.1499225,0.272732,43823.70158212723
429,400,-0.64295256,0.15011522,3.459193,1.4887892,0.5514549,0.6575079,0.18115641,0.14927478,0.26513007,43677.22225713517
430,400,1.1880298,0.3169426,3.3277175,1.4473037,0.52579767,0.59275454,0.1893612,0.16576797,0.2882015,43817.204078521434
431,400,0.5383296,-0.14244542,3.3497727,1.4488811,0.5673059,0.6484672,0.17631319,0.15015931,0.27404562,43814.7058445718
432,400,-1.6263219,-0.13482246,3.3493395,1.4472821,0.5534122,0.6404334,0.17522469,0.15196753,0.27538306,43802.176577234415
433,400,2.2697546,-1.4543657,3.4129744,1.469689,0.5642428,0.65250474,0.17993271,0.14977051,0.27292138,43734.234778827704
434,400,-0.024326125,-0.7380309,3.3625503,1.455643,0.4851904,0.50195384,0.18066496,0.17772095,0.28889555,43793.26708034404
435,400,-0.36918184,-0.23937918,3.3541331,1.4490298,0.48733068,0.5481105,0.17446321,0.16794126,0.28584635,43754.05653279272
436,400,0.8644362,-0.742165,3.3688278,1.4565837,0.55829406,0.6482352,0.19208616,0.15065658,0.27469414,43787.17027636569
437,400,1.1172835,-1.5639046,3.4156132,1.4491954,0.55716497,0.6493132,0.17514805,0.15196277,0.27828884,43750.27310700146
438,400,0.8449956,-0.67559385,3.3831425,1.44946,0.5430806,0.64046794,0.17641957,0.15320858,0.27691337,43762.12472868538
439,400,-0.30911446,-0.23346666,3.481109,1.4896994,0.53011954,0.66373646,0.1789828,0.14823768,0.2543779,43662.857598295406
440,400,0.44702417,0.10572,3.4684615,1.4451644,0.5016965,0.6210896,0.20211703,0.1577607,0.27911368,43683.782524217175
441,400,-0.13288058,-0.29779088,3.3590088,1.4577872,0.56202084,0.6552042,0.22747444,0.14998117,0.27262104,43827.970357353675
442,400,-0.017020414,0.37915173,3.396667,1.4501501,0.54197395,0.63859564,0.17617847,0.15428539,0.2789874,43748.36146922669
443,400,-0.36469355,0.15670386,3.3858745,1.4497788,0.5399536,0.63864875,0.17660025,0.15385571,0.2774471,43756.63813452381
444,400,0.16066119,-0.95264494,3.3552918,1.4503367,0.5240571,0.5921892,0.17708987,0.15891716,0.28090978,43767.69235732959
445,400,0.017515613,0.32362577,3.4635632,1.4462739,0.5246073,0.63643754,0.19643648,0.1538757,0.276152,43706.212844461144
446,400,0.5210649,-0.57578796,3.3822138,1.4580184,0.55249685,0.64572364,0.21105316,0.15215603,0.27695823,43781.500521719696
447,400,-0.033319283,-1.5308034,3.4759383,1.4898653,0.53449404,0.661677,0.179798,0.14833124,0.25745228,43662.058876994146
448,400,-0.6532847,0.078514025,3.4043398,1.4750807,0.5394054,0.6335007,0.24175847,0.15741988,0.283108,43745.36222283138
449,400,-0.26773354,-1.1280113,3.4803383,1.4472014,0.5106962,0.63144,0.20579302,0.15575892,0.27732915,43685.09361125663
450,400,0.52389103,0.08842209,3.389075,1.4875594,0.53874034,0.6300098,0.23629357,0.15748109,0.28190592,43730.910046952005
451,400,0.01862737,1.054325,3.3770804,1.4498743,0.5140123,0.6305076,0.18007736,0.1554127,0.27777576,43735.668741272704
452,400,0.46629006,1.7148316,3.3697932,1.4594324,0.5576332,0.64730144,0.19505969,0.15097173,0.2751593,43782.39708712314
453,400,0.08617684,2.190898,3.3099267,1.4461764,0.45519957,0.46316397,0.17686,0.19749993,0.2971133,43906.009576494034
454,400,0.030601824,-0.069641575,3.328464,1.461214,0.5262888,0.61811244,0.23281631,0.15203686,0.27220437,43806.63972805871
455,400,0.2891205,0.41287082,3.4111304,1.4467655,0.5556744,0.64784557,0.18241295,0.15064684,0.27412063,43766.5114163238
456,400,0.4537819,-1.8297404,3.4427505,1.4517686,0.5444384,0.64654243,0.1873432,0.1515759,0.2756719,43724.14065874611
457,400,-0.5215797,-1.1846865,3.3152242,1.4483758,0.48984995,0.53266066,0.18246081,0.18132357,0.292131,43845.72474300148
458,400,0.1508182,-0.25547078,3.3619351,1.4492732,0.5522351,0.6484792,0.17681834,0.14996213,0.2732773,43787.46842674543
459,400,0.87583274,-0.11510747,3.3419955,1.4628825,0.5699694,0.6560384,0.24005632,0.15021574,0.27134925,43855.729834114616
460,400,-0.6250274,-0.3903927,3.473085,1.4461954,0.5162641,0.6323766,0.20129663,0.15506798,0.27680928,43694.74062955789
461,400,0.28601253,0.9785673,3.330305,1.44607,0.51470554,0.5711597,0.20878594,0.17306612,0.2899691,43848.69058958952
462,400,-2.2555642,-1.0225068,3.380405,1.4542726,0.5258149,0.60237056,0.18163674,0.1584211,0.27976668,43746.54747381212
463,400,2.116791,-1.6108783,3.3744686,1.446909,0.5678949,0.6525358,0.17531034,0.14955594,0.27322295,43801.192442484
464,400,-0.6743327,0.031830557,3.38368,1.4740884,0.5494152,0.6396293,0.22283731,0.15398371,0.2791149,43757.002225805656
465,400,0.29871365,0.91064566,3.4033277,1.4530447,0.5278018,0.62495506,0.18433774,0.15495771,0.27836543,43727.35350914083
466,400,-0.8958158,0.5483281,3.456605,1.4584367,0.55106163,0.66158503,0.17482322,0.14973891,0.26503375,43729.76356592083
467,400,0.9304085,-0.17531641,3.3474972,1.4522567,0.5516303,0.6385983,0.18572442,0.15308833,0.27631637,43801.56163375184
468,400,-0.49901664,0.021351224,3.3594441,1.4517293,0.5115311,0.5625866,0.17900608,0.1644177,0.28383183,43767.60266544846
469,400,1.5877615,-0.6432576,3.3201056,1.4481523,0.4986396,0.55239135,0.18179531,0.17596129,0.29047638,43826.61768836336
470,400,0.38273242,-0.03424228,3.2953668,1.445936,0.48512933,0.5061813,0.19225085,0.18820047,0.29555687,43906.02652801329
471,400,-0.15602389,1.0490932,3.3519154,1.4520427,0.5615048,0.64724857,0.1865298,0.1497311,0.27225918,43810.35922844593
472,400,-1.6064397,-1.3730536,3.3516407,1.4446206,0.4679624,0.5150724,0.17266297,0.17804764,0.2892102,43786.73000316841
473,400,-1.3342584,-1.3467175,3.4777246,1.4450582,0.49423575,0.6152693,0.207914,0.1592529,0.27993098,43674.82444761989
474,400,0.60413677,-1.6295836,3.3494084,1.4542154,0.546769,0.6398184,0.19779804,0.15036063,0.2724083,43798.54165840427
475,400,-1.2597873,0.028620504,3.3443887,1.4552119,0.5716402,0.65052634,0.20247427,0.14977154,0.27142256,43838.220110360504
476,400,1.2605689,-0.100393504,3.4347947,1.4543867,0.55742383,0.65855426,0.17501228,0.14962502,0.2678763,43749.792213259374
477,400,0.04949498,0.4938368,3.3269863,1.446937,0.5246237,0.5914377,0.18725495,0.16577584,0.28814787,43815.70089810069
478,400,-0.120406635,-1.479316,3.4295156,1.4488492,0.5616742,0.655455,0.17487219,0.15024787,0.27366304,43753.96390038973
479,400,1.4219756,0.45636335,3.4149394,1.4549105,0.46713835,0.56706977,0.1896305,0.17709386,0.2872031,43706.16195027904
480,400,-1.1046166,-0.030936258,3.3174891,1.4464346,0.4592328,0.47610804,0.17662585,0.19460282,0.29566902,43884.48223483322
481,400,-0.34069234,-1.2631729,3.31887,1.4456217,0.46346688,0.48557457,0.17725708,0.19266269,0.29490227,43878.02183720907
482,400,0.067492254,0.016338084,3.3596349,1.450227,0.53912026,0.61382055,0.17776065,0.15572935,0.2786547,43776.71658776597
483,400,-0.98551077,-1.471835,3.3795917,1.4491093,0.55707735,0.6494398,0.20191453,0.1508401,0.27452996,43800.59661022301
484,400,-0.84832054,-0.32566947,3.3253403,1.4448444,0.45979458,0.48298198,0.17512184,0.19192266,0.29431865,43867.3735035092
485,400,-0.26800337,0.8024564,3.3589668,1.4448353,0.45442015,0.46083826,0.17120008,0.19421567,0.29521525,43852.66291425344
486,400,-0.7994224,0.2407875,3.3876677,1.4479667,0.5525399,0.6527632,0.21880355,0.15069325,0.27371004,43806.418012707574
487,400,-0.35687152,0.54565734,3.339555,1.4582496,0.5739191,0.651999,0.21926817,0.14991783,0.2712372,43853.20200644452
488,400,-0.5654978,0.4760314,3.345008,1.4555752,0.571534,0.6512724,0.2049284,0.14975834,0.27146807,43838.76405270134
489,400,0.21348006,-1.2085737,3.3418114,1.4559284,0.5726658,0.6501818,0.20607287,0.14984234,0.27130878,43843.36178721015
490,400,-0.36555108,0.9380925,3.3072982,1.444121,0.48907998,0.5066543,0.22691298,0.1904884,0.29606307,43940.74633455602
491,400,-1.3804307,-0.53591454,3.377362,1.4519513,0.48741353,0.6104611,0.20135006,0.1561799,0.27629888,43716.24850790803
492,400,-1.405963,-0.5900577,3.3600385,1.4482224,0.56330335,0.651353,0.17549439,0.14937682,0.2728599,43803.26584383006
493,400,0.7539915,1.0653155,3.350634,1.444528,0.4650291,0.5060826,0.17245586,0.18076895,0.2901057,43798.21733586443
494,400,0.91722155,-0.057042867,3.4151928,1.4490813,0.5550033,0.64762163,0.17519249,0.15239577,0.27884015,43748.08752178682
495,400,-2.6591723,0.60631955,3.3284428,1.446041,0.4568075,0.47532824,0.17397846,0.19336788,0.29473394,43867.86075318941
496,400,0.105232134,-0.09165941,3.41718,1.4495202,0.5447871,0.64051753,0.17541829,0.15449038,0.28090823,43734.545683732365
497,400,-1.1474687,-0.43782005,3.3980024,1.4476553,0.5483464,0.6528801,0.23195568,0.15128732,0.27444142,43805.04486140229
498,400,-0.45380405,0.40326455,3.3404493,1.4556365,0.554284,0.6394255,0.20601925,0.1503572,0.2720758,43819.29237601872
499,400,2.259309,-0.042257152,3.344679,1.4547969,0.5508248,0.63991505,0.20171028,0.15030652,0.27222434,43809.422078123534
0,500,0.0076174983,0.88686466,3.4286325,1.4613516,0.5263861,0.66286373,0.17410848,0.14803405,0.27719772,43670.68257761456
1,500,-0.52886987,0.17371185,3.4526715,1.480315,0.52470213,0.65214443,0.18481123,0.14970075,0.27986148,43623.364843005715
2,500,1.9559124,0.39009333,3.425187,1.4718655,0.53044593,0.65480417,0.17918901,0.14910226,0.27912915,43659.56943316803
3,500,0.8416313,-0.24945858,3.3917832,1.4621989,0.49108705,0.63916606,0.17835563,0.15484211,0.28131086,43661.536679765246
4,500,-0.15503581,0.06606026,3.3752894,1.4628662,0.5012956,0.6108111,0.17488898,0.16107525,0.28578222,43691.455469781155
5,500,-0.3119761,-0.84029037,3.407583,1.4666065,0.50173736,0.52307016,0.17726518,0.16519633,0.29029727,43683.22051987416
6,500,2.4884417,1.6959696,3.425246,1.4608257,0.5295461,0.66167647,0.17412856,0.1485233,0.27934402,43674.0345273332
7,500,0.99090916,-0.1867091,3.3839643,1.4738554,0.5220254,0.64835376,0.19204119,0.15049395,0.28111878,43680.83337703203
8,500,-1.6324233,-0.06713416,3.4090924,1.4641926,0.48957616,0.6247578,0.17940713,0.1650758,0.28453094,43676.43425236099
9,500,0.8253722,-0.29832315,3.4420428,1.4658141,0.5134287,0.6319237,0.18605888,0.15335886,0.28304762,43641.460930345835
10,500,-1.5096616,-0.2773914,3.4289443,1.4622737,0.52770764,0.65165883,0.18109691,0.14953558,0.27965707,43670.88545349134
11,500,-0.79991364,-0.22007579,3.3849678,1.4782869,0.5064965,0.6217147,0.22605366,0.15740341,0.28717387,43683.99192047662
12,500,1.3277828,-0.10128149,3.424065,1.4615458,0.52920496,0.6583435,0.17438008,0.15022969,0.28256264,43671.327231640695
13,500,-1.4227949,1.9223248,3.366218,1.4656007,0.48390147,0.5214969,0.17905995,0.18673639,0.29364175,43778.38056053499
14,500,-1.540797,0.06326199,3.4166536,1.4631962,0.5233115,0.6477091,0.17513818,0.15385237,0.28371298,43674.752072733245
15,500,0.42258036,0.5474806,3.3753126,1.457228,0.5143225,0.6061513,0.21341562,0.16075385,0.29027984,43735.32628415947
16,500,0.9424681,-0.26759475,3.3815093,1.4713931,0.51164544,0.6305475,0.21211858,0.1549168,0.28539664,43691.17907484355
17,500,-0.67246044,-0.35955316,3.4869983,1.4983369,0.5187655,0.66438687,0.19034243,0.14920099,0.2741637,43587.86848020952
18,500,-0.13370156,1.0777438,3.4011312,1.463933,0.52123636,0.65988606,0.22390713,0.14874463,0.27906576,43711.773741394005
19,500,0.9208588,0.31872764,3.3599932,1.4650362,0.4993061,0.53306115,0.18412223,0.18300903,0.2940612,43788.67964595763
20,500,-0.39522898,-1.1594205,3.3716855,1.4634411,0.52415395,0.62561786,0.17896533,0.15609117,0.2860722,43706.76586718041
21,500,-0.679593,-0.5643179,3.4157357,1.462451,0.527146,0.64956605,0.17951241,0.14976199,0.2797947,43677.35880273106
22,500,-1.0452534,1.2111453,3.4306612,1.4759393,0.5251388,0.6605672,0.1758239,0.14822517,0.27623147,43646.03554394668
23,500,0.22425222,-1.6786884,3.382084,1.4637071,0.51909274,0.6495235,0.18331909,0.14892119,0.27836764,43690.622994923375
24,500,0.040071458,-0.3277549,3.4496076,1.4638064,0.52182245,0.64837265,0.18573555,0.15030546,0.28058714,43649.89259788967
25,500,0.01050002,1.7858706,3.3738,1.4631326,0.4869561,0.57763505,0.17532179,0.1704754,0.28893128,43704.2175690006
26,500,1.370989,-0.50984323,3.4696205,1.4632213,0.5146064,0.63659966,0.19546032,0.15212253,0.28142655,43635.98080808542
27,500,-1.1268258,-0.7306777,3.38655,1.4615836,0.52790785,0.65631926,0.17402022,0.14889023,0.2784099,43698.163642902386
28,500,-0.40318832,0.94940555,3.4037642,1.4608289,0.529349,0.65913635,0.1740686,0.14847247,0.27815056,43689.72264724839
29,500,0.48111513,2.759355,3.3697262,1.4622929,0.52831763,0.64608204,0.2271495,0.14778866,0.27820295,43741.02748763154
30,500,0.51291686,-2.5412388,3.378496,1.4630892,0.52353925,0.6447893,0.18803516,0.1511396,0.28213984,43701.88393381801
31,500,-0.27643284,-0.25957698,3.387345,1.4632338,0.5007418,0.6455644,0.1788307,0.15070869,0.27941322,43664.62005500339
32,500,-0.4555325,0.017479159,3.4192848,1.4611982,0.51813364,0.6517035,0.22651067,0.15064988,0.2821138,43699.52538377851
33,500,-1.5023966,-1.7776669,3.415791,1.4625775,0.52611226,0.6486784,0.17958939,0.15002495,0.28001255,43676.07332369711
34,500,0.40234163,-0.6848101,3.408022,1.4626548,0.52544415,0.65132326,0.17472593,0.1517781,0.2820683,43680.5039591949
35,500,-0.40155753,-0.46847606,3.4776614,1.4646297,0.5102853,0.62829864,0.20097269,0.15341476,0.28227663,43626.87116877164
36,500,0.60815644,1.1149623,3.382018,1.4642853,0.50699615,0.6392874,0.19281459,0.14991249,0.27942252,43679.17436552661
37,500,0.92379653,-0.13256802,3.4329057,1.4602607,0.52833474,0.66299367,0.1740763,0.14817408,0.27864382,43669.27710702591
38,500,0.46637958,-0.09439251,3.36833,1.4592922,0.51835734,0.59621775,0.2018653,0.16396508,0.29212037,43742.325095644046
39,500,2.4512298,-0.21120599,3.4127123,1.4629307,0.5248171,0.65001714,0.17490467,0.1526004,0.28288126,43677.2503450881
40,500,0.88518757,1.4737648,3.3836713,1.4627397,0.49507377,0.59433776,0.17312877,0.15839636,0.28561538,43662.71855964447
41,500,0.18970262,1.7025702,3.3684106,1.4622115,0.5229224,0.6124024,0.18594067,0.15945543,0.2894196,43718.9838198408
42,500,-0.1734639,-0.51002955,3.3796473,1.4646182,0.52487874,0.65040344,0.18297689,0.14984117,0.28029895,43697.233318693696
43,500,-0.46684554,-1.4169061,3.3642585,1.4652567,0.5012679,0.55115694,0.18126887,0.17824921,0.29243565,43762.158736139056
44,500,-0.7621145,-0.88778013,3.439626,1.4681771,0.52544105,0.65159243,0.18243545,0.14971462,0.28000492,43651.40140103902
45,500,0.54261076,0.71593887,3.3852105,1.4801985,0.49968114,0.60448873,0.23732315,0.16206664,0.28961498,43690.265821470835
46,500,1.0996596,0.6552637,3.4405274,1.4638276,0.5277461,0.6530713,0.17524351,0.15353271,0.28599146,43659.15858595351
47,500,0.33057675,0.94924647,3.3874407,1.4646771,0.5023125,0.5786536,0.1738571,0.15916003,0.28679293,43667.338733382385
48,500,1.9050636,-0.01477722,3.377985,1.4655668,0.463403,0.51518625,0.17336066,0.18239433,0.29246566,43720.76286447339
49,500,-0.813596,-0.5216415,3.397458,1.4643961,0.46397692,0.60836434,0.18843058,0.163538,0.2843169,43646.388798821725
50,500,-0.18375573,0.8246182,3.3923376,1.4637797,0.47761285,0.6300937,0.18231505,0.15638094,0.2820608,43645.29305110759
51,500,-0.9768954,-0.58957994,3.378186,1.466398,0.50331855,0.6015768,0.23127395,0.16271561,0.2900148,43723.13341792927
52,500,-0.8391294,0.99012136,3.378115,1.4623724,0.5296615,0.6498244,0.17920578,0.14997356,0.28092238,43704.49604063479
53,500,-0.35399392,-1.3749512,3.373587,1.4633399,0.526492,0.635165,0.1772972,0.15369116,0.28408754,43704.25258957858
54,500,0.50538695,0.35924914,3.433198,1.4581184,0.5143402,0.65987635,0.24448244,0.14944981,0.28056812,43706.77386453363
55,500,-1.6388073,-0.7333128,3.4241748,1.4654799,0.50658166,0.6290972,0.17722847,0.16433369,0.28577715,43679.249180629056
56,500,-0.010056471,1.238007,3.391303,1.4625496,0.5313832,0.6578413,0.17405023,0.14855663,0.2776341,43698.79742766613
57,500,-2.364174,0.020334182,3.3897848,1.4634838,0.5189234,0.6097071,0.17499079,0.15366055,0.28408062,43675.24705640913
58,500,1.4665787,0.85255194,3.4004574,1.4643598,0.5182987,0.6011815,0.17645493,0.1551481,0.28480512,43669.827613927904
59,500,0.93184835,0.339965,3.3825305,1.4625967,0.496596,0.6031718,0.17318489,0.15717739,0.28494796,43663.023469555716
60,500,1.3243587,-0.1722008,3.3620791,1.4633787,0.51477253,0.5706184,0.19001035,0.17071918,0.29319608,43754.11537465129
61,500,-0.46931073,0.8756957,3.3582556,1.4642544,0.50459576,0.53857034,0.18678813,0.18070385,0.29433852,43788.39074555742
62,500,-1.270485,0.9693967,3.3868103,1.4640603,0.5081999,0.59315497,0.17412844,0.15666619,0.2855509,43669.20824566988
63,500,1.867559,0.90604466,3.3988283,1.4633255,0.5216275,0.65878654,0.20847812,0.1488683,0.2788428,43703.92773999776
64,500,-0.64718145,0.47224715,3.4776278,1.4696019,0.49346796,0.5968454,0.20319131,0.16075832,0.28688252,43608.48029796672
65,500,1.0685093,-0.4533858,3.4016228,1.4622208,0.46370494,0.60263,0.1871963,0.16872537,0.28541416,43664.87653110344
66,500,-1.4219198,1.997956,3.3633232,1.4641982,0.50923336,0.5682055,0.18288136,0.1727578,0.2920169,43750.68119327933
67,500,-0.34745064,-0.5812685,3.3842664,1.4617914,0.53251463,0.64833057,0.17454495,0.14938478,0.27955106,43701.97167201561
68,500,0.068599224,-0.2722761,3.4675164,1.48542,0.5204181,0.6499888,0.1896399,0.15019579,0.28042477,43602.545201044144
69,500,0.8733118,1.1997361,3.4348414,1.4622133,0.52638316,0.6493838,0.18286428,0.14983425,0.27975,43666.77119910097
70,500,0.0014710003,-0.76670486,3.4771934,1.4637072,0.5107879,0.63080645,0.2004134,0.15313172,0.2820332,43629.36940153336
71,500,0.42625874,0.676908,3.3695397,1.4640888,0.47833166,0.53281164,0.17686546,0.18360811,0.2925142,43752.9813945584
72,500,2.0140603,-0.30676576,3.3800814,1.4631989,0.5304274,0.65704954,0.17408949,0.1483115,0.2777084,43702.52259528086
73,500,0.6433145,-1.5706234,3.3741612,1.460079,0.52321315,0.621029,0.19488999,0.15723786,0.28850055,43719.89568315786
74,500,-1.6429653,-0.40607178,3.3700452,1.4648505,0.50434536,0.5840191,0.17741817,0.16924667,0.28924707,43722.94965270512
75,500,-0.91800475,0.25249663,3.3991127,1.4610533,0.52953345,0.65830886,0.17403892,0.14874145,0.27891085,43691.558393967425
76,500,0.62523144,-1.6020577,3.435397,1.4641484,0.5248833,0.6476654,0.1755529,0.1554073,0.2861364,43663.87639177609
77,500,-0.5096522,-0.4380743,3.4104598,1.4658884,0.52127814,0.6236355,0.17870441,0.15298495,0.2826318,43665.39463938748
78,500,-0.8031414,-0.46433768,3.3793206,1.4648895,0.5287349,0.65529186,0.23355417,0.14800578,0.276895,43742.35467345013
79,500,0.10058121,0.53916126,3.3792753,1.4612557,0.52923274,0.6502902,0.17376393,0.14934775,0.27909675,43703.28202888761
80,500,-0.36343777,0.77905124,3.3819623,1.4624429,0.52122915,0.632182,0.17380837,0.1517492,0.28182882,43686.98029549974
81,500,0.49374178,-0.11610394,3.3832092,1.4619765,0.52882946,0.6406072,0.17433083,0.15016939,0.28067723,43695.58956959796
82,500,-0.7742951,-0.26938978,3.358172,1.4673268,0.4651764,0.46660373,0.18205853,0.19804642,0.2974112,43831.858607877846
83,500,-0.035742734,0.33601573,3.3755202,1.4629328,0.5271637,0.6507889,0.20886931,0.14816704,0.27790448,43724.26299622959
84,500,-1.0574737,-0.55598503,3.3901703,1.4641902,0.5096271,0.5876937,0.1747106,0.15647359,0.28584743,43667.329465506
85,500,-0.34796184,-1.3533889,3.3854465,1.4637387,0.47724628,0.54864115,0.17263886,0.16752987,0.28916,43669.684538850524
86,500,0.46079433,-0.40098616,3.3994846,1.4631166,0.5190402,0.64792037,0.17510751,0.15293165,0.28101772,43683.849134035685
87,500,0.43480796,0.54009444,3.3806818,1.4660268,0.45877305,0.49045345,0.17251565,0.18750168,0.29400453,43742.8076974575
88,500,0.46838522,1.735879,3.3989048,1.4882052,0.5211972,0.644501,0.21705395,0.15248756,0.2832715,43664.9917575713
89,500,1.285984,-1.5069984,3.3919005,1.4629688,0.47672752,0.6251043,0.18756945,0.15461855,0.28136098,43642.38552562451
90,500,-0.20289683,-0.10988278,3.37246,1.46456,0.4579565,0.48162347,0.17470066,0.19307128,0.2952127,43780.67326137804
91,500,0.5559627,0.8924739,3.3886652,1.4632996,0.4919871,0.6388796,0.1822275,0.15174331,0.28001264,43655.32959651575
92,500,-0.6126257,-0.82282835,3.4188209,1.464736,0.5117428,0.6359802,0.17639458,0.16020125,0.28471708,43677.321916431094
93,500,-0.83218604,0.17233914,3.4151537,1.4612184,0.52136153,0.6568418,0.22102106,0.14909215,0.27923334,43704.898611549026
94,500,-0.067275606,-1.3183959,3.3858702,1.4638431,0.4773224,0.54628396,0.17263238,0.16777007,0.28927135,43670.66707862512
95,500,0.75194657,0.5629897,3.4299643,1.4625039,0.5256694,0.6632395,0.17417166,0.14794375,0.27657023,43668.319306142526
96,500,-0.07311965,-1.2973796,3.4752097,1.4644153,0.5116794,0.6304657,0.1991812,0.15304457,0.28203905,43629.17805792726
97,500,1.7549862,-0.13298842,3.3737767,1.4631152,0.5278851,0.636986,0.17860244,0.15311094,0.28430718,43704.706958468494
98,500,0.69153875,0.6947491,3.417328,1.4671357,0.5169752,0.6078989,0.17989881,0.1551636,0.28398216,43655.96275738501
99,500,-0.9443685,0.23810315,3.4082246,1.462769,0.5236144,0.649227,0.17490701,0.15271671,0.28237334,43680.45511662405
100,500,0.777277,-0.29104146,3.379638,1.4670628,0.51310426,0.6299696,0.20922174,0.15504612,0.28553444,43700.252896592894
101,500,-0.56931204,0.26990435,3.3810987,1.4650494,0.46333888,0.5126586,0.17260168,0.18073812,0.2923286,43713.16102570399
102,500,-0.33868217,2.0347626,3.433876,1.4643769,0.52042913,0.6411757,0.1759512,0.1583237,0.28678,43667.51932382156
103,500,-0.40317693,1.222445,3.3771822,1.4631354,0.5268309,0.6520716,0.20273226,0.14827539,0.27783328,43718.81710965576
104,500,0.05095428,-1.7942293,3.3622088,1.46645,0.47621673,0.4905691,0.18085472,0.19375633,0.2956885,43813.61236437323
105,500,-0.6599427,0.21301717,3.3909757,1.4618878,0.5268146,0.6548649,0.17419586,0.14957693,0.27925396,43693.61206217899
106,500,-0.8351927,-0.9467404,3.4162502,1.4604843,0.5173071,0.6592357,0.22927031,0.1491968,0.2794925,43707.29162648494
107,500,1.8219151,-0.07565047,3.3755906,1.4659772,0.45917273,0.49166918,0.17379789,0.18940245,0.29425073,43755.531130565265
108,500,1.5788652,-0.7955006,3.4290516,1.4634494,0.52716166,0.6522528,0.17505592,0.15283018,0.28454596,43666.39407670498
109,500,-0.79228663,-0.5316059,3.3808637,1.4650935,0.52868026,0.65632904,0.233084,0.14800546,0.2770067,43740.57305633048
110,500,0.15466884,1.0415684,3.3739426,1.4653726,0.45925906,0.4902083,0.17423178,0.19035842,0.2944558,43763.36986152589
111,500,-1.6047385,1.4587147,3.4248528,1.4685652,0.51559484,0.6465661,0.23653984,0.15203337,0.28425732,43685.76159544252
112,500,2.5263681,1.7699214,3.3973958,1.4631106,0.5227261,0.6545557,0.19254676,0.1492624,0.27937058,43693.47779208186
113,500,1.0963469,-0.2342158,3.4830031,1.4636207,0.50737506,0.6282909,0.20507748,0.15373695,0.28275567,43624.34295994344
114,500,-0.7408667,-0.60829115,3.4034371,1.4618398,0.520568,0.6580496,0.20658417,0.14894173,0.27870026,43701.0490371149
115,500,-2.094603,0.12372191,3.3760593,1.4636705,0.4778131,0.5686199,0.17405832,0.16994026,0.28897142,43685.9396340989
116,500,-0.13010696,0.09395323,3.461969,1.4605668,0.52315414,0.6689031,0.17414452,0.14735878,0.2769874,43647.13436159301
117,500,1.6692508,0.3019892,3.3800817,1.4642694,0.5060153,0.6359718,0.19948906,0.14981954,0.27939186,43682.979146179656
118,500,-2.115056,1.4053655,3.4230962,1.4642106,0.51751167,0.64004153,0.1759705,0.15830384,0.28530496,43674.30860700269
119,500,0.067516856,0.77760416,3.437528,1.4712607,0.50250226,0.54157716,0.18416551,0.16510533,0.28840548,43652.90077639496
120,500,0.8145198,0.058925588,3.3720665,1.4627055,0.52773696,0.6489738,0.22199824,0.14797233,0.2778896,43736.418288903915
121,500,-0.7657022,0.55578697,3.4295611,1.4602379,0.5185435,0.6575593,0.23961322,0.14940618,0.28039664,43706.2287731606
122,500,0.037005723,0.76790243,3.3952258,1.4666414,0.47263962,0.48715705,0.17245036,0.1796945,0.29329342,43721.61239746607
123,500,-1.0053118,0.10140715,3.4178996,1.4625612,0.46022654,0.5788094,0.18932053,0.18348274,0.28842452,43702.74961098825
124,500,-1.2128679,0.28376955,3.3810658,1.4637369,0.517164,0.6468452,0.18766227,0.14895289,0.27852482,43690.78328572039
125,500,1.5133281,0.55313206,3.4840918,1.4674206,0.50425744,0.6156086,0.20730583,0.15548696,0.2837016,43615.4230671048
126,500,-0.14268771,-1.2276365,3.3671436,1.4646854,0.5071929,0.57617587,0.17974992,0.17108893,0.2905233,43736.799505292205
127,500,-0.6564637,-2.8345544,3.3547044,1.4641289,0.50507176,0.52783686,0.19197074,0.1828044,0.29552284,43807.201614276375
128,500,-0.14876615,0.0960042,3.404554,1.4641764,0.5203675,0.6607815,0.23316452,0.14874044,0.27936703,43714.60942081514
129,500,0.86259604,-2.6556191,3.3753285,1.4635255,0.47368854,0.55299044,0.17424297,0.1744283,0.29019547,43700.32131551061
130,500,1.6606076,-1.4166034,3.4312694,1.4639602,0.5193112,0.64167124,0.18299517,0.15145557,0.28133404,43657.05038976986
131,500,0.4595849,0.28005785,3.4316316,1.4609529,0.5297496,0.6620473,0.17418255,0.14913525,0.28144622,43667.64500207359
132,500,0.9606934,1.3290628,3.3714678,1.4640782,0.5288942,0.65020573,0.23842579,0.14801615,0.27688223,43751.670641370656
133,500,-1.9518042,-0.6598917,3.3947215,1.4627824,0.5226337,0.65735245,0.19060427,0.14879134,0.27825013,43696.265493081744
134,500,0.20984948,-1.2406245,3.418624,1.4654028,0.5068357,0.63106114,0.17726961,0.16269904,0.28485075,43679.35821611193
135,500,0.81267405,0.58725935,3.4053166,1.4651625,0.5120807,0.5702456,0.1770518,0.15882277,0.28721437,43667.60209144544
136,500,0.370825,0.1420618,3.4876027,1.4919679,0.5101602,0.6431557,0.2029653,0.15183823,0.28211188,43574.62456989109
137,500,-1.2986867,1.2760754,3.3909957,1.4622825,0.5009066,0.644714,0.17674595,0.15323634,0.2805671,43670.32722696227
138,500,1.3645319,-0.6894492,3.3990536,1.4622304,0.5234249,0.65675366,0.19440967,0.1487786,0.27832562,43697.62522355081
139,500,-1.3159074,-0.4615846,3.3901637,1.4656494,0.4548374,0.46367452,0.17123644,0.19311547,0.2958944,43768.48502687739
140,500,-0.51751906,-0.97882986,3.4360602,1.4635823,0.5186306,0.64076304,0.18417098,0.15154639,0.28138208,43654.40044022009
141,500,1.5927707,-0.25857264,3.433322,1.4598606,0.5181116,0.65743935,0.2422617,0.14951341,0.2805953,43705.801940303325
142,500,0.5898798,-0.36385882,3.4188118,1.4660369,0.5196228,0.62772006,0.1805361,0.1526354,0.28265902,43657.75890266195
143,500,-0.87079716,-0.5788497,3.4578097,1.4627221,0.52965105,0.6580365,0.17531855,0.15362602,0.28782493,43651.04774522538
144,500,-0.19065349,-0.3948495,3.3686848,1.4614724,0.52258825,0.61486316,0.1884442,0.15885276,0.28949827,43719.14716821439
145,500,1.3905339,-1.6413486,3.3660665,1.4646671,0.45664376,0.46652627,0.17725438,0.19756131,0.2969308,43812.95433424052
146,500,-0.1983989,0.0941923,3.3704772,1.4645411,0.49150535,0.60170317,0.23495774,0.15043397,0.2807326,43689.9702593938
147,500,0.192729,0.69643867,3.4060402,1.465332,0.51409453,0.58354205,0.17723624,0.15744078,0.2861597,43664.94808722437
148,500,0.76877064,-0.4213276,3.366009,1.4656484,0.48337826,0.5194316,0.17915155,0.18724856,0.29377693,43780.65277996346
149,500,-0.45408037,0.08595198,3.4186902,1.4957249,0.5137248,0.63223296,0.24248582,0.15741509,0.286999,43655.54264568236
150,500,0.978738,2.2408931,3.4163857,1.4873061,0.51668483,0.64275706,0.23441535,0.15273401,0.28470272,43658.83334305681
151,500,1.1813786,-0.63190377,3.449313,1.4641898,0.51342845,0.63410014,0.18819685,0.15275992,0.28232744,43640.96758762537
152,500,0.6234536,0.8906717,3.3749962,1.4571768,0.5119753,0.6015438,0.21823996,0.16206047,0.29078302,43740.30272950742
153,500,-0.0616264,-0.10730527,3.3727071,1.46342,0.5222485,0.62648,0.17696191,0.1564252,0.2850981,43706.19645872454
154,500,1.3264617,-0.9646064,3.3681514,1.4641066,0.46567896,0.49426204,0.17714779,0.1924407,0.2948814,43788.44810099726
155,500,-0.9072984,0.051945396,3.419167,1.4631532,0.52565926,0.6504252,0.17500694,0.15287809,0.2836273,43673.1405394137
156,500,-1.4902654,1.4961396,3.3650513,1.4617274,0.51980674,0.5952553,0.19044986,0.16406834,0.2916818,43734.93523024909
157,500,-0.12824197,-0.27177158,3.3735545,1.4579574,0.51858264,0.6017939,0.20807192,0.16220184,0.29128465,43740.46894331992
158,500,-2.0306845,2.064493,3.4188442,1.4603958,0.5217307,0.6565068,0.22579035,0.14927197,0.2795396,43707.71527011448
159,500,0.21555306,0.56800735,3.3854885,1.4632657,0.50506425,0.64316773,0.18421404,0.15026902,0.27931374,43672.84934777796
160,500,-1.1043833,0.05216508,3.3781705,1.4620603,0.5259948,0.64989305,0.1738593,0.15004805,0.2793585,43700.76183854203
161,500,-0.039282817,-1.1680934,3.3896892,1.465744,0.4936107,0.5488891,0.17367074,0.16409846,0.28892747,43672.56093964058
162,500,0.08261103,-0.8215345,3.394305,1.4865587,0.5223876,0.6449845,0.21218504,0.15214112,0.28293946,43668.33562890312
163,500,0.6027077,-0.5946498,3.3775127,1.4628785,0.52677715,0.6509204,0.19873346,0.14824119,0.27807292,43714.83005218796
164,500,-0.9571475,-1.3484243,3.4020612,1.4610732,0.5230694,0.6555543,0.19858149,0.14913346,0.27890366,43699.861003533144
165,500,1.8081318,0.43663847,3.3545208,1.4681437,0.4744779,0.47235984,0.18445148,0.19711299,0.29718944,43841.36853106125
166,500,0.40262553,-1.775888,3.38121,1.4642519,0.52734536,0.65530306,0.20715281,0.1483543,0.27728856,43720.92559004923
167,500,1.0590272,-1.0225644,3.3692698,1.4633217,0.52225715,0.6128927,0.18247515,0.15929613,0.28856176,43714.28021448756
168,500,2.696224,-0.07392467,3.3678808,1.4635749,0.5189431,0.60370785,0.18150969,0.16201495,0.2891914,43718.96211809212
169,500,-0.9389816,1.017021,3.376529,1.4625845,0.5263728,0.648867,0.20195569,0.14809054,0.27825004,43716.135636135325
170,500,0.93639857,-0.5256406,3.4262967,1.4645519,0.51600766,0.63763386,0.17623483,0.15987095,0.2859419,43674.175880412
171,500,-1.177629,-1.1401963,3.4008224,1.46241,0.48120183,0.6264173,0.18040553,0.16217014,0.28351954,43665.63171119832
172,500,-1.5824945,2.2436018,3.4345315,1.4603583,0.5272872,0.6634175,0.17409423,0.14802657,0.2779187,43668.10144305792
173,500,0.31716064,0.52004063,3.3854446,1.4640771,0.52620286,0.6573448,0.20126463,0.1483469,0.27765283,43712.28718237995
174,500,-0.13105401,1.1330799,3.3545387,1.4673827,0.48483312,0.48769677,0.18600026,0.19404638,0.29640833,43836.91067620245
175,500,2.1531198,0.4683049,3.3765635,1.4634821,0.5152798,0.64108527,0.20260039,0.14849938,0.2786122,43699.07462951039
176,500,0.36584878,1.2978252,3.375502,1.4626987,0.52558964,0.64689004,0.20480165,0.14807253,0.27835327,43716.79982606676
177,500,-0.6038396,-1.149554,3.4187932,1.4710702,0.51748204,0.64726853,0.23103869,0.1515772,0.28374884,43683.19003566221
178,500,1.1523316,1.0796186,3.412934,1.461758,0.52777046,0.66065043,0.17411034,0.14826535,0.27727675,43681.976538922274
179,500,1.8495913,-0.21416666,3.3661978,1.464577,0.5065454,0.5713214,0.18038969,0.17249566,0.29105908,43742.77441675564
180,500,1.8831507,-1.347759,3.456929,1.4594578,0.526306,0.6673872,0.17407323,0.14769706,0.27854043,43653.05248326019
181,500,-1.5482544,0.5319746,3.3730812,1.4646302,0.45907044,0.48769924,0.17454393,0.19143835,0.2947191,43771.42565162104
182,500,0.4064155,-0.1931767,3.432208,1.4589005,0.51575905,0.65932745,0.24325825,0.14937979,0.28061602,43706.23505459226
183,500,1.7327212,0.6845011,3.3721507,1.4524317,0.5084252,0.56312555,0.22926489,0.17227778,0.2947573,43794.20996968732
184,500,-0.47003287,-0.21673147,3.4221945,1.4648749,0.51308846,0.6359377,0.17639601,0.16050208,0.28535253,43676.27088337023
185,500,-1.0043228,-0.9981917,3.3874607,1.4794142,0.5229063,0.6476234,0.19813798,0.15091622,0.28149647,43674.91172892953
186,500,0.018922104,-0.082034156,3.4106503,1.4604399,0.52118903,0.6540246,0.21274886,0.14964138,0.2804379,43701.05617545988
187,500,-1.7685385,0.3554818,3.475929,1.4878424,0.50977,0.6679914,0.17871429,0.1472752,0.2722989,43590.12511924245
188,500,-0.6579261,0.9688826,3.3579695,1.4660633,0.49190328,0.5091546,0.18482386,0.18921101,0.29524752,43814.15887535763
189,500,0.88649154,-0.27213177,3.409044,1.4647985,0.52384156,0.63571185,0.178611,0.15140083,0.2816031,43670.65615077767
190,500,-0.4957955,1.2165778,3.3946218,1.4676055,0.4781053,0.49522054,0.17311615,0.17617276,0.29259494,43710.06702560265
191,500,-0.35343176,-1.6164742,3.4275928,1.4801109,0.52999,0.6568907,0.17829256,0.14905632,0.27807045,43646.07747368459
192,500,-1.0342429,0.6815945,3.3834867,1.4636894,0.52206665,0.6532536,0.17767031,0.1488487,0.27815604,43690.98056530223
193,500,1.1787796,-0.17992483,3.3400035,1.468703,0.47291842,0.45819944,0.19470982,0.19911733,0.2987098,43876.19082269852
194,500,1.4558079,0.055492226,3.4791236,1.4734459,0.5100209,0.64032114,0.19782376,0.15222673,0.28244972,43606.76501376476
195,500,1.4882522,1.8958892,3.3961673,1.462012,0.5236179,0.6554482,0.1898686,0.14897001,0.27883756,43695.86857432294
196,500,0.4472121,-0.6161211,3.3803172,1.464818,0.49629334,0.6242268,0.20874326,0.15089473,0.28043962,43674.86553275916
197,500,0.06763423,-0.46302176,3.419989,1.4679801,0.5118991,0.5823467,0.18008888,0.15850644,0.28571317,43654.17319930485
198,500,-0.6524086,-0.39095336,3.3825212,1.4642954,0.52716863,0.6561165,0.20420423,0.14836185,0.27738357,43717.61068465496
199,500,-1.8923619,-0.17781314,3.3927584,1.4627275,0.5110102,0.6472841,0.17569542,0.15276028,0.28042424,43679.777694753815
200,500,0.11273794,0.6572677,3.3655381,1.4635892,0.51739234,0.59071285,0.18487844,0.16532674,0.29101694,43730.66486105649
201,500,1.0400863,0.16464381,3.3786278,1.463514,0.51793283,0.6454468,0.1942656,0.14855027,0.2784148,43696.84094540364
202,500,-1.2266216,0.96744615,3.446744,1.4640652,0.5171077,0.6385888,0.18714242,0.15166454,0.28160036,43645.67003648041
203,500,1.7612661,0.7540957,3.3731997,1.4602168,0.5228903,0.6195156,0.19426155,0.15765943,0.2887993,43720.23577509867
204,500,1.3086687,-0.025798557,3.440034,1.4606928,0.52970624,0.66379625,0.17419234,0.14855254,0.28020918,43663.90778500998
205,500,0.1833392,1.670943,3.415252,1.459398,0.5214076,0.65521204,0.22012371,0.149516,0.2796445,43707.574649941125
206,500,0.23482153,2.1321535,3.368036,1.4649832,0.48051253,0.529127,0.17763944,0.18486094,0.2929385,43762.14522263392
207,500,1.001331,0.5972125,3.3654249,1.4615802,0.52020687,0.59829605,0.19017977,0.16323441,0.29140663,43732.37180882706
208,500,2.3207998,0.11709087,3.4253693,1.4588127,0.52046514,0.6556606,0.23379403,0.14963943,0.2801683,43710.28825528271
209,500,0.7726948,-1.6615983,3.4065402,1.4640431,0.5018914,0.6337272,0.17759229,0.16025136,0.28332984,43678.06054397871
210,500,1.8666831,0.75746834,3.4803143,1.4863561,0.5063045,0.6703342,0.177948,0.14685994,0.27092987,43588.003659375325
211,500,2.4972005,-2.2453218,3.3789854,1.4632748,0.52814674,0.6525664,0.17900832,0.14925134,0.27960017,43701.37111278895
212,500,-1.8300285,-0.6958351,3.3911905,1.465447,0.49863172,0.5546758,0.17435282,0.16195689,0.2882827,43670.64543313637
213,500,1.2697648,-0.7098542,3.4497197,1.4616139,0.52972925,0.6605818,0.1746605,0.15153144,0.2858436,43654.52374053685
214,500,0.44386324,0.33367434,3.4033446,1.462209,0.46803758,0.6093154,0.18456936,0.16840114,0.28525442,43668.041124991374
215,500,0.69913614,-0.2987596,3.4419458,1.4650002,0.518585,0.636928,0.17644104,0.16131674,0.28827876,43666.84238432103
216,500,0.9494208,0.08755124,3.4575415,1.4637214,0.5211875,0.6684774,0.17429525,0.14728965,0.27512595,43646.31222182545
217,500,0.6071117,-1.0481704,3.3844311,1.4730088,0.5255329,0.6526997,0.18567786,0.14948505,0.27972144,43682.66745247562
218,500,0.045165855,1.8593464,3.3724923,1.4582007,0.51878357,0.5986471,0.20770636,0.16315548,0.29172546,43743.73791829346
219,500,0.3191184,0.30726478,3.3945959,1.4638546,0.47232687,0.62256026,0.18371534,0.15948927,0.28310353,43646.256953526565
220,500,-0.5327028,1.0907497,3.4194982,1.4932308,0.5137947,0.6372305,0.24009274,0.15485781,0.28611785,43650.56186090097
221,500,0.9000542,1.8022423,3.3742442,1.463073,0.48857284,0.58391416,0.1751534,0.1685694,0.28836995,43698.937249892835
222,500,-0.7537045,0.13768983,3.4215865,1.4655733,0.5058776,0.62904525,0.17743,0.16403523,0.28537598,43679.746856133956
223,500,-1.0707526,1.0544517,3.417031,1.465442,0.497332,0.6231451,0.17873949,0.16692859,0.2853669,43683.72614502967
224,500,2.6205738,-0.7474732,3.455011,1.4606087,0.5242239,0.66733426,0.17413062,0.14754477,0.2771682,43652.40721357372
225,500,0.08753147,0.93874687,3.3949451,1.4649236,0.5090977,0.57352364,0.17549391,0.15791173,0.2869398,43666.8126795879
226,500,-0.955945,-0.34598178,3.379979,1.464245,0.5063959,0.6362556,0.19940385,0.14977433,0.27935034,43683.522714649946
227,500,-1.7423562,-1.3032428,3.3726704,1.4630609,0.5274869,0.64984137,0.22178829,0.1480165,0.27779537,43735.57310259377
228,500,0.5541276,-0.6701259,3.4269555,1.4595218,0.517044,0.65893793,0.23918365,0.14926381,0.28022018,43707.42554535553
229,500,0.23958276,-0.36980116,3.400944,1.4911497,0.5202299,0.64058524,0.22570226,0.15387693,0.28456903,43665.068337198696
230,500,0.9541896,0.54414475,3.4459765,1.4697784,0.50795144,0.6055238,0.18776175,0.1567389,0.28543895,43627.02324910221
231,500,-2.28862,0.25148442,3.400029,1.4624369,0.4579148,0.58165705,0.20317836,0.1641329,0.28456298,43649.31273820647
232,500,-0.24201983,1.5182612,3.4088385,1.4642167,0.491255,0.62605137,0.1791572,0.16438143,0.2843784,43676.329364076446
233,500,-0.6963267,-0.2903971,3.4280677,1.4583137,0.5176198,0.65170586,0.23639607,0.15074511,0.2826676,43704.68212366389
234,500,1.1266359,-1.0799315,3.3711097,1.4636132,0.47616717,0.53616554,0.17621687,0.18225554,0.29208755,43742.94628692419
235,500,0.9853175,0.7669197,3.4651697,1.4932551,0.5236984,0.6578871,0.18458088,0.14962606,0.2772794,43601.44741681203
236,500,0.038630553,-1.6567152,3.4435434,1.4651351,0.51636684,0.6328935,0.17677146,0.16366613,0.2887774,43670.43562373248
237,500,-1.6845173,0.8065638,3.4067264,1.4635077,0.5195031,0.6606603,0.23184411,0.14890699,0.2795777,43712.372803676946
238,500,-1.3003469,-0.8038504,3.3546066,1.4636526,0.50770295,0.5289691,0.19705892,0.18203956,0.29593217,43811.13320669056
239,500,-0.76414394,-1.4377915,3.4001887,1.4637115,0.46199375,0.6001583,0.18878111,0.16807953,0.2854412,43658.509318942975
240,500,0.8591042,-0.8096266,3.3458948,1.4607676,0.5040333,0.50094897,0.2133162,0.18930547,0.29788935,43875.65602715361
241,500,-0.9196507,2.6429358,3.466999,1.4925907,0.52249485,0.6621642,0.18147962,0.14849347,0.27469075,43601.72002420795
242,500,0.1950697,-1.7815628,3.417879,1.4637501,0.5301491,0.65427816,0.17854245,0.14916553,0.27920622,43677.56887318008
243,500,-0.782367,0.6251187,3.3911922,1.4623914,0.52454585,0.6560464,0.18272439,0.1487549,0.27815223,43695.57355522014
244,500,0.25233144,-0.390798,3.3972406,1.4610603,0.5295241,0.6581152,0.17403236,0.14872956,0.27880293,43692.92816759869
245,500,0.86900634,0.18418126,3.3877785,1.4648448,0.49711034,0.5662184,0.1734858,0.16146827,0.28778142,43668.261398420174
246,500,-1.3751845,0.50099224,3.4120474,1.4663676,0.50652075,0.54281,0.17801207,0.16279194,0.28902668,43672.13835972778
247,500,-0.34624946,-0.7946363,3.3536303,1.4638662,0.50613767,0.52398235,0.1964904,0.18345308,0.29608157,43817.14687256351
248,500,0.67057043,-0.7075057,3.3638082,1.4618086,0.5293179,0.64225554,0.2393957,0.14746982,0.27828872,43754.351969331416
249,500,-1.8242567,0.30360392,3.3714898,1.4613943,0.5240228,0.62470734,0.18758196,0.15635782,0.28790843,43713.3607125393
250,500,0.3675449,0.19031155,3.3913088,1.4633725,0.52367604,0.6574062,0.18879142,0.14874873,0.27820987,43697.46751990708
251,500,-0.80871755,-1.104124,3.4203825,1.4610834,0.5297916,0.6604752,0.17413872,0.14911096,0.28083253,43675.43845543249
252,500,0.11255753,-0.65554506,3.3710265,1.4609978,0.5229915,0.62059283,0.18988025,0.15743008,0.28867906,43716.710464232776
253,500,-1.1731234,1.9436212,3.3897998,1.4643185,0.47521514,0.52093613,0.17251077,0.1721718,0.29077986,43688.45485189253
254,500,-0.94444627,-0.4100497,3.3709538,1.4644006,0.49388814,0.5714828,0.17669445,0.17303962,0.28993678,43723.9003387448
255,500,1.4315678,1.4622141,3.4473965,1.464294,0.5177564,0.6391696,0.18722546,0.1515126,0.2814814,43645.58430737982
256,500,-0.9571581,1.0139722,3.3921294,1.4662575,0.45819235,0.47049665,0.17146866,0.18896756,0.29492036,43749.96736464619
257,500,-0.22260568,-0.9130792,3.37467,1.4637018,0.52010024,0.62990874,0.175404,0.15574442,0.28377694,43701.45553268609
258,500,1.3151376,-0.32345748,3.4006944,1.464332,0.5140364,0.5790948,0.17642091,0.15733889,0.28662074,43668.97729214307
259,500,-0.41227177,-0.4034592,3.4056811,1.4610155,0.5295616,0.6590428,0.17406072,0.14874665,0.2791813,43686.92593713355
260,500,0.19321355,1.2973421,3.4244382,1.4611558,0.513477,0.66119605,0.24168889,0.14958744,0.28038967,43705.67455584277
261,500,-1.5504293,0.41731882,3.3994513,1.4673467,0.53462386,0.65684235,0.17549963,0.14867488,0.27837738,43688.25300528894
262,500,1.4229835,0.39608657,3.3913136,1.4833004,0.5234839,0.6474712,0.2039995,0.15125169,0.28199923,43670.782971928915
263,500,0.83135104,0.48797268,3.3821442,1.4653041,0.46034202,0.49690962,0.17230958,0.1846352,0.2933517,43730.49104545542
264,500,-1.0148259,-0.6023319,3.3773952,1.4629463,0.5320586,0.6523101,0.17435183,0.14958283,0.27933806,43706.69829572035
265,500,-1.8430696,-0.477974,3.3840075,1.4628139,0.5194373,0.6233601,0.1740976,0.1525463,0.28273982,43681.72378884488
266,500,-0.49803245,1.929532,3.4936619,1.4646503,0.49647447,0.6099477,0.22031873,0.15719256,0.28463113,43616.79737977582
267,500,0.20508662,1.1615338,3.4296646,1.4633541,0.5275741,0.65317476,0.17499128,0.15250659,0.28446782,43665.82859070172
268,500,-2.5827966,-1.1539503,3.4747648,1.4838793,0.5092784,0.6688771,0.17725281,0.14704722,0.27189133,43596.18648609931
269,500,-1.6138978,-0.21274029,3.3718147,1.462641,0.5262484,0.62884104,0.18160056,0.15516768,0.2864793,43708.56225706748
270,500,0.70411104,-1.4956795,3.420151,1.4609447,0.51986027,0.6575019,0.22958522,0.14917317,0.2797907,43705.73531106361
271,500,0.7750233,0.43283764,3.3946147,1.4623259,0.52363676,0.65544814,0.18778029,0.14895748,0.2787665,43694.98142406224
272,500,0.59936935,-0.2563169,3.3884482,1.4632766,0.49463338,0.64310396,0.17914686,0.15164158,0.27995026,43657.92434772395
273,500,1.1394007,-1.2348258,3.4098828,1.4620006,0.53203595,0.6534959,0.17804891,0.14906,0.2789616,43688.03151209408
274,500,-0.9301565,-0.17858909,3.388409,1.4648755,0.46158826,0.48879778,0.17187756,0.18331894,0.29337457,43727.634474049955
275,500,0.29673317,0.82998616,3.4023046,1.4614651,0.52328813,0.6561933,0.19885969,0.14895163,0.2785567,43699.83419013688
276,500,0.41409135,-0.50723445,3.4418504,1.4621019,0.52429354,0.6652043,0.17417495,0.1477411,0.27649403,43659.825169365555
277,500,-0.24133779,-0.87819034,3.3824234,1.4625208,0.4989463,0.6068225,0.17323147,0.15647851,0.28457284,43664.85496537989
278,500,-0.011145612,0.0114989,3.3770008,1.4631085,0.53179157,0.65126795,0.17559381,0.14964622,0.28023472,43704.85402116196
279,500,0.2982382,1.3263859,3.3958433,1.4622948,0.52334934,0.6552711,0.18955772,0.149034,0.27893734,43694.96876775859
280,500,2.1495745,-0.090243846,3.418826,1.4609818,0.51991624,0.65760994,0.22797251,0.1491368,0.2797159,43705.47591155207
281,500,-0.6006576,1.5522432,3.415079,1.4653621,0.5027458,0.62872493,0.17783701,0.16372174,0.28463367,43681.30851635874
282,500,0.8020517,-1.846532,3.4135711,1.4648409,0.50974834,0.63580054,0.17671709,0.15980795,0.28386635,43678.79261601683
283,500,-1.0405992,-0.31560314,3.410503,1.4963448,0.51646435,0.6277129,0.24256314,0.15859884,0.2878273,43665.31009186144
284,500,-0.8056265,-1.1183119,3.3702455,1.4632549,0.5112022,0.6306921,0.22294892,0.14816101,0.27907598,43708.77044319278
285,500,1.4849256,-2.12389,3.3922212,1.4789572,0.52325785,0.6513966,0.19553815,0.1501699,0.2805206,43671.757110015846
286,500,1.5848205,0.6479678,3.3713229,1.4645092,0.5124242,0.6048362,0.17701027,0.1628944,0.28728664,43711.12669872088
287,500,-0.7781835,1.7367749,3.4707797,1.4949949,0.5243046,0.6612439,0.18452376,0.14916739,0.2760631,43599.03875966356
288,500,-1.68823,-0.112465985,3.36733,1.465338,0.48427385,0.5289476,0.17842625,0.18486193,0.29309332,43767.85288808706
289,500,1.4015235,0.15843384,3.3650336,1.4607425,0.5189379,0.5956758,0.19481117,0.16402833,0.29209447,43737.76398251163
290,500,0.17742614,-0.40178093,3.3713753,1.4637101,0.46914342,0.52089447,0.17575127,0.18535471,0.29289997,43749.64034703389
291,500,-0.25595766,-0.3480464,3.3597455,1.4670427,0.48628023,0.5033256,0.1823875,0.1908728,0.29517096,43811.22396589388
292,500,1.3925184,1.0375856,3.401933,1.4633393,0.5287193,0.6484407,0.17735486,0.1498456,0.28007743,43684.92864171404
293,500,1.5199949,1.7195894,3.4175398,1.4604378,0.5168404,0.6594231,0.23135448,0.14924349,0.27959782,43707.52992263403
294,500,0.3557035,-0.47728628,3.4873657,1.4948133,0.5111641,0.64673996,0.2014247,0.15103172,0.28107303,43571.3069424499
295,500,0.68981814,1.3018463,3.3727775,1.4644446,0.45898855,0.48676932,0.17465086,0.19180249,0.2948115,43774.04549739387
296,500,0.22246316,-0.08837552,3.4066422,1.4639934,0.52668107,0.6452522,0.17816916,0.15035003,0.28061205,43678.2063359204
297,500,-0.7967753,1.5480669,3.3681126,1.4625815,0.5221466,0.60887784,0.18583974,0.16034469,0.28974712,43720.01713270261
298,500,1.342622,-0.7399359,3.4052553,1.4621844,0.5294305,0.6517679,0.17771839,0.14944118,0.27942014,43687.0677792679
299,500,-0.3751471,-1.2261962,3.4570348,1.4899994,0.5252828,0.66104096,0.18011022,0.1486215,0.27552822,43612.82032393008
300,500,-1.446421,-0.4523503,3.4303412,1.4669752,0.4992705,0.6169964,0.17889796,0.17120843,0.28719538,43686.7143196508
301,500,0.66596717,-2.5345545,3.3803945,1.4651957,0.52649236,0.6538659,0.17926338,0.1490461,0.27915102,43695.77529845202
302,500,-0.03926799,-0.9489328,3.4506588,1.4626193,0.521765,0.64473784,0.18735756,0.15065965,0.28035998,43652.98947574398
303,500,-0.81527567,1.801214,3.3843637,1.4636143,0.5088439,0.64432144,0.18478376,0.149899,0.27919334,43677.391887124824
304,500,-0.3650552,-1.7913276,3.4269242,1.4574808,0.5193738,0.6542202,0.23548976,0.15012816,0.28087017,43711.28202126453
305,500,-0.18505368,-0.8076485,3.420644,1.4676408,0.5160269,0.6075052,0.18071312,0.15525249,0.28416926,43651.804246985725
306,500,-1.1888592,-0.5068163,3.370417,1.46402,0.5147954,0.6048099,0.17804343,0.16272193,0.2877558,43714.75905533102
307,500,0.1839255,-0.38548976,3.3739467,1.4636664,0.46622622,0.5207374,0.17454341,0.1833148,0.2924648,43734.6837286137
308,500,0.15647626,-0.21634398,3.3771446,1.464321,0.52761155,0.6531585,0.22210068,0.14828856,0.27703527,43734.81749481331
309,500,-1.0455246,-1.084856,3.4309382,1.4635782,0.52503157,0.6467038,0.18246622,0.15017375,0.28017688,43664.249799985366
310,500,0.08658318,1.419255,3.4438775,1.4798741,0.51081926,0.63548636,0.24834067,0.15594292,0.28866076,43657.96471803178
311,500,0.947252,-0.15501009,3.401909,1.4647433,0.5222625,0.62117773,0.1769517,0.15310192,0.2826115,43673.543617914926
312,500,-1.1476109,-0.35811406,3.3891091,1.4643643,0.5256151,0.65897757,0.2236531,0.14806248,0.27783895,43724.264037372
313,500,0.8689635,0.27687192,3.3773074,1.4641827,0.5041841,0.62992287,0.20952989,0.14971848,0.27952096,43687.89842773658
314,500,0.27451634,-0.8909151,3.3808076,1.4632435,0.5257322,0.6526257,0.18532127,0.14844695,0.2780422,43702.21802573836
315,500,-0.222477,-0.8589199,3.402524,1.4919506,0.519756,0.6394831,0.22838813,0.15429075,0.28492773,43664.51865626147
316,500,-0.099008314,-1.0506538,3.3768158,1.4665616,0.45765397,0.48465276,0.1734957,0.19095553,0.29472002,43760.994143840806
317,500,-0.42231482,0.10471403,3.388762,1.4642779,0.52556634,0.6586611,0.21778257,0.14814952,0.27783793,43720.41102095376
318,500,1.0217906,-0.55254066,3.4042192,1.4624511,0.52499187,0.6512909,0.17466265,0.15158215,0.2815656,43683.179083934934
319,500,-1.7232282,1.7975394,3.4071608,1.4631734,0.52119315,0.6474111,0.17511828,0.15360644,0.2823633,43680.69873399897
320,500,-0.87916064,-0.2311016,3.437562,1.4622397,0.52910924,0.65732247,0.17482083,0.15162778,0.28475404,43661.900301395886
321,500,-0.8963697,-1.962732,3.448603,1.4870578,0.52563643,0.65626657,0.18181035,0.14939009,0.27821815,43618.56567748168
322,500,-0.8358561,-0.9420936,3.3753672,1.4635458,0.47372165,0.5532398,0.17422959,0.17432876,0.29017273,43699.85338753333
323,500,-0.7891022,0.0012484558,3.4374592,1.461582,0.52944887,0.6593741,0.17451422,0.15085055,0.2842102,43662.205036314874
324,500,-1.0326431,-0.43674833,3.403284,1.4646127,0.45525,0.5729337,0.20097442,0.17125015,0.2863953,43663.21701525944
325,500,-1.3597807,-0.041400813,3.3860908,1.4627162,0.53454095,0.65724814,0.17402017,0.14859912,0.2779444,43705.19199822773
326,500,0.5969065,-0.9872867,3.448525,1.4647844,0.5261494,0.6487781,0.17580506,0.15634108,0.28777122,43656.75766207621
327,500,0.46616644,-0.37024245,3.4694934,1.4926322,0.5197521,0.6542982,0.18789966,0.14989294,0.27882725,43592.2978443897
328,500,0.30833125,-1.3780835,3.3965645,1.466219,0.46238437,0.47059587,0.17178549,0.187137,0.29469973,43745.907521007015
329,500,-1.4465348,0.800298,3.363348,1.4554328,0.5098102,0.543754,0.2249521,0.17835872,0.296286,43822.60081832715
330,500,0.93612915,0.6783801,3.4573452,1.4681168,0.50519764,0.61551756,0.19166015,0.1564402,0.28518614,43622.946777426325
331,500,-2.994613,0.8809376,3.396485,1.4638805,0.5229613,0.62094635,0.17602442,0.15283439,0.2829206,43677.215393533355
332,500,-0.71994054,-0.8935744,3.3964534,1.4648163,0.5228048,0.6601578,0.2280599,0.14832944,0.27848947,43718.26744419956
333,500,0.54012305,2.290467,3.3981025,1.4613268,0.5292955,0.65864944,0.17407228,0.14850184,0.27772483,43693.58923970752
334,500,0.966768,0.5080679,3.464579,1.4878197,0.5219874,0.6523067,0.1877992,0.14975059,0.27967685,43602.251773987155
335,500,-0.40123472,-0.8000825,3.4123132,1.4619507,0.5313372,0.6542906,0.17806438,0.14904231,0.2790634,43685.583819800384
336,500,-0.89546657,0.3869025,3.3957531,1.4629743,0.5055016,0.6433051,0.17641708,0.15474577,0.2812609,43675.78548613517
337,500,-0.3559515,2.5402317,3.3617966,1.4666936,0.48331624,0.50371397,0.18107903,0.19091907,0.29500252,43805.10875805104
338,500,-0.8517292,1.8227236,3.4243007,1.465189,0.51149476,0.63360536,0.1766396,0.16193326,0.2857824,43676.7443592411
339,500,0.67746216,0.05182039,3.3912768,1.4644934,0.5075441,0.57948494,0.17480418,0.15748027,0.28645617,43666.40307139344
340,500,-0.596314,-0.052567296,3.4444265,1.4873422,0.528832,0.65920335,0.17956965,0.14899006,0.2770638,43625.98019732596
341,500,1.221385,-0.19284183,3.3866994,1.4644003,0.5043338,0.5860188,0.17383042,0.15811242,0.28624636,43667.61923735194
342,500,-0.6522936,-0.52118933,3.4802856,1.4967521,0.5171673,0.6568721,0.19084077,0.1503641,0.27741966,43584.769350652445
343,500,-0.04932407,0.2390336,3.4186473,1.46559,0.52144736,0.6362933,0.18048581,0.151778,0.28196615,43661.61228158852
344,500,-2.0042157,0.37687653,3.394013,1.4778365,0.52228177,0.6517967,0.19594485,0.1499508,0.28039396,43671.075108621706
345,500,-0.56643987,-0.30769128,3.4599054,1.4615624,0.5308046,0.664974,0.17453332,0.1507199,0.2860243,43647.7865666185
346,500,-1.6326345,-1.5677677,3.434434,1.4703492,0.50731367,0.56988585,0.18375151,0.16078855,0.28681263,43642.96150428155
347,500,-0.97117066,1.4263169,3.4344614,1.4730443,0.52862114,0.65369695,0.18093973,0.14937496,0.2794963,43650.13368455278
348,500,0.87672675,-1.8269113,3.3836088,1.4663587,0.52597326,0.6562754,0.17738959,0.14853647,0.27806094,43690.992156467895
349,500,0.28427967,1.7426687,3.4133945,1.4613465,0.52158165,0.6568428,0.21827832,0.14905572,0.27913052,43704.164914266585
350,500,0.45730963,0.9623417,3.4400146,1.4823837,0.5274652,0.65539694,0.18083724,0.14922178,0.27865568,43631.268322670425
351,500,0.45248908,0.097896144,3.4256616,1.4661565,0.5030514,0.62404346,0.17803003,0.16703783,0.2861954,43682.11291103693
352,500,-0.8137945,-1.4491177,3.489492,1.464761,0.5014977,0.61509305,0.21323586,0.15595332,0.28356105,43619.59312962133
353,500,0.010349315,0.72003376,3.3751144,1.4635525,0.5243666,0.6368819,0.17532456,0.15369663,0.28270203,43702.52237857957
354,500,-1.2527953,0.7774904,3.4213037,1.4603741,0.51864284,0.6583155,0.23245439,0.14914735,0.27984658,43706.71841824746
355,500,-0.53527015,0.025405208,3.3875027,1.4640601,0.47662666,0.53493315,0.17256278,0.16959445,0.28988186,43678.02014667263
356,500,-0.21694957,0.44539326,3.3780732,1.463347,0.51725936,0.6328362,0.20215406,0.15417303,0.28511468,43706.350735679414
357,500,0.09772497,0.5829537,3.438221,1.4595006,0.51649755,0.65809554,0.24540718,0.14962341,0.28118765,43702.874194877106
358,500,-0.5324899,0.6450553,3.4480054,1.4631917,0.52250797,0.643986,0.18669096,0.15068462,0.28040606,43653.91237142394
359,500,-0.49610233,-0.074804984,3.4305673,1.4605813,0.5114474,0.6619857,0.24551569,0.14978059,0.2808637,43703.0506979822
360,500,-0.4304619,1.1493794,3.4285288,1.462923,0.5226666,0.64507914,0.1822469,0.15059046,0.28056672,43664.01753662297
361,500,1.1483506,-0.9108504,3.4321713,1.4630594,0.52109444,0.6433829,0.1831551,0.15092811,0.28085726,43660.02914089784
362,500,-0.029856121,-0.11817078,3.4233804,1.4686599,0.5092302,0.57022387,0.18072379,0.16026154,0.28651947,43653.59168444403
363,500,0.2711702,-0.80149686,3.4211028,1.4656935,0.48961943,0.61310625,0.18032473,0.17217177,0.28650677,43688.65848567331
364,500,-1.0002153,-1.5447711,3.3707995,1.462164,0.5279406,0.64594585,0.22293457,0.14782064,0.27828524,43736.680987365646
365,500,-0.86026245,0.32830128,3.3919287,1.4629643,0.5218128,0.61328924,0.17536844,0.1532646,0.28382662,43678.27275083021
366,500,0.4178537,-0.040018726,3.3833752,1.4639468,0.51236796,0.6459391,0.18449421,0.14954048,0.27895,43681.431809055415
367,500,-0.43918952,0.18133843,3.395233,1.4633704,0.47209373,0.6214206,0.18355076,0.1603495,0.28335658,43649.076910170654
368,500,0.45615304,-0.35757902,3.3820097,1.469573,0.5220725,0.64875567,0.18876277,0.15034983,0.28097194,43687.3098241461
369,500,-0.5226194,1.0429776,3.3856945,1.4632264,0.5039324,0.6425275,0.18448915,0.15037552,0.2793624,43671.63471799524
370,500,1.2248706,0.064856105,3.4749458,1.4632791,0.5121903,0.63444996,0.19861811,0.1525757,0.28190958,43631.41287947764
371,500,-0.66772026,0.3269626,3.4205284,1.4623144,0.5297162,0.6513306,0.17995347,0.14942597,0.27932072,43678.43757277924
372,500,-0.02852887,-0.32473028,3.3812532,1.4624436,0.49008697,0.5983446,0.17310847,0.15903622,0.28563052,43661.26309404073
373,500,-0.27682298,1.1239053,3.4154048,1.46398,0.5240618,0.6441337,0.17974642,0.15074924,0.2810302,43670.18083559214
374,500,0.7231005,0.024612125,3.3907018,1.4641088,0.5241214,0.658113,0.19979471,0.14853726,0.2781165,43704.86662953008
375,500,-0.7290447,0.1965574,3.4706848,1.4720076,0.5129672,0.6703743,0.17515782,0.147012,0.2723702,43620.96265427871
376,500,-0.78262913,-0.1103893,3.4074907,1.4864776,0.5181714,0.64552456,0.22254431,0.1519154,0.28325564,43660.3945336214
377,500,-0.10321885,0.41059852,3.4644356,1.4604318,0.5229245,0.6694667,0.17415045,0.14729977,0.27701646,43645.23112335066
378,500,-2.7773592,1.151734,3.3964074,1.464183,0.46726406,0.61465013,0.18613327,0.16197693,0.28385806,43646.16884936155
379,500,-0.790523,-0.9073001,3.3903246,1.4631803,0.52119446,0.6136327,0.17512271,0.15321672,0.28374034,43678.07699399235
380,500,0.38432342,1.0097119,3.4003563,1.4641604,0.46114522,0.5980092,0.18957081,0.16853702,0.28555936,43658.25415853011
381,500,-0.96808213,0.4770681,3.4381175,1.4916277,0.51154983,0.63186806,0.24806169,0.15663582,0.28874356,43643.426856387385
382,500,-0.045113303,0.079121724,3.4043121,1.4638169,0.4989928,0.6340939,0.17781232,0.15987949,0.28313303,43675.39458998741
383,500,1.3554426,-0.39814812,3.3949933,1.4624109,0.52349097,0.65533435,0.18837841,0.1490043,0.27884886,43694.77511237467
384,500,-0.3848798,0.09435159,3.448813,1.4860948,0.5253597,0.6608291,0.17831743,0.14844304,0.27567607,43621.904616550455
385,500,-0.39791209,0.7825789,3.4404192,1.4848896,0.5284586,0.65973127,0.17818639,0.14869757,0.2764308,43631.72072672739
386,500,-1.6018361,-0.8871809,3.4315147,1.4964125,0.5095103,0.6280414,0.2472215,0.15811364,0.28861773,43641.37523855894
387,500,0.7666632,0.3562928,3.4768176,1.4796797,0.51433694,0.64364994,0.1955806,0.15148377,0.28212816,43600.88999449132
388,500,0.5785215,0.34965447,3.400171,1.4697962,0.52226394,0.65212697,0.20177868,0.14989632,0.2807157,43684.40490876404
389,500,1.0289356,-0.07228701,3.3751645,1.4639394,0.4700153,0.5394282,0.1742085,0.17778578,0.29111254,43710.30310885963
390,500,0.3595044,-0.14456682,3.4042969,1.4640636,0.5264227,0.64253724,0.17776337,0.15051667,0.28075874,43678.46653514153
391,500,0.2509981,1.054758,3.4823308,1.4676166,0.49877027,0.60837376,0.20665804,0.15694602,0.28514087,43609.10164649343
392,500,0.5232767,-0.17154633,3.3787775,1.4642615,0.5274508,0.6539455,0.21465735,0.14834097,0.27714443,43728.16913234516
393,500,1.7746586,-0.3931532,3.3839576,1.4617537,0.5335029,0.6508908,0.17453453,0.14910172,0.2790888,43704.33414498494
394,500,-1.4465779,-1.5826856,3.3929381,1.4642655,0.5236193,0.65856045,0.2061957,0.14857356,0.27832955,43706.994741054405
395,500,-0.31088617,0.097400166,3.4052072,1.4625823,0.5191389,0.65897715,0.21504763,0.1491183,0.2790609,43703.32596446153
396,500,0.15650654,0.23218104,3.3733487,1.4634854,0.49748793,0.5930009,0.17565873,0.16660964,0.28787532,43704.269366536784
397,500,-1.424061,-0.49331987,3.3963258,1.4623135,0.4882464,0.63483804,0.178847,0.15783903,0.28226185,43664.00942253151
398,500,-1.1335928,0.99675965,3.3812845,1.4637185,0.5179585,0.64771,0.18646397,0.14891738,0.27846503,43691.10122483192
399,500,0.9605572,0.22584048,3.426533,1.4690328,0.49359068,0.48600772,0.18038467,0.17452867,0.29291534,43709.28580343492
400,500,0.82455724,0.53117836,3.366352,1.4646933,0.45646814,0.4667026,0.17703478,0.1974734,0.29688683,43811.78277875842
401,500,0.21950956,0.39306292,3.4520676,1.4665238,0.508574,0.6256829,0.18939261,0.15468767,0.28385305,43631.08001674792
402,500,0.95008844,-0.1513572,3.4337986,1.4659245,0.51614946,0.63217914,0.18395108,0.1529083,0.28293687,43647.33690024158
403,500,-0.44816536,-0.64933795,3.44361,1.459872,0.52739215,0.66484386,0.17406408,0.14795129,0.27844688,43662.2212644164
404,500,-0.015682112,0.16092817,3.3798506,1.4634973,0.48055077,0.57893085,0.1731353,0.16458622,0.28765684,43665.673914437095
405,500,-1.3479254,-0.7615734,3.3902516,1.4645109,0.506294,0.57830095,0.17447583,0.15799476,0.2865882,43667.14693549007
406,500,-1.7558906,0.45093447,3.377934,1.4620432,0.52870405,0.64749473,0.18095206,0.15051176,0.28174412,43704.76090274894
407,500,-0.7047003,0.9432607,3.3777435,1.4644752,0.47316062,0.5563042,0.17359683,0.17199814,0.28968707,43685.19258603072
408,500,0.2847906,-0.30937758,3.4010816,1.4781852,0.52093095,0.6501576,0.2074343,0.15036291,0.28141534,43671.05651424012
409,500,1.1452621,0.34649444,3.378251,1.4620264,0.52812594,0.6484506,0.1809776,0.15023147,0.28132668,43703.994331193266
410,500,-0.058586553,-0.3175431,3.3770912,1.4611155,0.51902354,0.6309097,0.20028383,0.15459977,0.28575253,43711.87397676725
411,500,-0.5028167,2.4124537,3.4640863,1.4883142,0.5219966,0.65272236,0.18742433,0.14973374,0.279495,43602.08475278846
412,500,0.9101789,0.3172182,3.3806186,1.4691063,0.5138773,0.6339331,0.20659034,0.1540348,0.28469867,43693.597160147656
413,500,0.33003512,2.2259443,3.3739057,1.4639103,0.5189534,0.62548816,0.17579104,0.15695082,0.28453535,43702.71856408509
414,500,1.6315974,0.37775916,3.3785658,1.4635229,0.52177906,0.64254224,0.19119959,0.15170236,0.2827319,43701.35727930621
415,500,-0.52867067,-0.10800384,3.4619298,1.4898632,0.52178115,0.6622732,0.17970091,0.14832175,0.2747398,43606.53365838096
416,500,0.2863437,0.60884386,3.386553,1.4641101,0.5073198,0.59247494,0.17405048,0.15692239,0.28564826,43668.88330039071
417,500,-0.83963245,-1.3682451,3.4171717,1.4637668,0.5164612,0.66315055,0.24569881,0.14899252,0.28057307,43710.67773970755
418,500,-1.808144,0.41133425,3.3816166,1.464829,0.4637322,0.5138142,0.17251067,0.18000227,0.29217455,43710.35291454439
419,500,-0.34791216,0.15634897,3.4699268,1.4643049,0.5145602,0.64111745,0.19398545,0.15164094,0.28191563,43631.21060479465
420,500,-0.8589724,-0.8989422,3.3812907,1.4637655,0.5264026,0.6547605,0.19122663,0.14854576,0.277556,43708.64189324005
421,500,1.0085973,0.52759737,3.3578649,1.4630551,0.51145345,0.5476045,0.19609714,0.17698123,0.295083,43786.60519934786
422,500,0.24664895,0.60799253,3.4128485,1.4614122,0.5210146,0.65734893,0.2186861,0.14901738,0.27929664,43703.62892748561
423,500,1.4944845,-2.069985,3.4443498,1.4635426,0.5232172,0.6656792,0.17426632,0.1476459,0.27568203,43656.327021674406
424,500,-1.1460004,0.047066096,3.3807597,1.4682132,0.51836336,0.6422024,0.19598766,0.15190442,0.2827255,43691.229292216056
425,500,0.045134015,2.339625,3.3769577,1.4600139,0.52136153,0.63150215,0.19553933,0.15431777,0.28593984,43711.97801441965
426,500,-1.0793432,-0.11422555,3.3730347,1.4634367,0.4702379,0.53237426,0.17500545,0.18131624,0.29192883,43729.85492765199
427,500,-0.9228233,-1.4513385,3.3933766,1.4621148,0.5243191,0.6560677,0.18550473,0.14881808,0.27818555,43696.52544502357
428,500,-0.20035347,-1.7140461,3.4093463,1.4646004,0.50623024,0.6346853,0.17711258,0.16013846,0.28350276,43679.80740109551
429,500,-0.64295256,0.15011522,3.39056,1.4630738,0.47646978,0.6155751,0.19782518,0.15444855,0.28129417,43647.403815845144
430,500,1.1880298,0.3169426,3.3933377,1.462321,0.4825567,0.6326295,0.18019378,0.1569935,0.2821288,43655.551510508725
431,500,0.5383296,-0.14244542,3.463785,1.4634486,0.5172693,0.6429496,0.19140291,0.15119763,0.28142524,43638.48992565269
432,500,-1.6263219,-0.13482246,3.3988001,1.4645572,0.46163586,0.6020827,0.19011715,0.16566409,0.28488177,43649.63435228627
433,500,2.2697546,-1.4543657,3.3897867,1.4625938,0.4942931,0.64226085,0.17787813,0.15327246,0.28071392,43661.76720078477
434,500,-0.024326125,-0.7380309,3.3804388,1.4687849,0.51339746,0.63274187,0.20769466,0.15435836,0.28495583,43694.94889929688
435,500,-0.36918184,-0.23937918,3.44928,1.4583818,0.51441735,0.65827334,0.2486218,0.14999257,0.282099,43696.85743961268
436,500,0.8644362,-0.742165,3.3710759,1.4644217,0.49648428,0.57501084,0.17682672,0.17199703,0.28970796,43723.13226626171
437,500,1.1172835,-1.5639046,3.3740015,1.4631951,0.47686458,0.55749327,0.17481402,0.17465183,0.2901911,43707.089260340545
438,500,0.8449956,-0.67559385,3.460238,1.4603989,0.52372795,0.66843057,0.17414145,0.14742868,0.27718765,43648.78117051317
439,500,-0.30911446,-0.23346666,3.381619,1.4621906,0.50578374,0.61982286,0.17336826,0.15430197,0.2832544,43671.58490940925
440,500,0.44702417,0.10572,3.4258595,1.4600873,0.5179664,0.65828276,0.23713376,0.14925191,0.2802103,43706.438039123874
441,500,-0.13288058,-0.29779088,3.395945,1.4619795,0.5269154,0.6542822,0.17430612,0.15001068,0.28000247,43690.05298046526
442,500,-0.017020414,0.37915173,3.3930058,1.4631023,0.46746004,0.59695715,0.20660923,0.15726444,0.28242832,43645.87302413773
443,500,-0.36469355,0.15670386,3.3845158,1.4634794,0.51726764,0.651383,0.17806421,0.14924769,0.2785427,43684.83224486385
444,500,0.16066119,-0.95264494,3.4009168,1.4619579,0.5235641,0.65654844,0.19684832,0.14884055,0.27840653,43698.80632705037
445,500,0.017515613,0.32362577,3.3911405,1.4641268,0.5240252,0.6581599,0.20038038,0.14855765,0.2781661,43704.83116309581
446,500,0.5210649,-0.57578796,3.4681733,1.4928029,0.5201652,0.6552408,0.18703163,0.14985572,0.27846506,43594.03132751313
447,500,-0.033319283,-1.5308034,3.4070597,1.4661617,0.5202893,0.6515963,0.21076345,0.1501784,0.2812817,43689.9328774171
448,500,-0.6532847,0.078514025,3.3772287,1.4631131,0.5268451,0.6520341,0.20228834,0.1482764,0.27784252,43718.479380951576
449,500,-0.26773354,-1.1280113,3.4906502,1.4743987,0.5005614,0.63049865,0.2100108,0.15457325,0.2841611,43595.78534536128
450,500,0.52389103,0.08842209,3.4687638,1.4662073,0.51486164,0.6434546,0.19267777,0.15147147,0.28171346,43628.82849396287
451,500,0.01862737,1.054325,3.3939862,1.4895835,0.5130933,0.62834275,0.23035875,0.15634653,0.28617853,43669.04149143238
452,500,0.46629006,1.7148316,3.4307778,1.4703133,0.5139378,0.6442096,0.24193242,0.15287352,0.2854074,43680.60620579837
453,500,0.08617684,2.190898,3.4243689,1.4646041,0.5206493,0.64043117,0.18157178,0.15151796,0.28170675,43660.16974743133
454,500,0.030601824,-0.069641575,3.4464633,1.4652815,0.5205113,0.6387091,0.1764785,0.16102317,0.2887703,43664.163753429704
455,500,0.2891205,0.41287082,3.3918211,1.464845,0.47187328,0.5036621,0.17235942,0.17621604,0.29197094,43704.434891583485
456,500,0.4537819,-1.8297404,3.4329088,1.4667914,0.51575756,0.6282306,0.18378134,0.15335771,0.2832675,43645.63784292225
457,500,-0.5215797,-1.1846865,3.4116368,1.4646956,0.51046723,0.6371299,0.17658603,0.15899515,0.28352392,43678.986808811045
458,500,0.1508182,-0.25547078,3.3983812,1.4642483,0.5138778,0.5792055,0.17613976,0.15722334,0.28660932,43669.97260013108
459,500,0.87583274,-0.11510747,3.3653698,1.454698,0.5097961,0.5431158,0.22763982,0.17848045,0.29630136,43825.376004645754
460,500,-0.6250274,-0.3903927,3.3783433,1.4632514,0.533025,0.65603316,0.1742352,0.1485466,0.27829018,43706.17166422236
461,500,0.28601253,0.9785673,3.3836825,1.463829,0.52618957,0.6560558,0.18238014,0.14860046,0.27763674,43700.64128030943
462,500,-2.2555642,-1.0225068,3.4099853,1.4610745,0.5190603,0.65857935,0.21862215,0.14904909,0.27907437,43704.84783731248
463,500,2.116791,-1.6108783,3.4561403,1.4617937,0.522437,0.66797465,0.17417382,0.14743191,0.27624363,43649.60152916163
464,500,-0.6743327,0.031830557,3.4470108,1.4845245,0.52590567,0.65492374,0.18226264,0.1493521,0.27876866,43622.230404451
465,500,0.29871365,0.91064566,3.3852303,1.4638078,0.50904953,0.6012731,0.1738135,0.15596756,0.28500482,43670.508364426976
466,500,-0.8958158,0.5483281,3.4121492,1.4600967,0.52117413,0.65407383,0.21519685,0.14965269,0.28045553,43702.50035165116
467,500,0.9304085,-0.17531641,3.4224067,1.4677156,0.5254677,0.6610502,0.17455061,0.14813526,0.2762407,43664.87830171211
468,500,-0.49901664,0.021351224,3.4399724,1.4604278,0.52886224,0.66410196,0.1741544,0.1481998,0.27916706,43664.471590539426
469,500,1.5877615,-0.6432576,3.4117868,1.4598758,0.52157766,0.65453595,0.21471903,0.1495854,0.2801023,43704.07743187508
470,500,0.38273242,-0.03424228,3.404299,1.4637291,0.4951097,0.6321815,0.1782528,0.16086411,0.28336242,43673.91009431955
471,500,-0.15602389,1.0490932,3.454211,1.4678164,0.52073854,0.64847165,0.18647248,0.15044132,0.28068483,43639.36415940983
472,500,-1.6064397,-1.3730536,3.3610458,1.4599771,0.5153057,0.5738433,0.20221224,0.1700992,0.29422396,43765.91898457504
473,500,-1.3342584,-1.3467175,3.4528203,1.4873455,0.5246263,0.6551645,0.18317433,0.14946267,0.27866414,43613.70990705105
474,500,0.60413677,-1.6295836,3.3814366,1.4620697,0.5206024,0.6341625,0.17364366,0.1516213,0.28160006,43687.6464437911
475,500,-1.2597873,0.028620504,3.3792267,1.4639999,0.52490395,0.6493855,0.18363483,0.1500487,0.28063217,43698.84739953652
476,500,1.2605689,-0.100393504,3.3856187,1.4774806,0.5200122,0.64493984,0.199579,0.15140018,0.28213453,43676.38156594232
477,500,0.04949498,0.4938368,3.3971057,1.4634371,0.4628497,0.60307163,0.19347315,0.16091686,0.2836048,43639.87493376831
478,500,-0.120406635,-1.479316,3.3768597,1.4636039,0.5133327,0.63897073,0.20377865,0.1486983,0.27875584,43696.88487820059
479,500,1.4219756,0.45636335,3.3816836,1.4643533,0.50596356,0.6378298,0.19472863,0.14998291,0.2795114,43679.0015712808
480,500,-1.1046166,-0.030936258,3.3765726,1.4632978,0.5219501,0.6462295,0.2000341,0.14823586,0.27836242,43707.172681384785
481,500,-0.34069234,-1.2631729,3.3673553,1.4654671,0.4967842,0.55555737,0.17859948,0.17755516,0.2915581,43748.83790470229
482,500,0.067492254,0.016338084,3.4063392,1.4642082,0.51128334,0.63982993,0.17633592,0.15726654,0.28264743,43679.965282087374
483,500,-0.98551077,-1.471835,3.3796306,1.4646689,0.5245736,0.64993674,0.18357918,0.14995258,0.28045106,43697.13597140486
484,500,-0.84832054,-0.32566947,3.3721468,1.4639359,0.46120515,0.4947198,0.1749678,0.19027573,0.29431504,43768.59539674032
485,500,-0.26800337,0.8024564,3.4078388,1.4658608,0.5154222,0.59241986,0.1776563,0.15660435,0.2852999,43663.15508949966
486,500,-0.7994224,0.2407875,3.3989813,1.4687397,0.4788639,0.48471934,0.17446677,0.17758948,0.29313862,43718.46709204314
487,500,-0.35687152,0.54565734,3.4520278,1.4651735,0.5106163,0.6305531,0.18923399,0.15365773,0.28295946,43635.4859548563
488,500,-0.5654978,0.4760314,3.3935113,1.4622121,0.4877605,0.6361866,0.17892238,0.15632494,0.28186446,43660.43817179707
489,500,0.21348006,-1.2085737,3.3881774,1.4624841,0.52519226,0.62638634,0.17492674,0.15179202,0.2824697,43685.6541030462
490,500,-0.36555108,0.9380925,3.394824,1.4635279,0.47266948,0.62248695,0.18339135,0.15985826,0.2832052,43648.25993966645
491,500,-1.3804307,-0.53591454,3.377787,1.4625132,0.5093512,0.63361275,0.17386313,0.1537122,0.2822103,43682.33588985347
492,500,-1.405963,-0.5900577,3.440951,1.4566361,0.5109119,0.661167,0.24782637,0.14973362,0.28118265,43702.829318391494
493,500,0.7539915,1.0653155,3.3760014,1.462557,0.52930033,0.64592427,0.17898712,0.15097213,0.28244472,43704.23449005823
494,500,0.91722155,-0.057042867,3.4436128,1.4565303,0.5093192,0.6621317,0.24857818,0.14990346,0.28149223,43700.303281191496
495,500,-2.6591723,0.60631955,3.4605021,1.4670969,0.50478715,0.62023294,0.19280207,0.15582246,0.2844514,43623.400046663126
496,500,0.105232134,-0.09165941,3.460736,1.4776223,0.51508415,0.6662617,0.17586415,0.14741148,0.27351925,43617.5989571495
497,500,-1.1474687,-0.43782005,3.431384,1.4674294,0.48667476,0.600487,0.18146516,0.17931807,0.28834757,43698.70888207115
498,500,-0.45380405,0.40326455,3.366519,1.4640514,0.5126494,0.5871561,0.18070638,0.16748974,0.2902047,43731.007078983
499,500,2.259309,-0.042257152,3.3816,1.4657899,0.5289972,0.6573312,0.24043769,0.14782432,0.27702087,43744.42479249435
